"Salesrep","Src_id","NumSet","NumSale","NumIssued","NumNetIssued","NumSat","GSA","NSA","NumOpps","Num1Leg","NumNoHome","NumNOPs","NumNIS","NumNOCOPPRRF","NumCCC","NumIssCTR","NumDsp1","NumDsp2","NumDsp3","NumDsp4","NumDsp5","NumDsp6","NumDsp7","NumDsp8","NumDsp9","NumDsp10","NumOther","NumOther2","Dsp1","Dsp2","Dsp3","Dsp4","Dsp5","Dsp6","Dsp7","Dsp8","Dsp9","Dsp10","FullName","SDate","EDate","Footer","CurrentDateTime","UseColor"
"(SalesRep Unknown)","Affiliates","207","0","1","1","0","0.0000","0.0000","0","0","0","0","0","0","0","0","0","0","0","0","0","0","0","0","1","0","206","207","Sale","1leg","NoHome","CCC","Reset","NIS","OPPFDN","NoRehash","No Demo","NOC","Dana Whitfield","1/1/2026","1/31/2026","1Leg=1 Leg Wife or Husband Missing;    NoHome=No-Show;    CCC=Cancel Post Issue;    Reset=Rep Reset;    NIS=Not Assigned;    OPPFDN=Full Demo No Sale;    NoRehash=No Rehash;    No Demo=No Demo;    NOC=Not covered;","8/7/2026 3:15:49 PM","True"
"(SalesRep Unknown)","Canvass","849","0","30","14","2","0.0000","0.0000","0","10","6","0","10","2","0","0","0","10","6","0","1","10","0","0","1","2","819","821","Sale","1leg","NoHome","CCC","Reset","NIS","OPPFDN","NoRehash","No Demo","NOC","Dana Whitfield","1/1/2026","1/31/2026","1Leg=1 Leg Wife or Husband Missing;    NoHome=No-Show;    CCC=Cancel Post Issue;    Reset=Rep Reset;    NIS=Not Assigned;    OPPFDN=Full Demo No Sale;    NoRehash=No Rehash;    No Demo=No Demo;    NOC=Not covered;","8/7/2026 3:15:49 PM","True"
"(SalesRep Unknown)","Canvass Sticky","9","0","0","0","0","0.0000","0.0000","0","0","0","0","0","0","0","0","0","0","0","0","0","0","0","0","0","0","9","9","Sale","1leg","NoHome","CCC","Reset","NIS","OPPFDN","NoRehash","No Demo","NOC","Dana Whitfield","1/1/2026","1/31/2026","1Leg=1 Leg Wife or Husband Missing;    NoHome=No-Show;    CCC=Cancel Post Issue;    Reset=Rep Reset;    NIS=Not Assigned;    OPPFDN=Full Demo No Sale;    NoRehash=No Rehash;    No Demo=No Demo;    NOC=Not covered;","8/7/2026 3:15:49 PM","True"
"(SalesRep Unknown)","Events 2024","1","0","0","0","0","0.0000","0.0000","0","0","0","0","0","0","0","0","0","0","0","0","0","0","0","0","0","0","1","1","Sale","1leg","NoHome","CCC","Reset","NIS","OPPFDN","NoRehash","No Demo","NOC","Dana Whitfield","1/1/2026","1/31/2026","1Leg=1 Leg Wife or Husband Missing;    NoHome=No-Show;    CCC=Cancel Post Issue;    Reset=Rep Reset;    NIS=Not Assigned;    OPPFDN=Full Demo No Sale;    NoRehash=No Rehash;    No Demo=No Demo;    NOC=Not covered;","8/7/2026 3:15:49 PM","True"
"(SalesRep Unknown)","Events 2025","1","0","0","0","0","0.0000","0.0000","0","0","0","0","0","0","0","0","0","0","0","0","0","0","0","0","0","0","1","1","Sale","1leg","NoHome","CCC","Reset","NIS","OPPFDN","NoRehash","No Demo","NOC","Dana Whitfield","1/1/2026","1/31/2026","1Leg=1 Leg Wife or Husband Missing;    NoHome=No-Show;    CCC=Cancel Post Issue;    Reset=Rep Reset;    NIS=Not Assigned;    OPPFDN=Full Demo No Sale;    NoRehash=No Rehash;    No Demo=No Demo;    NOC=Not covered;","8/7/2026 3:15:49 PM","True"
"(SalesRep Unknown)","Events 2026","21","0","1","1","0","0.0000","0.0000","0","0","0","0","1","0","0","0","0","0","0","0","0","1","0","0","0","0","20","20","Sale","1leg","NoHome","CCC","Reset","NIS","OPPFDN","NoRehash","No Demo","NOC","Dana Whitfield","1/1/2026","1/31/2026","1Leg=1 Leg Wife or Husband Missing;    NoHome=No-Show;    CCC=Cancel Post Issue;    Reset=Rep Reset;    NIS=Not Assigned;    OPPFDN=Full Demo No Sale;    NoRehash=No Rehash;    No Demo=No Demo;    NOC=Not covered;","8/7/2026 3:15:49 PM","True"
"(SalesRep Unknown)","Iheart","2","0","0","0","0","0.0000","0.0000","0","0","0","0","0","0","0","0","0","0","0","0","0","0","0","0","0","0","2","2","Sale","1leg","NoHome","CCC","Reset","NIS","OPPFDN","NoRehash","No Demo","NOC","Dana Whitfield","1/1/2026","1/31/2026","1Leg=1 Leg Wife or Husband Missing;    NoHome=No-Show;    CCC=Cancel Post Issue;    Reset=Rep Reset;    NIS=Not Assigned;    OPPFDN=Full Demo No Sale;    NoRehash=No Rehash;    No Demo=No Demo;    NOC=Not covered;","8/7/2026 3:15:49 PM","True"
"(SalesRep Unknown)","Internet","712","0","25","18","1","0.0000","0.0000","1","4","3","0","14","0","0","0","0","4","3","0","0","14","1","0","3","0","687","690","Sale","1leg","NoHome","CCC","Reset","NIS","OPPFDN","NoRehash","No Demo","NOC","Dana Whitfield","1/1/2026","1/31/2026","1Leg=1 Leg Wife or Husband Missing;    NoHome=No-Show;    CCC=Cancel Post Issue;    Reset=Rep Reset;    NIS=Not Assigned;    OPPFDN=Full Demo No Sale;    NoRehash=No Rehash;    No Demo=No Demo;    NOC=Not covered;","8/7/2026 3:15:49 PM","True"
"(SalesRep Unknown)","Job Signs","6","0","1","1","0","0.0000","0.0000","0","0","0","0","1","0","0","0","0","0","0","0","0","1","0","0","0","0","5","5","Sale","1leg","NoHome","CCC","Reset","NIS","OPPFDN","NoRehash","No Demo","NOC","Dana Whitfield","1/1/2026","1/31/2026","1Leg=1 Leg Wife or Husband Missing;    NoHome=No-Show;    CCC=Cancel Post Issue;    Reset=Rep Reset;    NIS=Not Assigned;    OPPFDN=Full Demo No Sale;    NoRehash=No Rehash;    No Demo=No Demo;    NOC=Not covered;","8/7/2026 3:15:49 PM","True"
"(SalesRep Unknown)","Magazine","6","0","1","0","0","0.0000","0.0000","0","0","1","0","0","0","0","0","0","0","1","0","0","0","0","0","0","0","5","5","Sale","1leg","NoHome","CCC","Reset","NIS","OPPFDN","NoRehash","No Demo","NOC","Dana Whitfield","1/1/2026","1/31/2026","1Leg=1 Leg Wife or Husband Missing;    NoHome=No-Show;    CCC=Cancel Post Issue;    Reset=Rep Reset;    NIS=Not Assigned;    OPPFDN=Full Demo No Sale;    NoRehash=No Rehash;    No Demo=No Demo;    NOC=Not covered;","8/7/2026 3:15:49 PM","True"
"(SalesRep Unknown)","PrevCust","2","0","0","0","0","0.0000","0.0000","0","0","0","0","0","0","0","0","0","0","0","0","0","0","0","0","0","0","2","2","Sale","1leg","NoHome","CCC","Reset","NIS","OPPFDN","NoRehash","No Demo","NOC","Dana Whitfield","1/1/2026","1/31/2026","1Leg=1 Leg Wife or Husband Missing;    NoHome=No-Show;    CCC=Cancel Post Issue;    Reset=Rep Reset;    NIS=Not Assigned;    OPPFDN=Full Demo No Sale;    NoRehash=No Rehash;    No Demo=No Demo;    NOC=Not covered;","8/7/2026 3:15:49 PM","True"
"(SalesRep Unknown)","Website","6","0","0","0","0","0.0000","0.0000","0","0","0","0","0","0","0","0","0","0","0","0","0","0","0","0","0","0","6","6","Sale","1leg","NoHome","CCC","Reset","NIS","OPPFDN","NoRehash","No Demo","NOC","Dana Whitfield","1/1/2026","1/31/2026","1Leg=1 Leg Wife or Husband Missing;    NoHome=No-Show;    CCC=Cancel Post Issue;    Reset=Rep Reset;    NIS=Not Assigned;    OPPFDN=Full Demo No Sale;    NoRehash=No Rehash;    No Demo=No Demo;    NOC=Not covered;","8/7/2026 3:15:49 PM","True"
"Alexander, Clifford","Internet","10","1","7","7","7","44137","0.0000","6","0","0","0","0","0","0","0","1","0","0","0","0","0","6","0","0","0","3","3","Sale","1leg","NoHome","CCC","Reset","NIS","OPPFDN","NoRehash","No Demo","NOC","Dana Whitfield","1/1/2026","1/31/2026","1Leg=1 Leg Wife or Husband Missing;    NoHome=No-Show;    CCC=Cancel Post Issue;    Reset=Rep Reset;    NIS=Not Assigned;    OPPFDN=Full Demo No Sale;    NoRehash=No Rehash;    No Demo=No Demo;    NOC=Not covered;","8/7/2026 3:15:49 PM","True"
"Alexander, Clifford","Magazine","1","0","1","1","1","0.0000","0.0000","1","0","0","0","0","0","0","0","0","0","0","0","0","0","1","0","0","0","0","0","Sale","1leg","NoHome","CCC","Reset","NIS","OPPFDN","NoRehash","No Demo","NOC","Dana Whitfield","1/1/2026","1/31/2026","1Leg=1 Leg Wife or Husband Missing;    NoHome=No-Show;    CCC=Cancel Post Issue;    Reset=Rep Reset;    NIS=Not Assigned;    OPPFDN=Full Demo No Sale;    NoRehash=No Rehash;    No Demo=No Demo;    NOC=Not covered;","8/7/2026 3:15:49 PM","True"
"Aljarboua, Lamyaa","Canvass","1","1","1","1","1","9835","0.0000","0","0","0","0","0","0","0","0","1","0","0","0","0","0","0","0","0","0","0","0","Sale","1leg","NoHome","CCC","Reset","NIS","OPPFDN","NoRehash","No Demo","NOC","Dana Whitfield","1/1/2026","1/31/2026","1Leg=1 Leg Wife or Husband Missing;    NoHome=No-Show;    CCC=Cancel Post Issue;    Reset=Rep Reset;    NIS=Not Assigned;    OPPFDN=Full Demo No Sale;    NoRehash=No Rehash;    No Demo=No Demo;    NOC=Not covered;","8/7/2026 3:15:49 PM","True"
"Aljarboua, Lamyaa","Internet","33","3","27","26","17","68930","68930","13","0","1","0","0","1","0","0","3","0","1","0","0","0","13","0","9","1","6","15","Sale","1leg","NoHome","CCC","Reset","NIS","OPPFDN","NoRehash","No Demo","NOC","Dana Whitfield","1/1/2026","1/31/2026","1Leg=1 Leg Wife or Husband Missing;    NoHome=No-Show;    CCC=Cancel Post Issue;    Reset=Rep Reset;    NIS=Not Assigned;    OPPFDN=Full Demo No Sale;    NoRehash=No Rehash;    No Demo=No Demo;    NOC=Not covered;","8/7/2026 3:15:49 PM","True"
"Aljarboua, Lamyaa","Website","1","1","1","1","1","25488","0.0000","0","0","0","0","0","0","0","0","1","0","0","0","0","0","0","0","0","0","0","0","Sale","1leg","NoHome","CCC","Reset","NIS","OPPFDN","NoRehash","No Demo","NOC","Dana Whitfield","1/1/2026","1/31/2026","1Leg=1 Leg Wife or Husband Missing;    NoHome=No-Show;    CCC=Cancel Post Issue;    Reset=Rep Reset;    NIS=Not Assigned;    OPPFDN=Full Demo No Sale;    NoRehash=No Rehash;    No Demo=No Demo;    NOC=Not covered;","8/7/2026 3:15:49 PM","True"
"Alvarez, Maitia","Affiliates","2","0","1","1","1","0.0000","0.0000","1","0","0","0","0","0","0","0","0","0","0","0","0","0","1","0","0","0","1","1","Sale","1leg","NoHome","CCC","Reset","NIS","OPPFDN","NoRehash","No Demo","NOC","Dana Whitfield","1/1/2026","1/31/2026","1Leg=1 Leg Wife or Husband Missing;    NoHome=No-Show;    CCC=Cancel Post Issue;    Reset=Rep Reset;    NIS=Not Assigned;    OPPFDN=Full Demo No Sale;    NoRehash=No Rehash;    No Demo=No Demo;    NOC=Not covered;","8/7/2026 3:15:49 PM","True"
"Alvarez, Maitia","Canvass","1","0","1","0","0","0.0000","0.0000","0","0","1","0","0","0","0","0","0","0","1","0","0","0","0","0","0","0","0","0","Sale","1leg","NoHome","CCC","Reset","NIS","OPPFDN","NoRehash","No Demo","NOC","Dana Whitfield","1/1/2026","1/31/2026","1Leg=1 Leg Wife or Husband Missing;    NoHome=No-Show;    CCC=Cancel Post Issue;    Reset=Rep Reset;    NIS=Not Assigned;    OPPFDN=Full Demo No Sale;    NoRehash=No Rehash;    No Demo=No Demo;    NOC=Not covered;","8/7/2026 3:15:49 PM","True"
"Alvarez, Maitia","Internet","11","0","7","6","6","0.0000","0.0000","6","1","0","0","0","0","0","0","0","1","0","0","0","0","6","0","0","0","4","4","Sale","1leg","NoHome","CCC","Reset","NIS","OPPFDN","NoRehash","No Demo","NOC","Dana Whitfield","1/1/2026","1/31/2026","1Leg=1 Leg Wife or Husband Missing;    NoHome=No-Show;    CCC=Cancel Post Issue;    Reset=Rep Reset;    NIS=Not Assigned;    OPPFDN=Full Demo No Sale;    NoRehash=No Rehash;    No Demo=No Demo;    NOC=Not covered;","8/7/2026 3:15:49 PM","True"
"Alvarez, Maitia","Magazine","1","1","1","1","1","18870","18870","0","0","0","0","0","0","0","0","1","0","0","0","0","0","0","0","0","0","0","0","Sale","1leg","NoHome","CCC","Reset","NIS","OPPFDN","NoRehash","No Demo","NOC","Dana Whitfield","1/1/2026","1/31/2026","1Leg=1 Leg Wife or Husband Missing;    NoHome=No-Show;    CCC=Cancel Post Issue;    Reset=Rep Reset;    NIS=Not Assigned;    OPPFDN=Full Demo No Sale;    NoRehash=No Rehash;    No Demo=No Demo;    NOC=Not covered;","8/7/2026 3:15:49 PM","True"
"Awad, Robbie","Affiliates","4","1","3","3","2","67758","0.0000","1","0","0","0","0","0","0","0","1","0","0","0","1","0","1","0","0","0","1","2","Sale","1leg","NoHome","CCC","Reset","NIS","OPPFDN","NoRehash","No Demo","NOC","Dana Whitfield","1/1/2026","1/31/2026","1Leg=1 Leg Wife or Husband Missing;    NoHome=No-Show;    CCC=Cancel Post Issue;    Reset=Rep Reset;    NIS=Not Assigned;    OPPFDN=Full Demo No Sale;    NoRehash=No Rehash;    No Demo=No Demo;    NOC=Not covered;","8/7/2026 3:15:49 PM","True"
"Awad, Robbie","Canvass","1","0","1","1","1","0.0000","0.0000","1","0","0","0","0","0","0","0","0","0","0","0","0","0","1","0","0","0","0","0","Sale","1leg","NoHome","CCC","Reset","NIS","OPPFDN","NoRehash","No Demo","NOC","Dana Whitfield","1/1/2026","1/31/2026","1Leg=1 Leg Wife or Husband Missing;    NoHome=No-Show;    CCC=Cancel Post Issue;    Reset=Rep Reset;    NIS=Not Assigned;    OPPFDN=Full Demo No Sale;    NoRehash=No Rehash;    No Demo=No Demo;    NOC=Not covered;","8/7/2026 3:15:49 PM","True"
"Awad, Robbie","Internet","54","13","43","40","37","654829","555241","22","2","1","0","1","0","0","0","13","2","1","0","1","1","22","2","1","0","11","15","Sale","1leg","NoHome","CCC","Reset","NIS","OPPFDN","NoRehash","No Demo","NOC","Dana Whitfield","1/1/2026","1/31/2026","1Leg=1 Leg Wife or Husband Missing;    NoHome=No-Show;    CCC=Cancel Post Issue;    Reset=Rep Reset;    NIS=Not Assigned;    OPPFDN=Full Demo No Sale;    NoRehash=No Rehash;    No Demo=No Demo;    NOC=Not covered;","8/7/2026 3:15:49 PM","True"
"Awad, Robbie","Magazine","2","1","2","2","2","8072","8072","1","0","0","0","0","0","0","0","1","0","0","0","0","0","1","0","0","0","0","0","Sale","1leg","NoHome","CCC","Reset","NIS","OPPFDN","NoRehash","No Demo","NOC","Dana Whitfield","1/1/2026","1/31/2026","1Leg=1 Leg Wife or Husband Missing;    NoHome=No-Show;    CCC=Cancel Post Issue;    Reset=Rep Reset;    NIS=Not Assigned;    OPPFDN=Full Demo No Sale;    NoRehash=No Rehash;    No Demo=No Demo;    NOC=Not covered;","8/7/2026 3:15:49 PM","True"
"Awad, Robbie","PrevCust","1","0","1","1","1","0.0000","0.0000","1","0","0","0","0","0","0","0","0","0","0","0","0","0","1","0","0","0","0","0","Sale","1leg","NoHome","CCC","Reset","NIS","OPPFDN","NoRehash","No Demo","NOC","Dana Whitfield","1/1/2026","1/31/2026","1Leg=1 Leg Wife or Husband Missing;    NoHome=No-Show;    CCC=Cancel Post Issue;    Reset=Rep Reset;    NIS=Not Assigned;    OPPFDN=Full Demo No Sale;    NoRehash=No Rehash;    No Demo=No Demo;    NOC=Not covered;","8/7/2026 3:15:49 PM","True"
"Awad, Robbie","TownShowCase","1","1","1","1","1","69872","0.0000","0","0","0","0","0","0","0","0","1","0","0","0","0","0","0","0","0","0","0","0","Sale","1leg","NoHome","CCC","Reset","NIS","OPPFDN","NoRehash","No Demo","NOC","Dana Whitfield","1/1/2026","1/31/2026","1Leg=1 Leg Wife or Husband Missing;    NoHome=No-Show;    CCC=Cancel Post Issue;    Reset=Rep Reset;    NIS=Not Assigned;    OPPFDN=Full Demo No Sale;    NoRehash=No Rehash;    No Demo=No Demo;    NOC=Not covered;","8/7/2026 3:15:49 PM","True"
"Awad, Robbie","Website","1","0","1","1","1","0.0000","0.0000","1","0","0","0","0","0","0","0","0","0","0","0","0","0","1","0","0","0","0","0","Sale","1leg","NoHome","CCC","Reset","NIS","OPPFDN","NoRehash","No Demo","NOC","Dana Whitfield","1/1/2026","1/31/2026","1Leg=1 Leg Wife or Husband Missing;    NoHome=No-Show;    CCC=Cancel Post Issue;    Reset=Rep Reset;    NIS=Not Assigned;    OPPFDN=Full Demo No Sale;    NoRehash=No Rehash;    No Demo=No Demo;    NOC=Not covered;","8/7/2026 3:15:49 PM","True"
"Baboun, Luca","Canvass","2","0","2","1","1","0.0000","0.0000","1","0","1","0","0","0","0","0","0","0","1","0","0","0","1","0","0","0","0","0","Sale","1leg","NoHome","CCC","Reset","NIS","OPPFDN","NoRehash","No Demo","NOC","Dana Whitfield","1/1/2026","1/31/2026","1Leg=1 Leg Wife or Husband Missing;    NoHome=No-Show;    CCC=Cancel Post Issue;    Reset=Rep Reset;    NIS=Not Assigned;    OPPFDN=Full Demo No Sale;    NoRehash=No Rehash;    No Demo=No Demo;    NOC=Not covered;","8/7/2026 3:15:49 PM","True"
"Baboun, Luca","Internet","13","0","7","7","6","0.0000","0.0000","5","0","0","0","1","0","0","0","0","0","0","0","0","1","5","1","0","0","6","7","Sale","1leg","NoHome","CCC","Reset","NIS","OPPFDN","NoRehash","No Demo","NOC","Dana Whitfield","1/1/2026","1/31/2026","1Leg=1 Leg Wife or Husband Missing;    NoHome=No-Show;    CCC=Cancel Post Issue;    Reset=Rep Reset;    NIS=Not Assigned;    OPPFDN=Full Demo No Sale;    NoRehash=No Rehash;    No Demo=No Demo;    NOC=Not covered;","8/7/2026 3:15:49 PM","True"
"Baboun, Luca","TownShowCase","1","0","1","1","1","0.0000","0.0000","1","0","0","0","0","0","0","0","0","0","0","0","0","0","1","0","0","0","0","0","Sale","1leg","NoHome","CCC","Reset","NIS","OPPFDN","NoRehash","No Demo","NOC","Dana Whitfield","1/1/2026","1/31/2026","1Leg=1 Leg Wife or Husband Missing;    NoHome=No-Show;    CCC=Cancel Post Issue;    Reset=Rep Reset;    NIS=Not Assigned;    OPPFDN=Full Demo No Sale;    NoRehash=No Rehash;    No Demo=No Demo;    NOC=Not covered;","8/7/2026 3:15:49 PM","True"
"Baboun, Mathias","Internet","14","0","10","9","7","0.0000","0.0000","7","1","0","0","1","0","0","0","0","1","0","0","0","1","7","0","1","0","4","5","Sale","1leg","NoHome","CCC","Reset","NIS","OPPFDN","NoRehash","No Demo","NOC","Dana Whitfield","1/1/2026","1/31/2026","1Leg=1 Leg Wife or Husband Missing;    NoHome=No-Show;    CCC=Cancel Post Issue;    Reset=Rep Reset;    NIS=Not Assigned;    OPPFDN=Full Demo No Sale;    NoRehash=No Rehash;    No Demo=No Demo;    NOC=Not covered;","8/7/2026 3:15:49 PM","True"
"Baboun, Mathias","Magazine","2","0","1","1","1","0.0000","0.0000","1","0","0","0","0","0","0","0","0","0","0","0","0","0","1","0","0","0","1","1","Sale","1leg","NoHome","CCC","Reset","NIS","OPPFDN","NoRehash","No Demo","NOC","Dana Whitfield","1/1/2026","1/31/2026","1Leg=1 Leg Wife or Husband Missing;    NoHome=No-Show;    CCC=Cancel Post Issue;    Reset=Rep Reset;    NIS=Not Assigned;    OPPFDN=Full Demo No Sale;    NoRehash=No Rehash;    No Demo=No Demo;    NOC=Not covered;","8/7/2026 3:15:49 PM","True"
"Baboun, Mathias","PrevCust","1","1","1","1","1","15000","15000","0","0","0","0","0","0","0","0","1","0","0","0","0","0","0","0","0","0","0","0","Sale","1leg","NoHome","CCC","Reset","NIS","OPPFDN","NoRehash","No Demo","NOC","Dana Whitfield","1/1/2026","1/31/2026","1Leg=1 Leg Wife or Husband Missing;    NoHome=No-Show;    CCC=Cancel Post Issue;    Reset=Rep Reset;    NIS=Not Assigned;    OPPFDN=Full Demo No Sale;    NoRehash=No Rehash;    No Demo=No Demo;    NOC=Not covered;","8/7/2026 3:15:49 PM","True"
"Baboun, Mathias","Website","2","0","2","2","2","0.0000","0.0000","1","0","0","0","0","0","0","0","0","0","0","0","0","0","1","1","0","0","0","1","Sale","1leg","NoHome","CCC","Reset","NIS","OPPFDN","NoRehash","No Demo","NOC","Dana Whitfield","1/1/2026","1/31/2026","1Leg=1 Leg Wife or Husband Missing;    NoHome=No-Show;    CCC=Cancel Post Issue;    Reset=Rep Reset;    NIS=Not Assigned;    OPPFDN=Full Demo No Sale;    NoRehash=No Rehash;    No Demo=No Demo;    NOC=Not covered;","8/7/2026 3:15:49 PM","True"
"Barela, Christopher","Canvass","39","13","30","27","25","255003","227892","11","3","0","0","0","1","0","0","13","3","0","0","0","0","11","0","2","1","9","11","Sale","1leg","NoHome","CCC","Reset","NIS","OPPFDN","NoRehash","No Demo","NOC","Dana Whitfield","1/1/2026","1/31/2026","1Leg=1 Leg Wife or Husband Missing;    NoHome=No-Show;    CCC=Cancel Post Issue;    Reset=Rep Reset;    NIS=Not Assigned;    OPPFDN=Full Demo No Sale;    NoRehash=No Rehash;    No Demo=No Demo;    NOC=Not covered;","8/7/2026 3:15:49 PM","True"
"Barela, Christopher","Events 2026","1","0","1","0","0","0.0000","0.0000","0","0","1","0","0","0","0","0","0","0","1","0","0","0","0","0","0","0","0","0","Sale","1leg","NoHome","CCC","Reset","NIS","OPPFDN","NoRehash","No Demo","NOC","Dana Whitfield","1/1/2026","1/31/2026","1Leg=1 Leg Wife or Husband Missing;    NoHome=No-Show;    CCC=Cancel Post Issue;    Reset=Rep Reset;    NIS=Not Assigned;    OPPFDN=Full Demo No Sale;    NoRehash=No Rehash;    No Demo=No Demo;    NOC=Not covered;","8/7/2026 3:15:49 PM","True"
"Barela, Christopher","Internet","22","2","15","15","13","34595","12595","11","0","0","0","1","0","0","0","2","0","0","0","0","1","11","0","1","0","7","8","Sale","1leg","NoHome","CCC","Reset","NIS","OPPFDN","NoRehash","No Demo","NOC","Dana Whitfield","1/1/2026","1/31/2026","1Leg=1 Leg Wife or Husband Missing;    NoHome=No-Show;    CCC=Cancel Post Issue;    Reset=Rep Reset;    NIS=Not Assigned;    OPPFDN=Full Demo No Sale;    NoRehash=No Rehash;    No Demo=No Demo;    NOC=Not covered;","8/7/2026 3:15:49 PM","True"
"Barela, Christopher","SelfGenerated","2","0","1","1","1","0.0000","0.0000","0","0","0","0","0","0","0","0","0","0","0","0","0","0","0","1","0","0","1","2","Sale","1leg","NoHome","CCC","Reset","NIS","OPPFDN","NoRehash","No Demo","NOC","Dana Whitfield","1/1/2026","1/31/2026","1Leg=1 Leg Wife or Husband Missing;    NoHome=No-Show;    CCC=Cancel Post Issue;    Reset=Rep Reset;    NIS=Not Assigned;    OPPFDN=Full Demo No Sale;    NoRehash=No Rehash;    No Demo=No Demo;    NOC=Not covered;","8/7/2026 3:15:49 PM","True"
"Belopotosky, Bryan","Canvass","25","7","20","18","13","156296","156296","6","0","2","0","0","0","0","0","7","0","2","0","2","0","6","0","3","0","5","10","Sale","1leg","NoHome","CCC","Reset","NIS","OPPFDN","NoRehash","No Demo","NOC","Dana Whitfield","1/1/2026","1/31/2026","1Leg=1 Leg Wife or Husband Missing;    NoHome=No-Show;    CCC=Cancel Post Issue;    Reset=Rep Reset;    NIS=Not Assigned;    OPPFDN=Full Demo No Sale;    NoRehash=No Rehash;    No Demo=No Demo;    NOC=Not covered;","8/7/2026 3:15:49 PM","True"
"Belopotosky, Bryan","CustRef","2","1","2","2","1","16900","16900","0","0","0","0","0","0","0","0","1","0","0","0","1","0","0","0","0","0","0","1","Sale","1leg","NoHome","CCC","Reset","NIS","OPPFDN","NoRehash","No Demo","NOC","Dana Whitfield","1/1/2026","1/31/2026","1Leg=1 Leg Wife or Husband Missing;    NoHome=No-Show;    CCC=Cancel Post Issue;    Reset=Rep Reset;    NIS=Not Assigned;    OPPFDN=Full Demo No Sale;    NoRehash=No Rehash;    No Demo=No Demo;    NOC=Not covered;","8/7/2026 3:15:49 PM","True"
"Belopotosky, Bryan","Internet","15","4","13","11","7","73483","43524","2","0","2","0","0","1","0","0","4","0","2","0","1","0","2","0","3","1","2","6","Sale","1leg","NoHome","CCC","Reset","NIS","OPPFDN","NoRehash","No Demo","NOC","Dana Whitfield","1/1/2026","1/31/2026","1Leg=1 Leg Wife or Husband Missing;    NoHome=No-Show;    CCC=Cancel Post Issue;    Reset=Rep Reset;    NIS=Not Assigned;    OPPFDN=Full Demo No Sale;    NoRehash=No Rehash;    No Demo=No Demo;    NOC=Not covered;","8/7/2026 3:15:49 PM","True"
"Belopotosky, Bryan","Magazine","3","1","3","2","2","43654","43654","1","1","0","0","0","0","0","0","1","1","0","0","0","0","1","0","0","0","0","0","Sale","1leg","NoHome","CCC","Reset","NIS","OPPFDN","NoRehash","No Demo","NOC","Dana Whitfield","1/1/2026","1/31/2026","1Leg=1 Leg Wife or Husband Missing;    NoHome=No-Show;    CCC=Cancel Post Issue;    Reset=Rep Reset;    NIS=Not Assigned;    OPPFDN=Full Demo No Sale;    NoRehash=No Rehash;    No Demo=No Demo;    NOC=Not covered;","8/7/2026 3:15:49 PM","True"
"Belopotosky, Bryan","PrevCust","2","0","1","1","1","0.0000","0.0000","1","0","0","0","0","0","0","0","0","0","0","0","0","0","1","0","0","0","1","1","Sale","1leg","NoHome","CCC","Reset","NIS","OPPFDN","NoRehash","No Demo","NOC","Dana Whitfield","1/1/2026","1/31/2026","1Leg=1 Leg Wife or Husband Missing;    NoHome=No-Show;    CCC=Cancel Post Issue;    Reset=Rep Reset;    NIS=Not Assigned;    OPPFDN=Full Demo No Sale;    NoRehash=No Rehash;    No Demo=No Demo;    NOC=Not covered;","8/7/2026 3:15:49 PM","True"
"Belopotosky, Bryan","Website","1","0","1","1","1","0.0000","0.0000","1","0","0","0","0","0","0","0","0","0","0","0","0","0","1","0","0","0","0","0","Sale","1leg","NoHome","CCC","Reset","NIS","OPPFDN","NoRehash","No Demo","NOC","Dana Whitfield","1/1/2026","1/31/2026","1Leg=1 Leg Wife or Husband Missing;    NoHome=No-Show;    CCC=Cancel Post Issue;    Reset=Rep Reset;    NIS=Not Assigned;    OPPFDN=Full Demo No Sale;    NoRehash=No Rehash;    No Demo=No Demo;    NOC=Not covered;","8/7/2026 3:15:49 PM","True"
"Butler, Stacy","Canvass","15","3","15","12","10","111693","4976","7","2","1","0","0","0","0","0","3","2","1","0","0","0","7","0","2","0","0","2","Sale","1leg","NoHome","CCC","Reset","NIS","OPPFDN","NoRehash","No Demo","NOC","Dana Whitfield","1/1/2026","1/31/2026","1Leg=1 Leg Wife or Husband Missing;    NoHome=No-Show;    CCC=Cancel Post Issue;    Reset=Rep Reset;    NIS=Not Assigned;    OPPFDN=Full Demo No Sale;    NoRehash=No Rehash;    No Demo=No Demo;    NOC=Not covered;","8/7/2026 3:15:49 PM","True"
"Butler, Stacy","Canvass Sticky","1","1","1","1","1","11206","11206","0","0","0","0","0","0","0","0","1","0","0","0","0","0","0","0","0","0","0","0","Sale","1leg","NoHome","CCC","Reset","NIS","OPPFDN","NoRehash","No Demo","NOC","Dana Whitfield","1/1/2026","1/31/2026","1Leg=1 Leg Wife or Husband Missing;    NoHome=No-Show;    CCC=Cancel Post Issue;    Reset=Rep Reset;    NIS=Not Assigned;    OPPFDN=Full Demo No Sale;    NoRehash=No Rehash;    No Demo=No Demo;    NOC=Not covered;","8/7/2026 3:15:49 PM","True"
"Butler, Stacy","Events 2026","1","0","1","1","1","0.0000","0.0000","1","0","0","0","0","0","0","0","0","0","0","0","0","0","1","0","0","0","0","0","Sale","1leg","NoHome","CCC","Reset","NIS","OPPFDN","NoRehash","No Demo","NOC","Dana Whitfield","1/1/2026","1/31/2026","1Leg=1 Leg Wife or Husband Missing;    NoHome=No-Show;    CCC=Cancel Post Issue;    Reset=Rep Reset;    NIS=Not Assigned;    OPPFDN=Full Demo No Sale;    NoRehash=No Rehash;    No Demo=No Demo;    NOC=Not covered;","8/7/2026 3:15:49 PM","True"
"Butler, Stacy","Internet","3","0","2","2","2","0.0000","0.0000","2","0","0","0","0","0","0","0","0","0","0","0","0","0","2","0","0","0","1","1","Sale","1leg","NoHome","CCC","Reset","NIS","OPPFDN","NoRehash","No Demo","NOC","Dana Whitfield","1/1/2026","1/31/2026","1Leg=1 Leg Wife or Husband Missing;    NoHome=No-Show;    CCC=Cancel Post Issue;    Reset=Rep Reset;    NIS=Not Assigned;    OPPFDN=Full Demo No Sale;    NoRehash=No Rehash;    No Demo=No Demo;    NOC=Not covered;","8/7/2026 3:15:49 PM","True"
"Butler, Stacy","PrevCust","1","1","1","1","1","39700","0.0000","0","0","0","0","0","0","0","0","1","0","0","0","0","0","0","0","0","0","0","0","Sale","1leg","NoHome","CCC","Reset","NIS","OPPFDN","NoRehash","No Demo","NOC","Dana Whitfield","1/1/2026","1/31/2026","1Leg=1 Leg Wife or Husband Missing;    NoHome=No-Show;    CCC=Cancel Post Issue;    Reset=Rep Reset;    NIS=Not Assigned;    OPPFDN=Full Demo No Sale;    NoRehash=No Rehash;    No Demo=No Demo;    NOC=Not covered;","8/7/2026 3:15:49 PM","True"
"Cadenas, Ariel","Canvass","11","2","10","10","9","32773","32773","6","0","0","0","0","1","0","0","2","0","0","0","0","0","6","0","1","1","1","2","Sale","1leg","NoHome","CCC","Reset","NIS","OPPFDN","NoRehash","No Demo","NOC","Dana Whitfield","1/1/2026","1/31/2026","1Leg=1 Leg Wife or Husband Missing;    NoHome=No-Show;    CCC=Cancel Post Issue;    Reset=Rep Reset;    NIS=Not Assigned;    OPPFDN=Full Demo No Sale;    NoRehash=No Rehash;    No Demo=No Demo;    NOC=Not covered;","8/7/2026 3:15:49 PM","True"
"Cadenas, Ariel","Canvass Sticky","1","0","0","0","0","0.0000","0.0000","0","0","0","0","0","0","0","0","0","0","0","0","0","0","0","0","0","0","1","1","Sale","1leg","NoHome","CCC","Reset","NIS","OPPFDN","NoRehash","No Demo","NOC","Dana Whitfield","1/1/2026","1/31/2026","1Leg=1 Leg Wife or Husband Missing;    NoHome=No-Show;    CCC=Cancel Post Issue;    Reset=Rep Reset;    NIS=Not Assigned;    OPPFDN=Full Demo No Sale;    NoRehash=No Rehash;    No Demo=No Demo;    NOC=Not covered;","8/7/2026 3:15:49 PM","True"
"Cadenas, Ariel","Internet","36","5","25","20","19","81220","65240","14","3","2","0","1","0","0","0","5","3","2","0","0","1","14","0","0","0","11","11","Sale","1leg","NoHome","CCC","Reset","NIS","OPPFDN","NoRehash","No Demo","NOC","Dana Whitfield","1/1/2026","1/31/2026","1Leg=1 Leg Wife or Husband Missing;    NoHome=No-Show;    CCC=Cancel Post Issue;    Reset=Rep Reset;    NIS=Not Assigned;    OPPFDN=Full Demo No Sale;    NoRehash=No Rehash;    No Demo=No Demo;    NOC=Not covered;","8/7/2026 3:15:49 PM","True"
"Cadenas, Ariel","PrevCust","1","1","1","1","1","5168","5168","0","0","0","0","0","0","0","0","1","0","0","0","0","0","0","0","0","0","0","0","Sale","1leg","NoHome","CCC","Reset","NIS","OPPFDN","NoRehash","No Demo","NOC","Dana Whitfield","1/1/2026","1/31/2026","1Leg=1 Leg Wife or Husband Missing;    NoHome=No-Show;    CCC=Cancel Post Issue;    Reset=Rep Reset;    NIS=Not Assigned;    OPPFDN=Full Demo No Sale;    NoRehash=No Rehash;    No Demo=No Demo;    NOC=Not covered;","8/7/2026 3:15:49 PM","True"
"Cadenas, Ariel","Website","1","0","1","0","0","0.0000","0.0000","0","1","0","0","0","0","0","0","0","1","0","0","0","0","0","0","0","0","0","0","Sale","1leg","NoHome","CCC","Reset","NIS","OPPFDN","NoRehash","No Demo","NOC","Dana Whitfield","1/1/2026","1/31/2026","1Leg=1 Leg Wife or Husband Missing;    NoHome=No-Show;    CCC=Cancel Post Issue;    Reset=Rep Reset;    NIS=Not Assigned;    OPPFDN=Full Demo No Sale;    NoRehash=No Rehash;    No Demo=No Demo;    NOC=Not covered;","8/7/2026 3:15:49 PM","True"
"Campetti, Tony","Affiliates","1","1","1","1","1","5500","5500","0","0","0","0","0","0","0","0","1","0","0","0","0","0","0","0","0","0","0","0","Sale","1leg","NoHome","CCC","Reset","NIS","OPPFDN","NoRehash","No Demo","NOC","Dana Whitfield","1/1/2026","1/31/2026","1Leg=1 Leg Wife or Husband Missing;    NoHome=No-Show;    CCC=Cancel Post Issue;    Reset=Rep Reset;    NIS=Not Assigned;    OPPFDN=Full Demo No Sale;    NoRehash=No Rehash;    No Demo=No Demo;    NOC=Not covered;","8/7/2026 3:15:49 PM","True"
"Campetti, Tony","Canvass","27","5","23","18","17","57612","57612","12","2","3","0","0","0","0","0","5","2","3","0","0","0","12","0","1","0","4","5","Sale","1leg","NoHome","CCC","Reset","NIS","OPPFDN","NoRehash","No Demo","NOC","Dana Whitfield","1/1/2026","1/31/2026","1Leg=1 Leg Wife or Husband Missing;    NoHome=No-Show;    CCC=Cancel Post Issue;    Reset=Rep Reset;    NIS=Not Assigned;    OPPFDN=Full Demo No Sale;    NoRehash=No Rehash;    No Demo=No Demo;    NOC=Not covered;","8/7/2026 3:15:49 PM","True"
"Campetti, Tony","Canvass Sticky","3","2","3","3","3","34500","34500","1","0","0","0","0","0","0","0","2","0","0","0","0","0","1","0","0","0","0","0","Sale","1leg","NoHome","CCC","Reset","NIS","OPPFDN","NoRehash","No Demo","NOC","Dana Whitfield","1/1/2026","1/31/2026","1Leg=1 Leg Wife or Husband Missing;    NoHome=No-Show;    CCC=Cancel Post Issue;    Reset=Rep Reset;    NIS=Not Assigned;    OPPFDN=Full Demo No Sale;    NoRehash=No Rehash;    No Demo=No Demo;    NOC=Not covered;","8/7/2026 3:15:49 PM","True"
"Campetti, Tony","Internet","21","3","15","15","13","96023","96023","10","0","0","0","0","0","0","0","3","0","0","0","0","0","10","0","2","0","6","8","Sale","1leg","NoHome","CCC","Reset","NIS","OPPFDN","NoRehash","No Demo","NOC","Dana Whitfield","1/1/2026","1/31/2026","1Leg=1 Leg Wife or Husband Missing;    NoHome=No-Show;    CCC=Cancel Post Issue;    Reset=Rep Reset;    NIS=Not Assigned;    OPPFDN=Full Demo No Sale;    NoRehash=No Rehash;    No Demo=No Demo;    NOC=Not covered;","8/7/2026 3:15:49 PM","True"
"Campetti, Tony","Mail","1","1","1","1","1","61000","0.0000","0","0","0","0","0","0","0","0","1","0","0","0","0","0","0","0","0","0","0","0","Sale","1leg","NoHome","CCC","Reset","NIS","OPPFDN","NoRehash","No Demo","NOC","Dana Whitfield","1/1/2026","1/31/2026","1Leg=1 Leg Wife or Husband Missing;    NoHome=No-Show;    CCC=Cancel Post Issue;    Reset=Rep Reset;    NIS=Not Assigned;    OPPFDN=Full Demo No Sale;    NoRehash=No Rehash;    No Demo=No Demo;    NOC=Not covered;","8/7/2026 3:15:49 PM","True"
"Canalungo, Dan","Canvass","9","2","8","5","4","178355","178355","2","2","1","0","0","0","0","0","2","2","1","0","1","0","2","0","0","0","1","2","Sale","1leg","NoHome","CCC","Reset","NIS","OPPFDN","NoRehash","No Demo","NOC","Dana Whitfield","1/1/2026","1/31/2026","1Leg=1 Leg Wife or Husband Missing;    NoHome=No-Show;    CCC=Cancel Post Issue;    Reset=Rep Reset;    NIS=Not Assigned;    OPPFDN=Full Demo No Sale;    NoRehash=No Rehash;    No Demo=No Demo;    NOC=Not covered;","8/7/2026 3:15:49 PM","True"
"Canalungo, Dan","Canvass Sticky","1","0","0","0","0","0.0000","0.0000","0","0","0","0","0","0","0","0","0","0","0","0","0","0","0","0","0","0","1","1","Sale","1leg","NoHome","CCC","Reset","NIS","OPPFDN","NoRehash","No Demo","NOC","Dana Whitfield","1/1/2026","1/31/2026","1Leg=1 Leg Wife or Husband Missing;    NoHome=No-Show;    CCC=Cancel Post Issue;    Reset=Rep Reset;    NIS=Not Assigned;    OPPFDN=Full Demo No Sale;    NoRehash=No Rehash;    No Demo=No Demo;    NOC=Not covered;","8/7/2026 3:15:49 PM","True"
"Canalungo, Dan","CustRef","1","1","1","1","1","22000","22000","0","0","0","0","0","0","0","0","1","0","0","0","0","0","0","0","0","0","0","0","Sale","1leg","NoHome","CCC","Reset","NIS","OPPFDN","NoRehash","No Demo","NOC","Dana Whitfield","1/1/2026","1/31/2026","1Leg=1 Leg Wife or Husband Missing;    NoHome=No-Show;    CCC=Cancel Post Issue;    Reset=Rep Reset;    NIS=Not Assigned;    OPPFDN=Full Demo No Sale;    NoRehash=No Rehash;    No Demo=No Demo;    NOC=Not covered;","8/7/2026 3:15:49 PM","True"
"Canalungo, Dan","Internet","9","2","7","7","6","52498","18923","4","0","0","0","0","0","0","0","2","0","0","0","0","0","4","0","1","0","2","3","Sale","1leg","NoHome","CCC","Reset","NIS","OPPFDN","NoRehash","No Demo","NOC","Dana Whitfield","1/1/2026","1/31/2026","1Leg=1 Leg Wife or Husband Missing;    NoHome=No-Show;    CCC=Cancel Post Issue;    Reset=Rep Reset;    NIS=Not Assigned;    OPPFDN=Full Demo No Sale;    NoRehash=No Rehash;    No Demo=No Demo;    NOC=Not covered;","8/7/2026 3:15:49 PM","True"
"Canalungo, Dan","Magazine","1","0","1","1","1","0.0000","0.0000","0","0","0","0","0","0","0","0","0","0","0","0","0","0","0","1","0","0","0","1","Sale","1leg","NoHome","CCC","Reset","NIS","OPPFDN","NoRehash","No Demo","NOC","Dana Whitfield","1/1/2026","1/31/2026","1Leg=1 Leg Wife or Husband Missing;    NoHome=No-Show;    CCC=Cancel Post Issue;    Reset=Rep Reset;    NIS=Not Assigned;    OPPFDN=Full Demo No Sale;    NoRehash=No Rehash;    No Demo=No Demo;    NOC=Not covered;","8/7/2026 3:15:49 PM","True"
"Canalungo, Dan","PrevCust","3","2","2","2","2","11886","11886","0","0","0","0","0","0","0","0","2","0","0","0","0","0","0","0","0","0","1","1","Sale","1leg","NoHome","CCC","Reset","NIS","OPPFDN","NoRehash","No Demo","NOC","Dana Whitfield","1/1/2026","1/31/2026","1Leg=1 Leg Wife or Husband Missing;    NoHome=No-Show;    CCC=Cancel Post Issue;    Reset=Rep Reset;    NIS=Not Assigned;    OPPFDN=Full Demo No Sale;    NoRehash=No Rehash;    No Demo=No Demo;    NOC=Not covered;","8/7/2026 3:15:49 PM","True"
"Canalungo, Dan","SelfGenerated","1","1","1","1","1","12856","12856","0","0","0","0","0","0","0","0","1","0","0","0","0","0","0","0","0","0","0","0","Sale","1leg","NoHome","CCC","Reset","NIS","OPPFDN","NoRehash","No Demo","NOC","Dana Whitfield","1/1/2026","1/31/2026","1Leg=1 Leg Wife or Husband Missing;    NoHome=No-Show;    CCC=Cancel Post Issue;    Reset=Rep Reset;    NIS=Not Assigned;    OPPFDN=Full Demo No Sale;    NoRehash=No Rehash;    No Demo=No Demo;    NOC=Not covered;","8/7/2026 3:15:49 PM","True"
"Carr, Michael","Affiliates","2","0","1","1","1","0.0000","0.0000","1","0","0","0","0","0","0","0","0","0","0","0","0","0","1","0","0","0","1","1","Sale","1leg","NoHome","CCC","Reset","NIS","OPPFDN","NoRehash","No Demo","NOC","Dana Whitfield","1/1/2026","1/31/2026","1Leg=1 Leg Wife or Husband Missing;    NoHome=No-Show;    CCC=Cancel Post Issue;    Reset=Rep Reset;    NIS=Not Assigned;    OPPFDN=Full Demo No Sale;    NoRehash=No Rehash;    No Demo=No Demo;    NOC=Not covered;","8/7/2026 3:15:49 PM","True"
"Carr, Michael","Canvass","29","3","19","18","15","55159","55159","12","0","1","0","0","0","0","0","3","0","1","0","1","0","12","0","2","0","10","13","Sale","1leg","NoHome","CCC","Reset","NIS","OPPFDN","NoRehash","No Demo","NOC","Dana Whitfield","1/1/2026","1/31/2026","1Leg=1 Leg Wife or Husband Missing;    NoHome=No-Show;    CCC=Cancel Post Issue;    Reset=Rep Reset;    NIS=Not Assigned;    OPPFDN=Full Demo No Sale;    NoRehash=No Rehash;    No Demo=No Demo;    NOC=Not covered;","8/7/2026 3:15:49 PM","True"
"Carr, Michael","Canvass Sticky","2","1","2","2","2","11500","11500","1","0","0","0","0","0","0","0","1","0","0","0","0","0","1","0","0","0","0","0","Sale","1leg","NoHome","CCC","Reset","NIS","OPPFDN","NoRehash","No Demo","NOC","Dana Whitfield","1/1/2026","1/31/2026","1Leg=1 Leg Wife or Husband Missing;    NoHome=No-Show;    CCC=Cancel Post Issue;    Reset=Rep Reset;    NIS=Not Assigned;    OPPFDN=Full Demo No Sale;    NoRehash=No Rehash;    No Demo=No Demo;    NOC=Not covered;","8/7/2026 3:15:49 PM","True"
"Carr, Michael","Events 2026","5","1","5","4","4","44637","44637","3","1","0","0","0","0","0","0","1","1","0","0","0","0","3","0","0","0","0","0","Sale","1leg","NoHome","CCC","Reset","NIS","OPPFDN","NoRehash","No Demo","NOC","Dana Whitfield","1/1/2026","1/31/2026","1Leg=1 Leg Wife or Husband Missing;    NoHome=No-Show;    CCC=Cancel Post Issue;    Reset=Rep Reset;    NIS=Not Assigned;    OPPFDN=Full Demo No Sale;    NoRehash=No Rehash;    No Demo=No Demo;    NOC=Not covered;","8/7/2026 3:15:49 PM","True"
"Carr, Michael","Internet","23","4","13","11","11","160022","130602","7","0","2","0","0","0","0","0","4","0","2","0","0","0","7","0","0","0","10","10","Sale","1leg","NoHome","CCC","Reset","NIS","OPPFDN","NoRehash","No Demo","NOC","Dana Whitfield","1/1/2026","1/31/2026","1Leg=1 Leg Wife or Husband Missing;    NoHome=No-Show;    CCC=Cancel Post Issue;    Reset=Rep Reset;    NIS=Not Assigned;    OPPFDN=Full Demo No Sale;    NoRehash=No Rehash;    No Demo=No Demo;    NOC=Not covered;","8/7/2026 3:15:49 PM","True"
"Carr, Michael","Magazine","3","0","3","3","3","0.0000","0.0000","2","0","0","0","0","1","0","0","0","0","0","0","0","0","2","0","0","1","0","0","Sale","1leg","NoHome","CCC","Reset","NIS","OPPFDN","NoRehash","No Demo","NOC","Dana Whitfield","1/1/2026","1/31/2026","1Leg=1 Leg Wife or Husband Missing;    NoHome=No-Show;    CCC=Cancel Post Issue;    Reset=Rep Reset;    NIS=Not Assigned;    OPPFDN=Full Demo No Sale;    NoRehash=No Rehash;    No Demo=No Demo;    NOC=Not covered;","8/7/2026 3:15:49 PM","True"
"Carter, David","Affiliates","1","1","1","1","1","22000","0.0000","0","0","0","0","0","0","0","0","1","0","0","0","0","0","0","0","0","0","0","0","Sale","1leg","NoHome","CCC","Reset","NIS","OPPFDN","NoRehash","No Demo","NOC","Dana Whitfield","1/1/2026","1/31/2026","1Leg=1 Leg Wife or Husband Missing;    NoHome=No-Show;    CCC=Cancel Post Issue;    Reset=Rep Reset;    NIS=Not Assigned;    OPPFDN=Full Demo No Sale;    NoRehash=No Rehash;    No Demo=No Demo;    NOC=Not covered;","8/7/2026 3:15:49 PM","True"
"Carter, David","Canvass","13","1","10","8","6","15150","15150","5","0","2","0","0","0","0","0","1","0","2","0","0","0","5","0","2","0","3","5","Sale","1leg","NoHome","CCC","Reset","NIS","OPPFDN","NoRehash","No Demo","NOC","Dana Whitfield","1/1/2026","1/31/2026","1Leg=1 Leg Wife or Husband Missing;    NoHome=No-Show;    CCC=Cancel Post Issue;    Reset=Rep Reset;    NIS=Not Assigned;    OPPFDN=Full Demo No Sale;    NoRehash=No Rehash;    No Demo=No Demo;    NOC=Not covered;","8/7/2026 3:15:49 PM","True"
"Carter, David","CustRef","1","1","1","1","1","7000","7000","0","0","0","0","0","0","0","0","1","0","0","0","0","0","0","0","0","0","0","0","Sale","1leg","NoHome","CCC","Reset","NIS","OPPFDN","NoRehash","No Demo","NOC","Dana Whitfield","1/1/2026","1/31/2026","1Leg=1 Leg Wife or Husband Missing;    NoHome=No-Show;    CCC=Cancel Post Issue;    Reset=Rep Reset;    NIS=Not Assigned;    OPPFDN=Full Demo No Sale;    NoRehash=No Rehash;    No Demo=No Demo;    NOC=Not covered;","8/7/2026 3:15:49 PM","True"
"Carter, David","Internet","52","10","33","31","29","189905","131793","19","0","2","0","0","0","0","0","10","0","2","0","0","0","19","0","2","0","19","21","Sale","1leg","NoHome","CCC","Reset","NIS","OPPFDN","NoRehash","No Demo","NOC","Dana Whitfield","1/1/2026","1/31/2026","1Leg=1 Leg Wife or Husband Missing;    NoHome=No-Show;    CCC=Cancel Post Issue;    Reset=Rep Reset;    NIS=Not Assigned;    OPPFDN=Full Demo No Sale;    NoRehash=No Rehash;    No Demo=No Demo;    NOC=Not covered;","8/7/2026 3:15:49 PM","True"
"Carter, David","Magazine","1","0","1","1","1","0.0000","0.0000","1","0","0","0","0","0","0","0","0","0","0","0","0","0","1","0","0","0","0","0","Sale","1leg","NoHome","CCC","Reset","NIS","OPPFDN","NoRehash","No Demo","NOC","Dana Whitfield","1/1/2026","1/31/2026","1Leg=1 Leg Wife or Husband Missing;    NoHome=No-Show;    CCC=Cancel Post Issue;    Reset=Rep Reset;    NIS=Not Assigned;    OPPFDN=Full Demo No Sale;    NoRehash=No Rehash;    No Demo=No Demo;    NOC=Not covered;","8/7/2026 3:15:49 PM","True"
"Carter, David","Website","1","0","1","1","1","0.0000","0.0000","1","0","0","0","0","0","0","0","0","0","0","0","0","0","1","0","0","0","0","0","Sale","1leg","NoHome","CCC","Reset","NIS","OPPFDN","NoRehash","No Demo","NOC","Dana Whitfield","1/1/2026","1/31/2026","1Leg=1 Leg Wife or Husband Missing;    NoHome=No-Show;    CCC=Cancel Post Issue;    Reset=Rep Reset;    NIS=Not Assigned;    OPPFDN=Full Demo No Sale;    NoRehash=No Rehash;    No Demo=No Demo;    NOC=Not covered;","8/7/2026 3:15:49 PM","True"
"Carvajal, Jose","Canvass","15","0","13","10","7","0.0000","0.0000","6","1","2","0","0","1","0","0","0","1","2","0","0","0","6","0","3","1","2","5","Sale","1leg","NoHome","CCC","Reset","NIS","OPPFDN","NoRehash","No Demo","NOC","Dana Whitfield","1/1/2026","1/31/2026","1Leg=1 Leg Wife or Husband Missing;    NoHome=No-Show;    CCC=Cancel Post Issue;    Reset=Rep Reset;    NIS=Not Assigned;    OPPFDN=Full Demo No Sale;    NoRehash=No Rehash;    No Demo=No Demo;    NOC=Not covered;","8/7/2026 3:15:49 PM","True"
"Carvajal, Jose","Internet","18","2","12","12","12","58951","58951","10","0","0","0","0","0","0","0","2","0","0","0","0","0","10","0","0","0","6","6","Sale","1leg","NoHome","CCC","Reset","NIS","OPPFDN","NoRehash","No Demo","NOC","Dana Whitfield","1/1/2026","1/31/2026","1Leg=1 Leg Wife or Husband Missing;    NoHome=No-Show;    CCC=Cancel Post Issue;    Reset=Rep Reset;    NIS=Not Assigned;    OPPFDN=Full Demo No Sale;    NoRehash=No Rehash;    No Demo=No Demo;    NOC=Not covered;","8/7/2026 3:15:49 PM","True"
"Casanas, Luis","Affiliates","1","0","1","1","1","0.0000","0.0000","1","0","0","0","0","0","0","0","0","0","0","0","0","0","1","0","0","0","0","0","Sale","1leg","NoHome","CCC","Reset","NIS","OPPFDN","NoRehash","No Demo","NOC","Dana Whitfield","1/1/2026","1/31/2026","1Leg=1 Leg Wife or Husband Missing;    NoHome=No-Show;    CCC=Cancel Post Issue;    Reset=Rep Reset;    NIS=Not Assigned;    OPPFDN=Full Demo No Sale;    NoRehash=No Rehash;    No Demo=No Demo;    NOC=Not covered;","8/7/2026 3:15:49 PM","True"
"Casanas, Luis","Canvass","7","0","4","3","2","0.0000","0.0000","2","0","1","0","1","0","0","0","0","0","1","0","0","1","2","0","0","0","3","3","Sale","1leg","NoHome","CCC","Reset","NIS","OPPFDN","NoRehash","No Demo","NOC","Dana Whitfield","1/1/2026","1/31/2026","1Leg=1 Leg Wife or Husband Missing;    NoHome=No-Show;    CCC=Cancel Post Issue;    Reset=Rep Reset;    NIS=Not Assigned;    OPPFDN=Full Demo No Sale;    NoRehash=No Rehash;    No Demo=No Demo;    NOC=Not covered;","8/7/2026 3:15:49 PM","True"
"Casanas, Luis","Internet","13","1","10","10","9","54048","54048","8","0","0","0","0","0","0","0","1","0","0","0","0","0","8","0","1","0","3","4","Sale","1leg","NoHome","CCC","Reset","NIS","OPPFDN","NoRehash","No Demo","NOC","Dana Whitfield","1/1/2026","1/31/2026","1Leg=1 Leg Wife or Husband Missing;    NoHome=No-Show;    CCC=Cancel Post Issue;    Reset=Rep Reset;    NIS=Not Assigned;    OPPFDN=Full Demo No Sale;    NoRehash=No Rehash;    No Demo=No Demo;    NOC=Not covered;","8/7/2026 3:15:49 PM","True"
"Castaneda, Julian","Canvass","8","2","3","3","3","44166","0.0000","1","0","0","0","0","0","0","0","2","0","0","0","0","0","1","0","0","0","5","5","Sale","1leg","NoHome","CCC","Reset","NIS","OPPFDN","NoRehash","No Demo","NOC","Dana Whitfield","1/1/2026","1/31/2026","1Leg=1 Leg Wife or Husband Missing;    NoHome=No-Show;    CCC=Cancel Post Issue;    Reset=Rep Reset;    NIS=Not Assigned;    OPPFDN=Full Demo No Sale;    NoRehash=No Rehash;    No Demo=No Demo;    NOC=Not covered;","8/7/2026 3:15:49 PM","True"
"Castaneda, Julian","Internet","13","2","12","9","7","44517","23628","5","1","2","0","0","0","0","0","2","1","2","0","0","0","5","0","2","0","1","3","Sale","1leg","NoHome","CCC","Reset","NIS","OPPFDN","NoRehash","No Demo","NOC","Dana Whitfield","1/1/2026","1/31/2026","1Leg=1 Leg Wife or Husband Missing;    NoHome=No-Show;    CCC=Cancel Post Issue;    Reset=Rep Reset;    NIS=Not Assigned;    OPPFDN=Full Demo No Sale;    NoRehash=No Rehash;    No Demo=No Demo;    NOC=Not covered;","8/7/2026 3:15:49 PM","True"
"Castaneda, Julian","Job Signs","4","0","4","3","2","0.0000","0.0000","2","0","1","0","0","0","0","0","0","0","1","0","1","0","2","0","0","0","0","1","Sale","1leg","NoHome","CCC","Reset","NIS","OPPFDN","NoRehash","No Demo","NOC","Dana Whitfield","1/1/2026","1/31/2026","1Leg=1 Leg Wife or Husband Missing;    NoHome=No-Show;    CCC=Cancel Post Issue;    Reset=Rep Reset;    NIS=Not Assigned;    OPPFDN=Full Demo No Sale;    NoRehash=No Rehash;    No Demo=No Demo;    NOC=Not covered;","8/7/2026 3:15:49 PM","True"
"Cocco, Alex","Affiliates","1","0","1","1","1","0.0000","0.0000","1","0","0","0","0","0","0","0","0","0","0","0","0","0","1","0","0","0","0","0","Sale","1leg","NoHome","CCC","Reset","NIS","OPPFDN","NoRehash","No Demo","NOC","Dana Whitfield","1/1/2026","1/31/2026","1Leg=1 Leg Wife or Husband Missing;    NoHome=No-Show;    CCC=Cancel Post Issue;    Reset=Rep Reset;    NIS=Not Assigned;    OPPFDN=Full Demo No Sale;    NoRehash=No Rehash;    No Demo=No Demo;    NOC=Not covered;","8/7/2026 3:15:49 PM","True"
"Cocco, Alex","Canvass","7","1","5","4","4","3000","3000","3","1","0","0","0","0","0","0","1","1","0","0","0","0","3","0","0","0","2","2","Sale","1leg","NoHome","CCC","Reset","NIS","OPPFDN","NoRehash","No Demo","NOC","Dana Whitfield","1/1/2026","1/31/2026","1Leg=1 Leg Wife or Husband Missing;    NoHome=No-Show;    CCC=Cancel Post Issue;    Reset=Rep Reset;    NIS=Not Assigned;    OPPFDN=Full Demo No Sale;    NoRehash=No Rehash;    No Demo=No Demo;    NOC=Not covered;","8/7/2026 3:15:49 PM","True"
"Cocco, Alex","Canvass Sticky","1","0","1","1","1","0.0000","0.0000","1","0","0","0","0","0","0","0","0","0","0","0","0","0","1","0","0","0","0","0","Sale","1leg","NoHome","CCC","Reset","NIS","OPPFDN","NoRehash","No Demo","NOC","Dana Whitfield","1/1/2026","1/31/2026","1Leg=1 Leg Wife or Husband Missing;    NoHome=No-Show;    CCC=Cancel Post Issue;    Reset=Rep Reset;    NIS=Not Assigned;    OPPFDN=Full Demo No Sale;    NoRehash=No Rehash;    No Demo=No Demo;    NOC=Not covered;","8/7/2026 3:15:49 PM","True"
"Cocco, Alex","CustRef","1","0","1","1","1","0.0000","0.0000","1","0","0","0","0","0","0","0","0","0","0","0","0","0","1","0","0","0","0","0","Sale","1leg","NoHome","CCC","Reset","NIS","OPPFDN","NoRehash","No Demo","NOC","Dana Whitfield","1/1/2026","1/31/2026","1Leg=1 Leg Wife or Husband Missing;    NoHome=No-Show;    CCC=Cancel Post Issue;    Reset=Rep Reset;    NIS=Not Assigned;    OPPFDN=Full Demo No Sale;    NoRehash=No Rehash;    No Demo=No Demo;    NOC=Not covered;","8/7/2026 3:15:49 PM","True"
"Cocco, Alex","Internet","18","3","16","14","14","59495","59495","11","0","2","0","0","0","0","0","3","0","2","0","0","0","11","0","0","0","2","2","Sale","1leg","NoHome","CCC","Reset","NIS","OPPFDN","NoRehash","No Demo","NOC","Dana Whitfield","1/1/2026","1/31/2026","1Leg=1 Leg Wife or Husband Missing;    NoHome=No-Show;    CCC=Cancel Post Issue;    Reset=Rep Reset;    NIS=Not Assigned;    OPPFDN=Full Demo No Sale;    NoRehash=No Rehash;    No Demo=No Demo;    NOC=Not covered;","8/7/2026 3:15:49 PM","True"
"Cocco, Alex","Job Signs","1","1","1","1","1","22000","22000","0","0","0","0","0","0","0","0","1","0","0","0","0","0","0","0","0","0","0","0","Sale","1leg","NoHome","CCC","Reset","NIS","OPPFDN","NoRehash","No Demo","NOC","Dana Whitfield","1/1/2026","1/31/2026","1Leg=1 Leg Wife or Husband Missing;    NoHome=No-Show;    CCC=Cancel Post Issue;    Reset=Rep Reset;    NIS=Not Assigned;    OPPFDN=Full Demo No Sale;    NoRehash=No Rehash;    No Demo=No Demo;    NOC=Not covered;","8/7/2026 3:15:49 PM","True"
"Cocco, Alex","Magazine","1","0","1","1","1","0.0000","0.0000","0","0","0","0","0","0","0","0","0","0","0","0","0","0","0","1","0","0","0","1","Sale","1leg","NoHome","CCC","Reset","NIS","OPPFDN","NoRehash","No Demo","NOC","Dana Whitfield","1/1/2026","1/31/2026","1Leg=1 Leg Wife or Husband Missing;    NoHome=No-Show;    CCC=Cancel Post Issue;    Reset=Rep Reset;    NIS=Not Assigned;    OPPFDN=Full Demo No Sale;    NoRehash=No Rehash;    No Demo=No Demo;    NOC=Not covered;","8/7/2026 3:15:49 PM","True"
"Colon, Angelo","Canvass","16","3","14","10","10","150184","113961","7","2","2","0","0","0","0","0","3","2","2","0","0","0","7","0","0","0","2","2","Sale","1leg","NoHome","CCC","Reset","NIS","OPPFDN","NoRehash","No Demo","NOC","Dana Whitfield","1/1/2026","1/31/2026","1Leg=1 Leg Wife or Husband Missing;    NoHome=No-Show;    CCC=Cancel Post Issue;    Reset=Rep Reset;    NIS=Not Assigned;    OPPFDN=Full Demo No Sale;    NoRehash=No Rehash;    No Demo=No Demo;    NOC=Not covered;","8/7/2026 3:15:49 PM","True"
"Colon, Angelo","CustRef","1","0","1","1","1","0.0000","0.0000","1","0","0","0","0","0","0","0","0","0","0","0","0","0","1","0","0","0","0","0","Sale","1leg","NoHome","CCC","Reset","NIS","OPPFDN","NoRehash","No Demo","NOC","Dana Whitfield","1/1/2026","1/31/2026","1Leg=1 Leg Wife or Husband Missing;    NoHome=No-Show;    CCC=Cancel Post Issue;    Reset=Rep Reset;    NIS=Not Assigned;    OPPFDN=Full Demo No Sale;    NoRehash=No Rehash;    No Demo=No Demo;    NOC=Not covered;","8/7/2026 3:15:49 PM","True"
"Colon, Angelo","Internet","13","2","7","7","7","20954","10954","5","0","0","0","0","0","0","0","2","0","0","0","0","0","5","0","0","0","6","6","Sale","1leg","NoHome","CCC","Reset","NIS","OPPFDN","NoRehash","No Demo","NOC","Dana Whitfield","1/1/2026","1/31/2026","1Leg=1 Leg Wife or Husband Missing;    NoHome=No-Show;    CCC=Cancel Post Issue;    Reset=Rep Reset;    NIS=Not Assigned;    OPPFDN=Full Demo No Sale;    NoRehash=No Rehash;    No Demo=No Demo;    NOC=Not covered;","8/7/2026 3:15:49 PM","True"
"Colon, Angelo","Magazine","1","0","1","1","0","0.0000","0.0000","0","0","0","0","0","0","0","0","0","0","0","0","0","0","0","0","1","0","0","1","Sale","1leg","NoHome","CCC","Reset","NIS","OPPFDN","NoRehash","No Demo","NOC","Dana Whitfield","1/1/2026","1/31/2026","1Leg=1 Leg Wife or Husband Missing;    NoHome=No-Show;    CCC=Cancel Post Issue;    Reset=Rep Reset;    NIS=Not Assigned;    OPPFDN=Full Demo No Sale;    NoRehash=No Rehash;    No Demo=No Demo;    NOC=Not covered;","8/7/2026 3:15:49 PM","True"
"Colon, Angelo","PrevCust","1","0","0","0","0","0.0000","0.0000","0","0","0","0","0","0","0","0","0","0","0","0","0","0","0","0","0","0","1","1","Sale","1leg","NoHome","CCC","Reset","NIS","OPPFDN","NoRehash","No Demo","NOC","Dana Whitfield","1/1/2026","1/31/2026","1Leg=1 Leg Wife or Husband Missing;    NoHome=No-Show;    CCC=Cancel Post Issue;    Reset=Rep Reset;    NIS=Not Assigned;    OPPFDN=Full Demo No Sale;    NoRehash=No Rehash;    No Demo=No Demo;    NOC=Not covered;","8/7/2026 3:15:49 PM","True"
"Colon, Carlos","Affiliates","3","0","2","2","2","0.0000","0.0000","1","0","0","0","0","1","0","0","0","0","0","0","0","0","1","0","0","1","1","1","Sale","1leg","NoHome","CCC","Reset","NIS","OPPFDN","NoRehash","No Demo","NOC","Dana Whitfield","1/1/2026","1/31/2026","1Leg=1 Leg Wife or Husband Missing;    NoHome=No-Show;    CCC=Cancel Post Issue;    Reset=Rep Reset;    NIS=Not Assigned;    OPPFDN=Full Demo No Sale;    NoRehash=No Rehash;    No Demo=No Demo;    NOC=Not covered;","8/7/2026 3:15:49 PM","True"
"Colon, Carlos","Canvass","31","6","24","22","18","124796","95098","11","1","1","0","0","0","0","0","6","1","1","0","2","0","11","1","2","0","7","12","Sale","1leg","NoHome","CCC","Reset","NIS","OPPFDN","NoRehash","No Demo","NOC","Dana Whitfield","1/1/2026","1/31/2026","1Leg=1 Leg Wife or Husband Missing;    NoHome=No-Show;    CCC=Cancel Post Issue;    Reset=Rep Reset;    NIS=Not Assigned;    OPPFDN=Full Demo No Sale;    NoRehash=No Rehash;    No Demo=No Demo;    NOC=Not covered;","8/7/2026 3:15:49 PM","True"
"Colon, Carlos","Canvass Sticky","2","1","1","1","1","28549","28549","0","0","0","0","0","0","0","0","1","0","0","0","0","0","0","0","0","0","1","1","Sale","1leg","NoHome","CCC","Reset","NIS","OPPFDN","NoRehash","No Demo","NOC","Dana Whitfield","1/1/2026","1/31/2026","1Leg=1 Leg Wife or Husband Missing;    NoHome=No-Show;    CCC=Cancel Post Issue;    Reset=Rep Reset;    NIS=Not Assigned;    OPPFDN=Full Demo No Sale;    NoRehash=No Rehash;    No Demo=No Demo;    NOC=Not covered;","8/7/2026 3:15:49 PM","True"
"Colon, Carlos","Internet","25","5","18","17","17","122288","122288","11","1","0","0","0","0","0","0","5","1","0","0","0","0","11","1","0","0","7","8","Sale","1leg","NoHome","CCC","Reset","NIS","OPPFDN","NoRehash","No Demo","NOC","Dana Whitfield","1/1/2026","1/31/2026","1Leg=1 Leg Wife or Husband Missing;    NoHome=No-Show;    CCC=Cancel Post Issue;    Reset=Rep Reset;    NIS=Not Assigned;    OPPFDN=Full Demo No Sale;    NoRehash=No Rehash;    No Demo=No Demo;    NOC=Not covered;","8/7/2026 3:15:49 PM","True"
"Colon, Carlos","Mail","1","0","1","1","1","0.0000","0.0000","1","0","0","0","0","0","0","0","0","0","0","0","0","0","1","0","0","0","0","0","Sale","1leg","NoHome","CCC","Reset","NIS","OPPFDN","NoRehash","No Demo","NOC","Dana Whitfield","1/1/2026","1/31/2026","1Leg=1 Leg Wife or Husband Missing;    NoHome=No-Show;    CCC=Cancel Post Issue;    Reset=Rep Reset;    NIS=Not Assigned;    OPPFDN=Full Demo No Sale;    NoRehash=No Rehash;    No Demo=No Demo;    NOC=Not covered;","8/7/2026 3:15:49 PM","True"
"Colon, Carlos","PrevCust","2","1","2","2","2","16150","0.0000","1","0","0","0","0","0","0","0","1","0","0","0","0","0","1","0","0","0","0","0","Sale","1leg","NoHome","CCC","Reset","NIS","OPPFDN","NoRehash","No Demo","NOC","Dana Whitfield","1/1/2026","1/31/2026","1Leg=1 Leg Wife or Husband Missing;    NoHome=No-Show;    CCC=Cancel Post Issue;    Reset=Rep Reset;    NIS=Not Assigned;    OPPFDN=Full Demo No Sale;    NoRehash=No Rehash;    No Demo=No Demo;    NOC=Not covered;","8/7/2026 3:15:49 PM","True"
"Cox, Andy","Affiliates","5","0","3","2","2","0.0000","0.0000","2","0","1","0","0","0","0","0","0","0","1","0","0","0","2","0","0","0","2","2","Sale","1leg","NoHome","CCC","Reset","NIS","OPPFDN","NoRehash","No Demo","NOC","Dana Whitfield","1/1/2026","1/31/2026","1Leg=1 Leg Wife or Husband Missing;    NoHome=No-Show;    CCC=Cancel Post Issue;    Reset=Rep Reset;    NIS=Not Assigned;    OPPFDN=Full Demo No Sale;    NoRehash=No Rehash;    No Demo=No Demo;    NOC=Not covered;","8/7/2026 3:15:49 PM","True"
"Cox, Andy","Canvass","21","2","12","11","11","37868","25000","9","1","0","0","0","0","0","0","2","1","0","0","0","0","9","0","0","0","9","9","Sale","1leg","NoHome","CCC","Reset","NIS","OPPFDN","NoRehash","No Demo","NOC","Dana Whitfield","1/1/2026","1/31/2026","1Leg=1 Leg Wife or Husband Missing;    NoHome=No-Show;    CCC=Cancel Post Issue;    Reset=Rep Reset;    NIS=Not Assigned;    OPPFDN=Full Demo No Sale;    NoRehash=No Rehash;    No Demo=No Demo;    NOC=Not covered;","8/7/2026 3:15:49 PM","True"
"Cox, Andy","CustRef","2","0","1","1","1","0.0000","0.0000","1","0","0","0","0","0","0","0","0","0","0","0","0","0","1","0","0","0","1","1","Sale","1leg","NoHome","CCC","Reset","NIS","OPPFDN","NoRehash","No Demo","NOC","Dana Whitfield","1/1/2026","1/31/2026","1Leg=1 Leg Wife or Husband Missing;    NoHome=No-Show;    CCC=Cancel Post Issue;    Reset=Rep Reset;    NIS=Not Assigned;    OPPFDN=Full Demo No Sale;    NoRehash=No Rehash;    No Demo=No Demo;    NOC=Not covered;","8/7/2026 3:15:49 PM","True"
"Cox, Andy","Internet","26","9","18","18","18","198914","185914","8","0","0","0","0","1","0","0","9","0","0","0","0","0","8","0","0","1","8","8","Sale","1leg","NoHome","CCC","Reset","NIS","OPPFDN","NoRehash","No Demo","NOC","Dana Whitfield","1/1/2026","1/31/2026","1Leg=1 Leg Wife or Husband Missing;    NoHome=No-Show;    CCC=Cancel Post Issue;    Reset=Rep Reset;    NIS=Not Assigned;    OPPFDN=Full Demo No Sale;    NoRehash=No Rehash;    No Demo=No Demo;    NOC=Not covered;","8/7/2026 3:15:49 PM","True"
"Cox, Andy","PrevCust","1","0","1","1","1","0.0000","0.0000","1","0","0","0","0","0","0","0","0","0","0","0","0","0","1","0","0","0","0","0","Sale","1leg","NoHome","CCC","Reset","NIS","OPPFDN","NoRehash","No Demo","NOC","Dana Whitfield","1/1/2026","1/31/2026","1Leg=1 Leg Wife or Husband Missing;    NoHome=No-Show;    CCC=Cancel Post Issue;    Reset=Rep Reset;    NIS=Not Assigned;    OPPFDN=Full Demo No Sale;    NoRehash=No Rehash;    No Demo=No Demo;    NOC=Not covered;","8/7/2026 3:15:49 PM","True"
"Dukes, Steven","Canvass","6","1","6","5","5","28450","28450","3","0","1","0","0","1","0","0","1","0","1","0","0","0","3","0","0","1","0","0","Sale","1leg","NoHome","CCC","Reset","NIS","OPPFDN","NoRehash","No Demo","NOC","Dana Whitfield","1/1/2026","1/31/2026","1Leg=1 Leg Wife or Husband Missing;    NoHome=No-Show;    CCC=Cancel Post Issue;    Reset=Rep Reset;    NIS=Not Assigned;    OPPFDN=Full Demo No Sale;    NoRehash=No Rehash;    No Demo=No Demo;    NOC=Not covered;","8/7/2026 3:15:49 PM","True"
"Dukes, Steven","Internet","9","1","6","6","6","22000","22000","5","0","0","0","0","0","0","0","1","0","0","0","0","0","5","0","0","0","3","3","Sale","1leg","NoHome","CCC","Reset","NIS","OPPFDN","NoRehash","No Demo","NOC","Dana Whitfield","1/1/2026","1/31/2026","1Leg=1 Leg Wife or Husband Missing;    NoHome=No-Show;    CCC=Cancel Post Issue;    Reset=Rep Reset;    NIS=Not Assigned;    OPPFDN=Full Demo No Sale;    NoRehash=No Rehash;    No Demo=No Demo;    NOC=Not covered;","8/7/2026 3:15:49 PM","True"
"Dukes, Steven","Job Signs","1","1","1","1","1","23935","23935","0","0","0","0","0","0","0","0","1","0","0","0","0","0","0","0","0","0","0","0","Sale","1leg","NoHome","CCC","Reset","NIS","OPPFDN","NoRehash","No Demo","NOC","Dana Whitfield","1/1/2026","1/31/2026","1Leg=1 Leg Wife or Husband Missing;    NoHome=No-Show;    CCC=Cancel Post Issue;    Reset=Rep Reset;    NIS=Not Assigned;    OPPFDN=Full Demo No Sale;    NoRehash=No Rehash;    No Demo=No Demo;    NOC=Not covered;","8/7/2026 3:15:49 PM","True"
"Dukes, Steven","PrevCust","3","3","3","3","3","80092","80092","0","0","0","0","0","0","0","0","3","0","0","0","0","0","0","0","0","0","0","0","Sale","1leg","NoHome","CCC","Reset","NIS","OPPFDN","NoRehash","No Demo","NOC","Dana Whitfield","1/1/2026","1/31/2026","1Leg=1 Leg Wife or Husband Missing;    NoHome=No-Show;    CCC=Cancel Post Issue;    Reset=Rep Reset;    NIS=Not Assigned;    OPPFDN=Full Demo No Sale;    NoRehash=No Rehash;    No Demo=No Demo;    NOC=Not covered;","8/7/2026 3:15:49 PM","True"
"Dyer, Nic","Canvass","1","0","1","1","1","0.0000","0.0000","1","0","0","0","0","0","0","0","0","0","0","0","0","0","1","0","0","0","0","0","Sale","1leg","NoHome","CCC","Reset","NIS","OPPFDN","NoRehash","No Demo","NOC","Dana Whitfield","1/1/2026","1/31/2026","1Leg=1 Leg Wife or Husband Missing;    NoHome=No-Show;    CCC=Cancel Post Issue;    Reset=Rep Reset;    NIS=Not Assigned;    OPPFDN=Full Demo No Sale;    NoRehash=No Rehash;    No Demo=No Demo;    NOC=Not covered;","8/7/2026 3:15:49 PM","True"
"Faragure, Dylon","Affiliates","2","1","1","1","1","19798","19798","0","0","0","0","0","0","0","0","1","0","0","0","0","0","0","0","0","0","1","1","Sale","1leg","NoHome","CCC","Reset","NIS","OPPFDN","NoRehash","No Demo","NOC","Dana Whitfield","1/1/2026","1/31/2026","1Leg=1 Leg Wife or Husband Missing;    NoHome=No-Show;    CCC=Cancel Post Issue;    Reset=Rep Reset;    NIS=Not Assigned;    OPPFDN=Full Demo No Sale;    NoRehash=No Rehash;    No Demo=No Demo;    NOC=Not covered;","8/7/2026 3:15:49 PM","True"
"Faragure, Dylon","Canvass","23","6","20","19","16","98474","63774","10","1","0","0","0","0","0","0","6","1","0","0","2","0","10","0","1","0","3","6","Sale","1leg","NoHome","CCC","Reset","NIS","OPPFDN","NoRehash","No Demo","NOC","Dana Whitfield","1/1/2026","1/31/2026","1Leg=1 Leg Wife or Husband Missing;    NoHome=No-Show;    CCC=Cancel Post Issue;    Reset=Rep Reset;    NIS=Not Assigned;    OPPFDN=Full Demo No Sale;    NoRehash=No Rehash;    No Demo=No Demo;    NOC=Not covered;","8/7/2026 3:15:49 PM","True"
"Faragure, Dylon","Canvass Sticky","2","1","2","2","2","29995","29995","1","0","0","0","0","0","0","0","1","0","0","0","0","0","1","0","0","0","0","0","Sale","1leg","NoHome","CCC","Reset","NIS","OPPFDN","NoRehash","No Demo","NOC","Dana Whitfield","1/1/2026","1/31/2026","1Leg=1 Leg Wife or Husband Missing;    NoHome=No-Show;    CCC=Cancel Post Issue;    Reset=Rep Reset;    NIS=Not Assigned;    OPPFDN=Full Demo No Sale;    NoRehash=No Rehash;    No Demo=No Demo;    NOC=Not covered;","8/7/2026 3:15:49 PM","True"
"Faragure, Dylon","Internet","25","7","14","13","12","211508","105160","5","1","0","0","0","0","0","0","7","1","0","0","1","0","5","0","0","0","11","12","Sale","1leg","NoHome","CCC","Reset","NIS","OPPFDN","NoRehash","No Demo","NOC","Dana Whitfield","1/1/2026","1/31/2026","1Leg=1 Leg Wife or Husband Missing;    NoHome=No-Show;    CCC=Cancel Post Issue;    Reset=Rep Reset;    NIS=Not Assigned;    OPPFDN=Full Demo No Sale;    NoRehash=No Rehash;    No Demo=No Demo;    NOC=Not covered;","8/7/2026 3:15:49 PM","True"
"Farrell, Ron","Affiliates","1","0","1","0","0","0.0000","0.0000","0","0","1","0","0","0","0","0","0","0","1","0","0","0","0","0","0","0","0","0","Sale","1leg","NoHome","CCC","Reset","NIS","OPPFDN","NoRehash","No Demo","NOC","Dana Whitfield","1/1/2026","1/31/2026","1Leg=1 Leg Wife or Husband Missing;    NoHome=No-Show;    CCC=Cancel Post Issue;    Reset=Rep Reset;    NIS=Not Assigned;    OPPFDN=Full Demo No Sale;    NoRehash=No Rehash;    No Demo=No Demo;    NOC=Not covered;","8/7/2026 3:15:49 PM","True"
"Farrell, Ron","Canvass","12","1","10","9","8","38000","38000","7","0","1","0","0","0","0","0","1","0","1","0","0","0","7","0","1","0","2","3","Sale","1leg","NoHome","CCC","Reset","NIS","OPPFDN","NoRehash","No Demo","NOC","Dana Whitfield","1/1/2026","1/31/2026","1Leg=1 Leg Wife or Husband Missing;    NoHome=No-Show;    CCC=Cancel Post Issue;    Reset=Rep Reset;    NIS=Not Assigned;    OPPFDN=Full Demo No Sale;    NoRehash=No Rehash;    No Demo=No Demo;    NOC=Not covered;","8/7/2026 3:15:49 PM","True"
"Farrell, Ron","Canvass Sticky","1","0","1","1","1","0.0000","0.0000","1","0","0","0","0","0","0","0","0","0","0","0","0","0","1","0","0","0","0","0","Sale","1leg","NoHome","CCC","Reset","NIS","OPPFDN","NoRehash","No Demo","NOC","Dana Whitfield","1/1/2026","1/31/2026","1Leg=1 Leg Wife or Husband Missing;    NoHome=No-Show;    CCC=Cancel Post Issue;    Reset=Rep Reset;    NIS=Not Assigned;    OPPFDN=Full Demo No Sale;    NoRehash=No Rehash;    No Demo=No Demo;    NOC=Not covered;","8/7/2026 3:15:49 PM","True"
"Farrell, Ron","Internet","19","2","15","14","13","35064","35064","10","0","1","0","0","1","0","0","2","0","1","0","0","0","10","0","1","1","4","5","Sale","1leg","NoHome","CCC","Reset","NIS","OPPFDN","NoRehash","No Demo","NOC","Dana Whitfield","1/1/2026","1/31/2026","1Leg=1 Leg Wife or Husband Missing;    NoHome=No-Show;    CCC=Cancel Post Issue;    Reset=Rep Reset;    NIS=Not Assigned;    OPPFDN=Full Demo No Sale;    NoRehash=No Rehash;    No Demo=No Demo;    NOC=Not covered;","8/7/2026 3:15:49 PM","True"
"Farrell, Ron","Magazine","1","0","1","1","1","0.0000","0.0000","1","0","0","0","0","0","0","0","0","0","0","0","0","0","1","0","0","0","0","0","Sale","1leg","NoHome","CCC","Reset","NIS","OPPFDN","NoRehash","No Demo","NOC","Dana Whitfield","1/1/2026","1/31/2026","1Leg=1 Leg Wife or Husband Missing;    NoHome=No-Show;    CCC=Cancel Post Issue;    Reset=Rep Reset;    NIS=Not Assigned;    OPPFDN=Full Demo No Sale;    NoRehash=No Rehash;    No Demo=No Demo;    NOC=Not covered;","8/7/2026 3:15:49 PM","True"
"Graffeo, Joseph","Internet","5","0","4","4","4","0.0000","0.0000","4","0","0","0","0","0","0","0","0","0","0","0","0","0","4","0","0","0","1","1","Sale","1leg","NoHome","CCC","Reset","NIS","OPPFDN","NoRehash","No Demo","NOC","Dana Whitfield","1/1/2026","1/31/2026","1Leg=1 Leg Wife or Husband Missing;    NoHome=No-Show;    CCC=Cancel Post Issue;    Reset=Rep Reset;    NIS=Not Assigned;    OPPFDN=Full Demo No Sale;    NoRehash=No Rehash;    No Demo=No Demo;    NOC=Not covered;","8/7/2026 3:15:49 PM","True"
"Harris, Zachariah","Canvass","18","2","12","11","9","49169","0.0000","7","0","1","0","0","0","0","0","2","0","1","0","1","0","7","0","1","0","6","8","Sale","1leg","NoHome","CCC","Reset","NIS","OPPFDN","NoRehash","No Demo","NOC","Dana Whitfield","1/1/2026","1/31/2026","1Leg=1 Leg Wife or Husband Missing;    NoHome=No-Show;    CCC=Cancel Post Issue;    Reset=Rep Reset;    NIS=Not Assigned;    OPPFDN=Full Demo No Sale;    NoRehash=No Rehash;    No Demo=No Demo;    NOC=Not covered;","8/7/2026 3:15:49 PM","True"
"Harris, Zachariah","Canvass Sticky","1","0","1","1","0","0.0000","0.0000","0","0","0","0","0","0","0","0","0","0","0","0","0","0","0","0","1","0","0","1","Sale","1leg","NoHome","CCC","Reset","NIS","OPPFDN","NoRehash","No Demo","NOC","Dana Whitfield","1/1/2026","1/31/2026","1Leg=1 Leg Wife or Husband Missing;    NoHome=No-Show;    CCC=Cancel Post Issue;    Reset=Rep Reset;    NIS=Not Assigned;    OPPFDN=Full Demo No Sale;    NoRehash=No Rehash;    No Demo=No Demo;    NOC=Not covered;","8/7/2026 3:15:49 PM","True"
"Harris, Zachariah","Internet","11","0","7","7","7","0.0000","0.0000","7","0","0","0","0","0","0","0","0","0","0","0","0","0","7","0","0","0","4","4","Sale","1leg","NoHome","CCC","Reset","NIS","OPPFDN","NoRehash","No Demo","NOC","Dana Whitfield","1/1/2026","1/31/2026","1Leg=1 Leg Wife or Husband Missing;    NoHome=No-Show;    CCC=Cancel Post Issue;    Reset=Rep Reset;    NIS=Not Assigned;    OPPFDN=Full Demo No Sale;    NoRehash=No Rehash;    No Demo=No Demo;    NOC=Not covered;","8/7/2026 3:15:49 PM","True"
"Harris, Zachariah","Job Signs","1","0","1","1","1","0.0000","0.0000","1","0","0","0","0","0","0","0","0","0","0","0","0","0","1","0","0","0","0","0","Sale","1leg","NoHome","CCC","Reset","NIS","OPPFDN","NoRehash","No Demo","NOC","Dana Whitfield","1/1/2026","1/31/2026","1Leg=1 Leg Wife or Husband Missing;    NoHome=No-Show;    CCC=Cancel Post Issue;    Reset=Rep Reset;    NIS=Not Assigned;    OPPFDN=Full Demo No Sale;    NoRehash=No Rehash;    No Demo=No Demo;    NOC=Not covered;","8/7/2026 3:15:49 PM","True"
"Harris, Zachariah","Website","1","0","1","1","1","0.0000","0.0000","1","0","0","0","0","0","0","0","0","0","0","0","0","0","1","0","0","0","0","0","Sale","1leg","NoHome","CCC","Reset","NIS","OPPFDN","NoRehash","No Demo","NOC","Dana Whitfield","1/1/2026","1/31/2026","1Leg=1 Leg Wife or Husband Missing;    NoHome=No-Show;    CCC=Cancel Post Issue;    Reset=Rep Reset;    NIS=Not Assigned;    OPPFDN=Full Demo No Sale;    NoRehash=No Rehash;    No Demo=No Demo;    NOC=Not covered;","8/7/2026 3:15:49 PM","True"
"Hawkins, Brenton - FTM","Affiliates","2","0","2","1","1","0.0000","0.0000","1","0","1","0","0","0","0","0","0","0","1","0","0","0","1","0","0","0","0","0","Sale","1leg","NoHome","CCC","Reset","NIS","OPPFDN","NoRehash","No Demo","NOC","Dana Whitfield","1/1/2026","1/31/2026","1Leg=1 Leg Wife or Husband Missing;    NoHome=No-Show;    CCC=Cancel Post Issue;    Reset=Rep Reset;    NIS=Not Assigned;    OPPFDN=Full Demo No Sale;    NoRehash=No Rehash;    No Demo=No Demo;    NOC=Not covered;","8/7/2026 3:15:49 PM","True"
"Hawkins, Brenton - FTM","Canvass","29","8","23","22","20","233623","119486","12","1","0","0","0","0","0","0","8","1","0","0","0","0","12","0","2","0","6","8","Sale","1leg","NoHome","CCC","Reset","NIS","OPPFDN","NoRehash","No Demo","NOC","Dana Whitfield","1/1/2026","1/31/2026","1Leg=1 Leg Wife or Husband Missing;    NoHome=No-Show;    CCC=Cancel Post Issue;    Reset=Rep Reset;    NIS=Not Assigned;    OPPFDN=Full Demo No Sale;    NoRehash=No Rehash;    No Demo=No Demo;    NOC=Not covered;","8/7/2026 3:15:49 PM","True"
"Hawkins, Brenton - FTM","Canvass Sticky","1","0","1","1","1","0.0000","0.0000","1","0","0","0","0","0","0","0","0","0","0","0","0","0","1","0","0","0","0","0","Sale","1leg","NoHome","CCC","Reset","NIS","OPPFDN","NoRehash","No Demo","NOC","Dana Whitfield","1/1/2026","1/31/2026","1Leg=1 Leg Wife or Husband Missing;    NoHome=No-Show;    CCC=Cancel Post Issue;    Reset=Rep Reset;    NIS=Not Assigned;    OPPFDN=Full Demo No Sale;    NoRehash=No Rehash;    No Demo=No Demo;    NOC=Not covered;","8/7/2026 3:15:49 PM","True"
"Hawkins, Brenton - FTM","Internet","8","1","3","3","3","9885","9885","2","0","0","0","0","0","0","0","1","0","0","0","0","0","2","0","0","0","5","5","Sale","1leg","NoHome","CCC","Reset","NIS","OPPFDN","NoRehash","No Demo","NOC","Dana Whitfield","1/1/2026","1/31/2026","1Leg=1 Leg Wife or Husband Missing;    NoHome=No-Show;    CCC=Cancel Post Issue;    Reset=Rep Reset;    NIS=Not Assigned;    OPPFDN=Full Demo No Sale;    NoRehash=No Rehash;    No Demo=No Demo;    NOC=Not covered;","8/7/2026 3:15:49 PM","True"
"Hawkins, Brenton - FTM","Job Signs","1","0","1","1","1","0.0000","0.0000","1","0","0","0","0","0","0","0","0","0","0","0","0","0","1","0","0","0","0","0","Sale","1leg","NoHome","CCC","Reset","NIS","OPPFDN","NoRehash","No Demo","NOC","Dana Whitfield","1/1/2026","1/31/2026","1Leg=1 Leg Wife or Husband Missing;    NoHome=No-Show;    CCC=Cancel Post Issue;    Reset=Rep Reset;    NIS=Not Assigned;    OPPFDN=Full Demo No Sale;    NoRehash=No Rehash;    No Demo=No Demo;    NOC=Not covered;","8/7/2026 3:15:49 PM","True"
"Hawkins, Brenton - FTM","Website","1","1","1","1","1","10297","0.0000","0","0","0","0","0","0","0","0","1","0","0","0","0","0","0","0","0","0","0","0","Sale","1leg","NoHome","CCC","Reset","NIS","OPPFDN","NoRehash","No Demo","NOC","Dana Whitfield","1/1/2026","1/31/2026","1Leg=1 Leg Wife or Husband Missing;    NoHome=No-Show;    CCC=Cancel Post Issue;    Reset=Rep Reset;    NIS=Not Assigned;    OPPFDN=Full Demo No Sale;    NoRehash=No Rehash;    No Demo=No Demo;    NOC=Not covered;","8/7/2026 3:15:49 PM","True"
"Hutchenson, Tim","Canvass","25","3","14","11","8","46449","46449","5","1","2","0","0","0","0","0","3","1","2","0","1","0","5","0","2","0","11","14","Sale","1leg","NoHome","CCC","Reset","NIS","OPPFDN","NoRehash","No Demo","NOC","Dana Whitfield","1/1/2026","1/31/2026","1Leg=1 Leg Wife or Husband Missing;    NoHome=No-Show;    CCC=Cancel Post Issue;    Reset=Rep Reset;    NIS=Not Assigned;    OPPFDN=Full Demo No Sale;    NoRehash=No Rehash;    No Demo=No Demo;    NOC=Not covered;","8/7/2026 3:15:49 PM","True"
"Hutchenson, Tim","Internet","27","5","18","15","14","118660","19384","9","2","1","0","0","0","0","0","5","2","1","0","1","0","9","0","0","0","9","10","Sale","1leg","NoHome","CCC","Reset","NIS","OPPFDN","NoRehash","No Demo","NOC","Dana Whitfield","1/1/2026","1/31/2026","1Leg=1 Leg Wife or Husband Missing;    NoHome=No-Show;    CCC=Cancel Post Issue;    Reset=Rep Reset;    NIS=Not Assigned;    OPPFDN=Full Demo No Sale;    NoRehash=No Rehash;    No Demo=No Demo;    NOC=Not covered;","8/7/2026 3:15:49 PM","True"
"Ianno, John","Canvass","27","3","21","18","16","43461","43461","13","1","2","0","0","0","0","0","3","1","2","0","2","0","13","0","0","0","6","8","Sale","1leg","NoHome","CCC","Reset","NIS","OPPFDN","NoRehash","No Demo","NOC","Dana Whitfield","1/1/2026","1/31/2026","1Leg=1 Leg Wife or Husband Missing;    NoHome=No-Show;    CCC=Cancel Post Issue;    Reset=Rep Reset;    NIS=Not Assigned;    OPPFDN=Full Demo No Sale;    NoRehash=No Rehash;    No Demo=No Demo;    NOC=Not covered;","8/7/2026 3:15:49 PM","True"
"Ianno, John","Events 2026","2","0","2","2","2","0.0000","0.0000","2","0","0","0","0","0","0","0","0","0","0","0","0","0","2","0","0","0","0","0","Sale","1leg","NoHome","CCC","Reset","NIS","OPPFDN","NoRehash","No Demo","NOC","Dana Whitfield","1/1/2026","1/31/2026","1Leg=1 Leg Wife or Husband Missing;    NoHome=No-Show;    CCC=Cancel Post Issue;    Reset=Rep Reset;    NIS=Not Assigned;    OPPFDN=Full Demo No Sale;    NoRehash=No Rehash;    No Demo=No Demo;    NOC=Not covered;","8/7/2026 3:15:49 PM","True"
"Ianno, John","Internet","10","1","8","7","7","25284","25284","6","0","1","0","0","0","0","0","1","0","1","0","0","0","6","0","0","0","2","2","Sale","1leg","NoHome","CCC","Reset","NIS","OPPFDN","NoRehash","No Demo","NOC","Dana Whitfield","1/1/2026","1/31/2026","1Leg=1 Leg Wife or Husband Missing;    NoHome=No-Show;    CCC=Cancel Post Issue;    Reset=Rep Reset;    NIS=Not Assigned;    OPPFDN=Full Demo No Sale;    NoRehash=No Rehash;    No Demo=No Demo;    NOC=Not covered;","8/7/2026 3:15:49 PM","True"
"Ianno, John","Magazine","1","0","1","1","1","0.0000","0.0000","1","0","0","0","0","0","0","0","0","0","0","0","0","0","1","0","0","0","0","0","Sale","1leg","NoHome","CCC","Reset","NIS","OPPFDN","NoRehash","No Demo","NOC","Dana Whitfield","1/1/2026","1/31/2026","1Leg=1 Leg Wife or Husband Missing;    NoHome=No-Show;    CCC=Cancel Post Issue;    Reset=Rep Reset;    NIS=Not Assigned;    OPPFDN=Full Demo No Sale;    NoRehash=No Rehash;    No Demo=No Demo;    NOC=Not covered;","8/7/2026 3:15:49 PM","True"
"Ianno, John","PrevCust","1","1","1","1","1","13802","13802","0","0","0","0","0","0","0","0","1","0","0","0","0","0","0","0","0","0","0","0","Sale","1leg","NoHome","CCC","Reset","NIS","OPPFDN","NoRehash","No Demo","NOC","Dana Whitfield","1/1/2026","1/31/2026","1Leg=1 Leg Wife or Husband Missing;    NoHome=No-Show;    CCC=Cancel Post Issue;    Reset=Rep Reset;    NIS=Not Assigned;    OPPFDN=Full Demo No Sale;    NoRehash=No Rehash;    No Demo=No Demo;    NOC=Not covered;","8/7/2026 3:15:49 PM","True"
"Ignatowski, Cameron","Canvass","5","0","4","2","2","0.0000","0.0000","2","0","2","0","0","0","0","0","0","0","2","0","0","0","2","0","0","0","1","1","Sale","1leg","NoHome","CCC","Reset","NIS","OPPFDN","NoRehash","No Demo","NOC","Dana Whitfield","1/1/2026","1/31/2026","1Leg=1 Leg Wife or Husband Missing;    NoHome=No-Show;    CCC=Cancel Post Issue;    Reset=Rep Reset;    NIS=Not Assigned;    OPPFDN=Full Demo No Sale;    NoRehash=No Rehash;    No Demo=No Demo;    NOC=Not covered;","8/7/2026 3:15:49 PM","True"
"Ignatowski, Cameron","Internet","8","2","7","6","5","36939","17990","3","1","0","0","1","0","0","0","2","1","0","0","0","1","3","0","0","0","1","1","Sale","1leg","NoHome","CCC","Reset","NIS","OPPFDN","NoRehash","No Demo","NOC","Dana Whitfield","1/1/2026","1/31/2026","1Leg=1 Leg Wife or Husband Missing;    NoHome=No-Show;    CCC=Cancel Post Issue;    Reset=Rep Reset;    NIS=Not Assigned;    OPPFDN=Full Demo No Sale;    NoRehash=No Rehash;    No Demo=No Demo;    NOC=Not covered;","8/7/2026 3:15:49 PM","True"
"Inlay, Douglas","Affiliates","3","1","2","2","2","25998","0.0000","1","0","0","0","0","0","0","0","1","0","0","0","0","0","1","0","0","0","1","1","Sale","1leg","NoHome","CCC","Reset","NIS","OPPFDN","NoRehash","No Demo","NOC","Dana Whitfield","1/1/2026","1/31/2026","1Leg=1 Leg Wife or Husband Missing;    NoHome=No-Show;    CCC=Cancel Post Issue;    Reset=Rep Reset;    NIS=Not Assigned;    OPPFDN=Full Demo No Sale;    NoRehash=No Rehash;    No Demo=No Demo;    NOC=Not covered;","8/7/2026 3:15:49 PM","True"
"Inlay, Douglas","Canvass","28","10","22","14","14","201208","174218","3","1","7","0","0","0","0","0","10","1","7","0","0","0","3","1","0","0","6","7","Sale","1leg","NoHome","CCC","Reset","NIS","OPPFDN","NoRehash","No Demo","NOC","Dana Whitfield","1/1/2026","1/31/2026","1Leg=1 Leg Wife or Husband Missing;    NoHome=No-Show;    CCC=Cancel Post Issue;    Reset=Rep Reset;    NIS=Not Assigned;    OPPFDN=Full Demo No Sale;    NoRehash=No Rehash;    No Demo=No Demo;    NOC=Not covered;","8/7/2026 3:15:49 PM","True"
"Inlay, Douglas","Internet","43","18","36","30","29","422541","318967","10","2","4","0","0","0","0","0","18","2","4","0","0","0","10","1","1","0","7","9","Sale","1leg","NoHome","CCC","Reset","NIS","OPPFDN","NoRehash","No Demo","NOC","Dana Whitfield","1/1/2026","1/31/2026","1Leg=1 Leg Wife or Husband Missing;    NoHome=No-Show;    CCC=Cancel Post Issue;    Reset=Rep Reset;    NIS=Not Assigned;    OPPFDN=Full Demo No Sale;    NoRehash=No Rehash;    No Demo=No Demo;    NOC=Not covered;","8/7/2026 3:15:49 PM","True"
"Inlay, Douglas","Magazine","2","1","2","1","1","13992","13992","0","1","0","0","0","0","0","0","1","1","0","0","0","0","0","0","0","0","0","0","Sale","1leg","NoHome","CCC","Reset","NIS","OPPFDN","NoRehash","No Demo","NOC","Dana Whitfield","1/1/2026","1/31/2026","1Leg=1 Leg Wife or Husband Missing;    NoHome=No-Show;    CCC=Cancel Post Issue;    Reset=Rep Reset;    NIS=Not Assigned;    OPPFDN=Full Demo No Sale;    NoRehash=No Rehash;    No Demo=No Demo;    NOC=Not covered;","8/7/2026 3:15:49 PM","True"
"Inlay, Douglas","PrevCust","1","1","1","1","1","10800","10800","0","0","0","0","0","0","0","0","1","0","0","0","0","0","0","0","0","0","0","0","Sale","1leg","NoHome","CCC","Reset","NIS","OPPFDN","NoRehash","No Demo","NOC","Dana Whitfield","1/1/2026","1/31/2026","1Leg=1 Leg Wife or Husband Missing;    NoHome=No-Show;    CCC=Cancel Post Issue;    Reset=Rep Reset;    NIS=Not Assigned;    OPPFDN=Full Demo No Sale;    NoRehash=No Rehash;    No Demo=No Demo;    NOC=Not covered;","8/7/2026 3:15:49 PM","True"
"Innis, Michael","Affiliates","1","0","0","0","0","0.0000","0.0000","0","0","0","0","0","0","0","0","0","0","0","0","0","0","0","0","0","0","1","1","Sale","1leg","NoHome","CCC","Reset","NIS","OPPFDN","NoRehash","No Demo","NOC","Dana Whitfield","1/1/2026","1/31/2026","1Leg=1 Leg Wife or Husband Missing;    NoHome=No-Show;    CCC=Cancel Post Issue;    Reset=Rep Reset;    NIS=Not Assigned;    OPPFDN=Full Demo No Sale;    NoRehash=No Rehash;    No Demo=No Demo;    NOC=Not covered;","8/7/2026 3:15:49 PM","True"
"Innis, Michael","Canvass","21","3","14","11","9","138210","30730","6","1","2","0","0","0","0","0","3","1","2","0","1","0","6","0","1","0","7","9","Sale","1leg","NoHome","CCC","Reset","NIS","OPPFDN","NoRehash","No Demo","NOC","Dana Whitfield","1/1/2026","1/31/2026","1Leg=1 Leg Wife or Husband Missing;    NoHome=No-Show;    CCC=Cancel Post Issue;    Reset=Rep Reset;    NIS=Not Assigned;    OPPFDN=Full Demo No Sale;    NoRehash=No Rehash;    No Demo=No Demo;    NOC=Not covered;","8/7/2026 3:15:49 PM","True"
"Innis, Michael","Internet","18","5","13","13","11","81197","45272","6","0","0","0","0","0","0","0","5","0","0","0","1","0","6","0","1","0","5","7","Sale","1leg","NoHome","CCC","Reset","NIS","OPPFDN","NoRehash","No Demo","NOC","Dana Whitfield","1/1/2026","1/31/2026","1Leg=1 Leg Wife or Husband Missing;    NoHome=No-Show;    CCC=Cancel Post Issue;    Reset=Rep Reset;    NIS=Not Assigned;    OPPFDN=Full Demo No Sale;    NoRehash=No Rehash;    No Demo=No Demo;    NOC=Not covered;","8/7/2026 3:15:49 PM","True"
"Innis, Michael","Job Signs","1","0","1","1","1","0.0000","0.0000","1","0","0","0","0","0","0","0","0","0","0","0","0","0","1","0","0","0","0","0","Sale","1leg","NoHome","CCC","Reset","NIS","OPPFDN","NoRehash","No Demo","NOC","Dana Whitfield","1/1/2026","1/31/2026","1Leg=1 Leg Wife or Husband Missing;    NoHome=No-Show;    CCC=Cancel Post Issue;    Reset=Rep Reset;    NIS=Not Assigned;    OPPFDN=Full Demo No Sale;    NoRehash=No Rehash;    No Demo=No Demo;    NOC=Not covered;","8/7/2026 3:15:49 PM","True"
"Innis, Michael","PrevCust","6","0","4","4","3","0.0000","0.0000","3","0","0","0","0","0","0","0","0","0","0","0","1","0","3","0","0","0","2","3","Sale","1leg","NoHome","CCC","Reset","NIS","OPPFDN","NoRehash","No Demo","NOC","Dana Whitfield","1/1/2026","1/31/2026","1Leg=1 Leg Wife or Husband Missing;    NoHome=No-Show;    CCC=Cancel Post Issue;    Reset=Rep Reset;    NIS=Not Assigned;    OPPFDN=Full Demo No Sale;    NoRehash=No Rehash;    No Demo=No Demo;    NOC=Not covered;","8/7/2026 3:15:49 PM","True"
"Innis, Michael","SelfGenerated","1","0","1","1","1","0.0000","0.0000","1","0","0","0","0","0","0","0","0","0","0","0","0","0","1","0","0","0","0","0","Sale","1leg","NoHome","CCC","Reset","NIS","OPPFDN","NoRehash","No Demo","NOC","Dana Whitfield","1/1/2026","1/31/2026","1Leg=1 Leg Wife or Husband Missing;    NoHome=No-Show;    CCC=Cancel Post Issue;    Reset=Rep Reset;    NIS=Not Assigned;    OPPFDN=Full Demo No Sale;    NoRehash=No Rehash;    No Demo=No Demo;    NOC=Not covered;","8/7/2026 3:15:49 PM","True"
"Jackson, Michael","Internet","2","1","2","1","1","24218","24218","0","1","0","0","0","0","0","0","1","1","0","0","0","0","0","0","0","0","0","0","Sale","1leg","NoHome","CCC","Reset","NIS","OPPFDN","NoRehash","No Demo","NOC","Dana Whitfield","1/1/2026","1/31/2026","1Leg=1 Leg Wife or Husband Missing;    NoHome=No-Show;    CCC=Cancel Post Issue;    Reset=Rep Reset;    NIS=Not Assigned;    OPPFDN=Full Demo No Sale;    NoRehash=No Rehash;    No Demo=No Demo;    NOC=Not covered;","8/7/2026 3:15:49 PM","True"
"Jackson, Michael","Mail","1","1","1","1","1","55000","55000","0","0","0","0","0","0","0","0","1","0","0","0","0","0","0","0","0","0","0","0","Sale","1leg","NoHome","CCC","Reset","NIS","OPPFDN","NoRehash","No Demo","NOC","Dana Whitfield","1/1/2026","1/31/2026","1Leg=1 Leg Wife or Husband Missing;    NoHome=No-Show;    CCC=Cancel Post Issue;    Reset=Rep Reset;    NIS=Not Assigned;    OPPFDN=Full Demo No Sale;    NoRehash=No Rehash;    No Demo=No Demo;    NOC=Not covered;","8/7/2026 3:15:49 PM","True"
"Jackson, Michael","PrevCust","1","1","1","1","1","2808","2808","0","0","0","0","0","0","0","0","1","0","0","0","0","0","0","0","0","0","0","0","Sale","1leg","NoHome","CCC","Reset","NIS","OPPFDN","NoRehash","No Demo","NOC","Dana Whitfield","1/1/2026","1/31/2026","1Leg=1 Leg Wife or Husband Missing;    NoHome=No-Show;    CCC=Cancel Post Issue;    Reset=Rep Reset;    NIS=Not Assigned;    OPPFDN=Full Demo No Sale;    NoRehash=No Rehash;    No Demo=No Demo;    NOC=Not covered;","8/7/2026 3:15:49 PM","True"
"Jones, Daniel","Canvass","14","4","10","9","9","120500","120500","5","1","0","0","0","0","0","0","4","1","0","0","0","0","5","0","0","0","4","4","Sale","1leg","NoHome","CCC","Reset","NIS","OPPFDN","NoRehash","No Demo","NOC","Dana Whitfield","1/1/2026","1/31/2026","1Leg=1 Leg Wife or Husband Missing;    NoHome=No-Show;    CCC=Cancel Post Issue;    Reset=Rep Reset;    NIS=Not Assigned;    OPPFDN=Full Demo No Sale;    NoRehash=No Rehash;    No Demo=No Demo;    NOC=Not covered;","8/7/2026 3:15:49 PM","True"
"Jones, Daniel","Internet","4","1","4","4","4","28215","28215","3","0","0","0","0","0","0","0","1","0","0","0","0","0","3","0","0","0","0","0","Sale","1leg","NoHome","CCC","Reset","NIS","OPPFDN","NoRehash","No Demo","NOC","Dana Whitfield","1/1/2026","1/31/2026","1Leg=1 Leg Wife or Husband Missing;    NoHome=No-Show;    CCC=Cancel Post Issue;    Reset=Rep Reset;    NIS=Not Assigned;    OPPFDN=Full Demo No Sale;    NoRehash=No Rehash;    No Demo=No Demo;    NOC=Not covered;","8/7/2026 3:15:49 PM","True"
"Kim, Ryan","Canvass","1","0","0","0","0","0.0000","0.0000","0","0","0","0","0","0","0","0","0","0","0","0","0","0","0","0","0","0","1","1","Sale","1leg","NoHome","CCC","Reset","NIS","OPPFDN","NoRehash","No Demo","NOC","Dana Whitfield","1/1/2026","1/31/2026","1Leg=1 Leg Wife or Husband Missing;    NoHome=No-Show;    CCC=Cancel Post Issue;    Reset=Rep Reset;    NIS=Not Assigned;    OPPFDN=Full Demo No Sale;    NoRehash=No Rehash;    No Demo=No Demo;    NOC=Not covered;","8/7/2026 3:15:49 PM","True"
"LaBianco, Richard","Affiliates","1","0","1","1","1","0.0000","0.0000","1","0","0","0","0","0","0","0","0","0","0","0","0","0","1","0","0","0","0","0","Sale","1leg","NoHome","CCC","Reset","NIS","OPPFDN","NoRehash","No Demo","NOC","Dana Whitfield","1/1/2026","1/31/2026","1Leg=1 Leg Wife or Husband Missing;    NoHome=No-Show;    CCC=Cancel Post Issue;    Reset=Rep Reset;    NIS=Not Assigned;    OPPFDN=Full Demo No Sale;    NoRehash=No Rehash;    No Demo=No Demo;    NOC=Not covered;","8/7/2026 3:15:49 PM","True"
"LaBianco, Richard","Canvass","25","9","20","17","15","230663","150178","5","2","1","0","0","1","0","0","9","2","1","0","0","0","5","0","2","1","5","7","Sale","1leg","NoHome","CCC","Reset","NIS","OPPFDN","NoRehash","No Demo","NOC","Dana Whitfield","1/1/2026","1/31/2026","1Leg=1 Leg Wife or Husband Missing;    NoHome=No-Show;    CCC=Cancel Post Issue;    Reset=Rep Reset;    NIS=Not Assigned;    OPPFDN=Full Demo No Sale;    NoRehash=No Rehash;    No Demo=No Demo;    NOC=Not covered;","8/7/2026 3:15:49 PM","True"
"LaBianco, Richard","Canvass Sticky","1","0","1","1","1","0.0000","0.0000","1","0","0","0","0","0","0","0","0","0","0","0","0","0","1","0","0","0","0","0","Sale","1leg","NoHome","CCC","Reset","NIS","OPPFDN","NoRehash","No Demo","NOC","Dana Whitfield","1/1/2026","1/31/2026","1Leg=1 Leg Wife or Husband Missing;    NoHome=No-Show;    CCC=Cancel Post Issue;    Reset=Rep Reset;    NIS=Not Assigned;    OPPFDN=Full Demo No Sale;    NoRehash=No Rehash;    No Demo=No Demo;    NOC=Not covered;","8/7/2026 3:15:49 PM","True"
"LaBianco, Richard","Events 2026","1","0","1","1","1","0.0000","0.0000","1","0","0","0","0","0","0","0","0","0","0","0","0","0","1","0","0","0","0","0","Sale","1leg","NoHome","CCC","Reset","NIS","OPPFDN","NoRehash","No Demo","NOC","Dana Whitfield","1/1/2026","1/31/2026","1Leg=1 Leg Wife or Husband Missing;    NoHome=No-Show;    CCC=Cancel Post Issue;    Reset=Rep Reset;    NIS=Not Assigned;    OPPFDN=Full Demo No Sale;    NoRehash=No Rehash;    No Demo=No Demo;    NOC=Not covered;","8/7/2026 3:15:49 PM","True"
"LaBianco, Richard","Internet","15","2","11","10","9","96297","36500","6","0","1","0","0","0","0","0","2","0","1","0","0","0","6","1","1","0","4","6","Sale","1leg","NoHome","CCC","Reset","NIS","OPPFDN","NoRehash","No Demo","NOC","Dana Whitfield","1/1/2026","1/31/2026","1Leg=1 Leg Wife or Husband Missing;    NoHome=No-Show;    CCC=Cancel Post Issue;    Reset=Rep Reset;    NIS=Not Assigned;    OPPFDN=Full Demo No Sale;    NoRehash=No Rehash;    No Demo=No Demo;    NOC=Not covered;","8/7/2026 3:15:49 PM","True"
"LaBianco, Richard","Magazine","1","1","1","1","1","9908","9908","0","0","0","0","0","0","0","0","1","0","0","0","0","0","0","0","0","0","0","0","Sale","1leg","NoHome","CCC","Reset","NIS","OPPFDN","NoRehash","No Demo","NOC","Dana Whitfield","1/1/2026","1/31/2026","1Leg=1 Leg Wife or Husband Missing;    NoHome=No-Show;    CCC=Cancel Post Issue;    Reset=Rep Reset;    NIS=Not Assigned;    OPPFDN=Full Demo No Sale;    NoRehash=No Rehash;    No Demo=No Demo;    NOC=Not covered;","8/7/2026 3:15:49 PM","True"
"LaBianco, Richard","Mail","2","1","2","2","1","5387","5387","0","0","0","0","1","0","0","0","1","0","0","0","0","1","0","0","0","0","0","0","Sale","1leg","NoHome","CCC","Reset","NIS","OPPFDN","NoRehash","No Demo","NOC","Dana Whitfield","1/1/2026","1/31/2026","1Leg=1 Leg Wife or Husband Missing;    NoHome=No-Show;    CCC=Cancel Post Issue;    Reset=Rep Reset;    NIS=Not Assigned;    OPPFDN=Full Demo No Sale;    NoRehash=No Rehash;    No Demo=No Demo;    NOC=Not covered;","8/7/2026 3:15:49 PM","True"
"Lancaster, James 'Bob'","Affiliates","1","0","1","1","1","0.0000","0.0000","1","0","0","0","0","0","0","0","0","0","0","0","0","0","1","0","0","0","0","0","Sale","1leg","NoHome","CCC","Reset","NIS","OPPFDN","NoRehash","No Demo","NOC","Dana Whitfield","1/1/2026","1/31/2026","1Leg=1 Leg Wife or Husband Missing;    NoHome=No-Show;    CCC=Cancel Post Issue;    Reset=Rep Reset;    NIS=Not Assigned;    OPPFDN=Full Demo No Sale;    NoRehash=No Rehash;    No Demo=No Demo;    NOC=Not covered;","8/7/2026 3:15:49 PM","True"
"Lancaster, James 'Bob'","Canvass","1","0","1","0","0","0.0000","0.0000","0","0","1","0","0","0","0","0","0","0","1","0","0","0","0","0","0","0","0","0","Sale","1leg","NoHome","CCC","Reset","NIS","OPPFDN","NoRehash","No Demo","NOC","Dana Whitfield","1/1/2026","1/31/2026","1Leg=1 Leg Wife or Husband Missing;    NoHome=No-Show;    CCC=Cancel Post Issue;    Reset=Rep Reset;    NIS=Not Assigned;    OPPFDN=Full Demo No Sale;    NoRehash=No Rehash;    No Demo=No Demo;    NOC=Not covered;","8/7/2026 3:15:49 PM","True"
"Lancaster, James 'Bob'","Internet","10","0","9","8","7","0.0000","0.0000","7","0","1","0","0","0","0","0","0","0","1","0","0","0","7","0","1","0","1","2","Sale","1leg","NoHome","CCC","Reset","NIS","OPPFDN","NoRehash","No Demo","NOC","Dana Whitfield","1/1/2026","1/31/2026","1Leg=1 Leg Wife or Husband Missing;    NoHome=No-Show;    CCC=Cancel Post Issue;    Reset=Rep Reset;    NIS=Not Assigned;    OPPFDN=Full Demo No Sale;    NoRehash=No Rehash;    No Demo=No Demo;    NOC=Not covered;","8/7/2026 3:15:49 PM","True"
"Lancaster, James 'Bob'","Job Signs","1","0","1","1","1","0.0000","0.0000","1","0","0","0","0","0","0","0","0","0","0","0","0","0","1","0","0","0","0","0","Sale","1leg","NoHome","CCC","Reset","NIS","OPPFDN","NoRehash","No Demo","NOC","Dana Whitfield","1/1/2026","1/31/2026","1Leg=1 Leg Wife or Husband Missing;    NoHome=No-Show;    CCC=Cancel Post Issue;    Reset=Rep Reset;    NIS=Not Assigned;    OPPFDN=Full Demo No Sale;    NoRehash=No Rehash;    No Demo=No Demo;    NOC=Not covered;","8/7/2026 3:15:49 PM","True"
"Lancaster, James 'Bob'","PrevCust","1","0","1","1","1","0.0000","0.0000","1","0","0","0","0","0","0","0","0","0","0","0","0","0","1","0","0","0","0","0","Sale","1leg","NoHome","CCC","Reset","NIS","OPPFDN","NoRehash","No Demo","NOC","Dana Whitfield","1/1/2026","1/31/2026","1Leg=1 Leg Wife or Husband Missing;    NoHome=No-Show;    CCC=Cancel Post Issue;    Reset=Rep Reset;    NIS=Not Assigned;    OPPFDN=Full Demo No Sale;    NoRehash=No Rehash;    No Demo=No Demo;    NOC=Not covered;","8/7/2026 3:15:49 PM","True"
"Larsen, Nathan","Canvass","7","1","3","3","3","14086","0.0000","2","0","0","0","0","0","0","0","1","0","0","0","0","0","2","0","0","0","4","4","Sale","1leg","NoHome","CCC","Reset","NIS","OPPFDN","NoRehash","No Demo","NOC","Dana Whitfield","1/1/2026","1/31/2026","1Leg=1 Leg Wife or Husband Missing;    NoHome=No-Show;    CCC=Cancel Post Issue;    Reset=Rep Reset;    NIS=Not Assigned;    OPPFDN=Full Demo No Sale;    NoRehash=No Rehash;    No Demo=No Demo;    NOC=Not covered;","8/7/2026 3:15:49 PM","True"
"Larsen, Nathan","Internet","19","5","14","12","11","84879","10582","6","2","0","0","0","0","0","0","5","2","0","0","0","0","6","0","1","0","5","6","Sale","1leg","NoHome","CCC","Reset","NIS","OPPFDN","NoRehash","No Demo","NOC","Dana Whitfield","1/1/2026","1/31/2026","1Leg=1 Leg Wife or Husband Missing;    NoHome=No-Show;    CCC=Cancel Post Issue;    Reset=Rep Reset;    NIS=Not Assigned;    OPPFDN=Full Demo No Sale;    NoRehash=No Rehash;    No Demo=No Demo;    NOC=Not covered;","8/7/2026 3:15:49 PM","True"
"Larsen, Nathan","Magazine","1","0","1","1","1","0.0000","0.0000","1","0","0","0","0","0","0","0","0","0","0","0","0","0","1","0","0","0","0","0","Sale","1leg","NoHome","CCC","Reset","NIS","OPPFDN","NoRehash","No Demo","NOC","Dana Whitfield","1/1/2026","1/31/2026","1Leg=1 Leg Wife or Husband Missing;    NoHome=No-Show;    CCC=Cancel Post Issue;    Reset=Rep Reset;    NIS=Not Assigned;    OPPFDN=Full Demo No Sale;    NoRehash=No Rehash;    No Demo=No Demo;    NOC=Not covered;","8/7/2026 3:15:49 PM","True"
"Levitt, Frank","Internet","30","2","22","18","11","38294","38294","9","3","1","0","0","0","0","0","2","3","1","0","4","0","9","0","3","0","8","15","Sale","1leg","NoHome","CCC","Reset","NIS","OPPFDN","NoRehash","No Demo","NOC","Dana Whitfield","1/1/2026","1/31/2026","1Leg=1 Leg Wife or Husband Missing;    NoHome=No-Show;    CCC=Cancel Post Issue;    Reset=Rep Reset;    NIS=Not Assigned;    OPPFDN=Full Demo No Sale;    NoRehash=No Rehash;    No Demo=No Demo;    NOC=Not covered;","8/7/2026 3:15:49 PM","True"
"Levitt, Frank","Magazine","4","1","2","2","2","22829","0.0000","1","0","0","0","0","0","0","0","1","0","0","0","0","0","1","0","0","0","2","2","Sale","1leg","NoHome","CCC","Reset","NIS","OPPFDN","NoRehash","No Demo","NOC","Dana Whitfield","1/1/2026","1/31/2026","1Leg=1 Leg Wife or Husband Missing;    NoHome=No-Show;    CCC=Cancel Post Issue;    Reset=Rep Reset;    NIS=Not Assigned;    OPPFDN=Full Demo No Sale;    NoRehash=No Rehash;    No Demo=No Demo;    NOC=Not covered;","8/7/2026 3:15:49 PM","True"
"Lymych, Ryan","Job Signs","2","0","0","0","0","0.0000","0.0000","0","0","0","0","0","0","0","0","0","0","0","0","0","0","0","0","0","0","2","2","Sale","1leg","NoHome","CCC","Reset","NIS","OPPFDN","NoRehash","No Demo","NOC","Dana Whitfield","1/1/2026","1/31/2026","1Leg=1 Leg Wife or Husband Missing;    NoHome=No-Show;    CCC=Cancel Post Issue;    Reset=Rep Reset;    NIS=Not Assigned;    OPPFDN=Full Demo No Sale;    NoRehash=No Rehash;    No Demo=No Demo;    NOC=Not covered;","8/7/2026 3:15:49 PM","True"
"Maenza, Michael","Canvass","31","4","20","20","15","70731","70731","11","0","0","0","0","0","0","0","4","0","0","0","3","0","11","0","2","0","11","16","Sale","1leg","NoHome","CCC","Reset","NIS","OPPFDN","NoRehash","No Demo","NOC","Dana Whitfield","1/1/2026","1/31/2026","1Leg=1 Leg Wife or Husband Missing;    NoHome=No-Show;    CCC=Cancel Post Issue;    Reset=Rep Reset;    NIS=Not Assigned;    OPPFDN=Full Demo No Sale;    NoRehash=No Rehash;    No Demo=No Demo;    NOC=Not covered;","8/7/2026 3:15:49 PM","True"
"Maenza, Michael","Internet","8","3","5","5","5","55783","55783","2","0","0","0","0","0","0","0","3","0","0","0","0","0","2","0","0","0","3","3","Sale","1leg","NoHome","CCC","Reset","NIS","OPPFDN","NoRehash","No Demo","NOC","Dana Whitfield","1/1/2026","1/31/2026","1Leg=1 Leg Wife or Husband Missing;    NoHome=No-Show;    CCC=Cancel Post Issue;    Reset=Rep Reset;    NIS=Not Assigned;    OPPFDN=Full Demo No Sale;    NoRehash=No Rehash;    No Demo=No Demo;    NOC=Not covered;","8/7/2026 3:15:49 PM","True"
"Mallard, Carlton","Canvass","20","2","16","12","8","22532","22532","4","2","2","0","1","2","0","0","2","2","2","0","1","1","4","0","2","2","4","7","Sale","1leg","NoHome","CCC","Reset","NIS","OPPFDN","NoRehash","No Demo","NOC","Dana Whitfield","1/1/2026","1/31/2026","1Leg=1 Leg Wife or Husband Missing;    NoHome=No-Show;    CCC=Cancel Post Issue;    Reset=Rep Reset;    NIS=Not Assigned;    OPPFDN=Full Demo No Sale;    NoRehash=No Rehash;    No Demo=No Demo;    NOC=Not covered;","8/7/2026 3:15:49 PM","True"
"Mallard, Carlton","Canvass Sticky","1","1","1","1","1","10000","10000","0","0","0","0","0","0","0","0","1","0","0","0","0","0","0","0","0","0","0","0","Sale","1leg","NoHome","CCC","Reset","NIS","OPPFDN","NoRehash","No Demo","NOC","Dana Whitfield","1/1/2026","1/31/2026","1Leg=1 Leg Wife or Husband Missing;    NoHome=No-Show;    CCC=Cancel Post Issue;    Reset=Rep Reset;    NIS=Not Assigned;    OPPFDN=Full Demo No Sale;    NoRehash=No Rehash;    No Demo=No Demo;    NOC=Not covered;","8/7/2026 3:15:49 PM","True"
"Mallard, Carlton","Internet","24","10","16","15","15","231981","160869","5","1","0","0","0","0","0","0","10","1","0","0","0","0","5","0","0","0","8","8","Sale","1leg","NoHome","CCC","Reset","NIS","OPPFDN","NoRehash","No Demo","NOC","Dana Whitfield","1/1/2026","1/31/2026","1Leg=1 Leg Wife or Husband Missing;    NoHome=No-Show;    CCC=Cancel Post Issue;    Reset=Rep Reset;    NIS=Not Assigned;    OPPFDN=Full Demo No Sale;    NoRehash=No Rehash;    No Demo=No Demo;    NOC=Not covered;","8/7/2026 3:15:49 PM","True"
"Mallard, Carlton","PrevCust","2","2","2","2","2","19354","19354","0","0","0","0","0","0","0","0","2","0","0","0","0","0","0","0","0","0","0","0","Sale","1leg","NoHome","CCC","Reset","NIS","OPPFDN","NoRehash","No Demo","NOC","Dana Whitfield","1/1/2026","1/31/2026","1Leg=1 Leg Wife or Husband Missing;    NoHome=No-Show;    CCC=Cancel Post Issue;    Reset=Rep Reset;    NIS=Not Assigned;    OPPFDN=Full Demo No Sale;    NoRehash=No Rehash;    No Demo=No Demo;    NOC=Not covered;","8/7/2026 3:15:49 PM","True"
"Mallard, Carlton","SelfGenerated","3","1","2","2","2","10259","10259","1","0","0","0","0","0","0","0","1","0","0","0","0","0","1","0","0","0","1","1","Sale","1leg","NoHome","CCC","Reset","NIS","OPPFDN","NoRehash","No Demo","NOC","Dana Whitfield","1/1/2026","1/31/2026","1Leg=1 Leg Wife or Husband Missing;    NoHome=No-Show;    CCC=Cancel Post Issue;    Reset=Rep Reset;    NIS=Not Assigned;    OPPFDN=Full Demo No Sale;    NoRehash=No Rehash;    No Demo=No Demo;    NOC=Not covered;","8/7/2026 3:15:49 PM","True"
"Manieri, Mike","Affiliates","2","0","1","1","1","0.0000","0.0000","1","0","0","0","0","0","0","0","0","0","0","0","0","0","1","0","0","0","1","1","Sale","1leg","NoHome","CCC","Reset","NIS","OPPFDN","NoRehash","No Demo","NOC","Dana Whitfield","1/1/2026","1/31/2026","1Leg=1 Leg Wife or Husband Missing;    NoHome=No-Show;    CCC=Cancel Post Issue;    Reset=Rep Reset;    NIS=Not Assigned;    OPPFDN=Full Demo No Sale;    NoRehash=No Rehash;    No Demo=No Demo;    NOC=Not covered;","8/7/2026 3:15:49 PM","True"
"Manieri, Mike","Canvass","12","7","10","9","9","90328","90328","2","0","1","0","0","0","0","0","7","0","1","0","0","0","2","0","0","0","2","2","Sale","1leg","NoHome","CCC","Reset","NIS","OPPFDN","NoRehash","No Demo","NOC","Dana Whitfield","1/1/2026","1/31/2026","1Leg=1 Leg Wife or Husband Missing;    NoHome=No-Show;    CCC=Cancel Post Issue;    Reset=Rep Reset;    NIS=Not Assigned;    OPPFDN=Full Demo No Sale;    NoRehash=No Rehash;    No Demo=No Demo;    NOC=Not covered;","8/7/2026 3:15:49 PM","True"
"Manieri, Mike","Canvass Sticky","1","0","1","1","1","0.0000","0.0000","1","0","0","0","0","0","0","0","0","0","0","0","0","0","1","0","0","0","0","0","Sale","1leg","NoHome","CCC","Reset","NIS","OPPFDN","NoRehash","No Demo","NOC","Dana Whitfield","1/1/2026","1/31/2026","1Leg=1 Leg Wife or Husband Missing;    NoHome=No-Show;    CCC=Cancel Post Issue;    Reset=Rep Reset;    NIS=Not Assigned;    OPPFDN=Full Demo No Sale;    NoRehash=No Rehash;    No Demo=No Demo;    NOC=Not covered;","8/7/2026 3:15:49 PM","True"
"Manieri, Mike","Internet","10","1","6","6","5","25000","25000","3","0","0","0","0","1","0","0","1","0","0","0","0","0","3","0","1","1","4","5","Sale","1leg","NoHome","CCC","Reset","NIS","OPPFDN","NoRehash","No Demo","NOC","Dana Whitfield","1/1/2026","1/31/2026","1Leg=1 Leg Wife or Husband Missing;    NoHome=No-Show;    CCC=Cancel Post Issue;    Reset=Rep Reset;    NIS=Not Assigned;    OPPFDN=Full Demo No Sale;    NoRehash=No Rehash;    No Demo=No Demo;    NOC=Not covered;","8/7/2026 3:15:49 PM","True"
"Manieri, Mike","Magazine","1","1","1","1","1","20000","20000","0","0","0","0","0","0","0","0","1","0","0","0","0","0","0","0","0","0","0","0","Sale","1leg","NoHome","CCC","Reset","NIS","OPPFDN","NoRehash","No Demo","NOC","Dana Whitfield","1/1/2026","1/31/2026","1Leg=1 Leg Wife or Husband Missing;    NoHome=No-Show;    CCC=Cancel Post Issue;    Reset=Rep Reset;    NIS=Not Assigned;    OPPFDN=Full Demo No Sale;    NoRehash=No Rehash;    No Demo=No Demo;    NOC=Not covered;","8/7/2026 3:15:49 PM","True"
"Manieri, Mike","SelfGenerated","1","1","1","1","1","19000","19000","0","0","0","0","0","0","0","0","1","0","0","0","0","0","0","0","0","0","0","0","Sale","1leg","NoHome","CCC","Reset","NIS","OPPFDN","NoRehash","No Demo","NOC","Dana Whitfield","1/1/2026","1/31/2026","1Leg=1 Leg Wife or Husband Missing;    NoHome=No-Show;    CCC=Cancel Post Issue;    Reset=Rep Reset;    NIS=Not Assigned;    OPPFDN=Full Demo No Sale;    NoRehash=No Rehash;    No Demo=No Demo;    NOC=Not covered;","8/7/2026 3:15:49 PM","True"
"Manieri, Mike","Website","2","1","2","1","1","27700","0.0000","0","1","0","0","0","0","0","0","1","1","0","0","0","0","0","0","0","0","0","0","Sale","1leg","NoHome","CCC","Reset","NIS","OPPFDN","NoRehash","No Demo","NOC","Dana Whitfield","1/1/2026","1/31/2026","1Leg=1 Leg Wife or Husband Missing;    NoHome=No-Show;    CCC=Cancel Post Issue;    Reset=Rep Reset;    NIS=Not Assigned;    OPPFDN=Full Demo No Sale;    NoRehash=No Rehash;    No Demo=No Demo;    NOC=Not covered;","8/7/2026 3:15:49 PM","True"
"Marinaro, Jesse","Affiliates","1","0","1","0","0","0.0000","0.0000","0","0","1","0","0","0","0","0","0","0","1","0","0","0","0","0","0","0","0","0","Sale","1leg","NoHome","CCC","Reset","NIS","OPPFDN","NoRehash","No Demo","NOC","Dana Whitfield","1/1/2026","1/31/2026","1Leg=1 Leg Wife or Husband Missing;    NoHome=No-Show;    CCC=Cancel Post Issue;    Reset=Rep Reset;    NIS=Not Assigned;    OPPFDN=Full Demo No Sale;    NoRehash=No Rehash;    No Demo=No Demo;    NOC=Not covered;","8/7/2026 3:15:49 PM","True"
"Marinaro, Jesse","Canvass","14","3","13","12","11","180807","130000","8","1","0","0","0","0","0","0","3","1","0","0","0","0","8","0","1","0","1","2","Sale","1leg","NoHome","CCC","Reset","NIS","OPPFDN","NoRehash","No Demo","NOC","Dana Whitfield","1/1/2026","1/31/2026","1Leg=1 Leg Wife or Husband Missing;    NoHome=No-Show;    CCC=Cancel Post Issue;    Reset=Rep Reset;    NIS=Not Assigned;    OPPFDN=Full Demo No Sale;    NoRehash=No Rehash;    No Demo=No Demo;    NOC=Not covered;","8/7/2026 3:15:49 PM","True"
"Marinaro, Jesse","CustRef","1","0","0","0","0","0.0000","0.0000","0","0","0","0","0","0","0","0","0","0","0","0","0","0","0","0","0","0","1","1","Sale","1leg","NoHome","CCC","Reset","NIS","OPPFDN","NoRehash","No Demo","NOC","Dana Whitfield","1/1/2026","1/31/2026","1Leg=1 Leg Wife or Husband Missing;    NoHome=No-Show;    CCC=Cancel Post Issue;    Reset=Rep Reset;    NIS=Not Assigned;    OPPFDN=Full Demo No Sale;    NoRehash=No Rehash;    No Demo=No Demo;    NOC=Not covered;","8/7/2026 3:15:49 PM","True"
"Marinaro, Jesse","Internet","23","4","18","15","15","98799","70000","8","1","2","0","0","0","0","0","4","1","2","0","0","0","8","3","0","0","5","8","Sale","1leg","NoHome","CCC","Reset","NIS","OPPFDN","NoRehash","No Demo","NOC","Dana Whitfield","1/1/2026","1/31/2026","1Leg=1 Leg Wife or Husband Missing;    NoHome=No-Show;    CCC=Cancel Post Issue;    Reset=Rep Reset;    NIS=Not Assigned;    OPPFDN=Full Demo No Sale;    NoRehash=No Rehash;    No Demo=No Demo;    NOC=Not covered;","8/7/2026 3:15:49 PM","True"
"Marinaro, Jesse","Job Signs","1","0","1","1","1","0.0000","0.0000","1","0","0","0","0","0","0","0","0","0","0","0","0","0","1","0","0","0","0","0","Sale","1leg","NoHome","CCC","Reset","NIS","OPPFDN","NoRehash","No Demo","NOC","Dana Whitfield","1/1/2026","1/31/2026","1Leg=1 Leg Wife or Husband Missing;    NoHome=No-Show;    CCC=Cancel Post Issue;    Reset=Rep Reset;    NIS=Not Assigned;    OPPFDN=Full Demo No Sale;    NoRehash=No Rehash;    No Demo=No Demo;    NOC=Not covered;","8/7/2026 3:15:49 PM","True"
"Marinaro, Jesse","Magazine","1","0","1","1","1","0.0000","0.0000","1","0","0","0","0","0","0","0","0","0","0","0","0","0","1","0","0","0","0","0","Sale","1leg","NoHome","CCC","Reset","NIS","OPPFDN","NoRehash","No Demo","NOC","Dana Whitfield","1/1/2026","1/31/2026","1Leg=1 Leg Wife or Husband Missing;    NoHome=No-Show;    CCC=Cancel Post Issue;    Reset=Rep Reset;    NIS=Not Assigned;    OPPFDN=Full Demo No Sale;    NoRehash=No Rehash;    No Demo=No Demo;    NOC=Not covered;","8/7/2026 3:15:49 PM","True"
"Marino, Ethan","Affiliates","1","1","1","1","1","15928","15928","0","0","0","0","0","0","0","0","1","0","0","0","0","0","0","0","0","0","0","0","Sale","1leg","NoHome","CCC","Reset","NIS","OPPFDN","NoRehash","No Demo","NOC","Dana Whitfield","1/1/2026","1/31/2026","1Leg=1 Leg Wife or Husband Missing;    NoHome=No-Show;    CCC=Cancel Post Issue;    Reset=Rep Reset;    NIS=Not Assigned;    OPPFDN=Full Demo No Sale;    NoRehash=No Rehash;    No Demo=No Demo;    NOC=Not covered;","8/7/2026 3:15:49 PM","True"
"Marino, Ethan","Canvass","31","7","15","15","13","289227","260620","4","0","0","0","0","0","0","0","7","0","0","0","1","0","4","2","1","0","16","20","Sale","1leg","NoHome","CCC","Reset","NIS","OPPFDN","NoRehash","No Demo","NOC","Dana Whitfield","1/1/2026","1/31/2026","1Leg=1 Leg Wife or Husband Missing;    NoHome=No-Show;    CCC=Cancel Post Issue;    Reset=Rep Reset;    NIS=Not Assigned;    OPPFDN=Full Demo No Sale;    NoRehash=No Rehash;    No Demo=No Demo;    NOC=Not covered;","8/7/2026 3:15:49 PM","True"
"Marino, Ethan","Canvass Sticky","2","1","2","2","2","18203","18203","1","0","0","0","0","0","0","0","1","0","0","0","0","0","1","0","0","0","0","0","Sale","1leg","NoHome","CCC","Reset","NIS","OPPFDN","NoRehash","No Demo","NOC","Dana Whitfield","1/1/2026","1/31/2026","1Leg=1 Leg Wife or Husband Missing;    NoHome=No-Show;    CCC=Cancel Post Issue;    Reset=Rep Reset;    NIS=Not Assigned;    OPPFDN=Full Demo No Sale;    NoRehash=No Rehash;    No Demo=No Demo;    NOC=Not covered;","8/7/2026 3:15:49 PM","True"
"Marino, Ethan","CustRef","2","1","1","1","1","43963","43963","0","0","0","0","0","0","0","0","1","0","0","0","0","0","0","0","0","0","1","1","Sale","1leg","NoHome","CCC","Reset","NIS","OPPFDN","NoRehash","No Demo","NOC","Dana Whitfield","1/1/2026","1/31/2026","1Leg=1 Leg Wife or Husband Missing;    NoHome=No-Show;    CCC=Cancel Post Issue;    Reset=Rep Reset;    NIS=Not Assigned;    OPPFDN=Full Demo No Sale;    NoRehash=No Rehash;    No Demo=No Demo;    NOC=Not covered;","8/7/2026 3:15:49 PM","True"
"Marino, Ethan","Internet","28","9","24","22","19","295683","232805","10","1","1","0","0","0","0","0","9","1","1","0","1","0","10","0","2","0","4","7","Sale","1leg","NoHome","CCC","Reset","NIS","OPPFDN","NoRehash","No Demo","NOC","Dana Whitfield","1/1/2026","1/31/2026","1Leg=1 Leg Wife or Husband Missing;    NoHome=No-Show;    CCC=Cancel Post Issue;    Reset=Rep Reset;    NIS=Not Assigned;    OPPFDN=Full Demo No Sale;    NoRehash=No Rehash;    No Demo=No Demo;    NOC=Not covered;","8/7/2026 3:15:49 PM","True"
"Marino, Ethan","Job Signs","2","1","1","1","1","8381","8381","0","0","0","0","0","0","0","0","1","0","0","0","0","0","0","0","0","0","1","1","Sale","1leg","NoHome","CCC","Reset","NIS","OPPFDN","NoRehash","No Demo","NOC","Dana Whitfield","1/1/2026","1/31/2026","1Leg=1 Leg Wife or Husband Missing;    NoHome=No-Show;    CCC=Cancel Post Issue;    Reset=Rep Reset;    NIS=Not Assigned;    OPPFDN=Full Demo No Sale;    NoRehash=No Rehash;    No Demo=No Demo;    NOC=Not covered;","8/7/2026 3:15:49 PM","True"
"Marino, Ethan","Magazine","2","0","1","1","1","0.0000","0.0000","1","0","0","0","0","0","0","0","0","0","0","0","0","0","1","0","0","0","1","1","Sale","1leg","NoHome","CCC","Reset","NIS","OPPFDN","NoRehash","No Demo","NOC","Dana Whitfield","1/1/2026","1/31/2026","1Leg=1 Leg Wife or Husband Missing;    NoHome=No-Show;    CCC=Cancel Post Issue;    Reset=Rep Reset;    NIS=Not Assigned;    OPPFDN=Full Demo No Sale;    NoRehash=No Rehash;    No Demo=No Demo;    NOC=Not covered;","8/7/2026 3:15:49 PM","True"
"Marino, Ethan","SelfGenerated","1","1","1","1","1","24982","24982","0","0","0","0","0","0","0","0","1","0","0","0","0","0","0","0","0","0","0","0","Sale","1leg","NoHome","CCC","Reset","NIS","OPPFDN","NoRehash","No Demo","NOC","Dana Whitfield","1/1/2026","1/31/2026","1Leg=1 Leg Wife or Husband Missing;    NoHome=No-Show;    CCC=Cancel Post Issue;    Reset=Rep Reset;    NIS=Not Assigned;    OPPFDN=Full Demo No Sale;    NoRehash=No Rehash;    No Demo=No Demo;    NOC=Not covered;","8/7/2026 3:15:49 PM","True"
"Marino, Ethan","Website","1","1","1","1","1","9327","9327","0","0","0","0","0","0","0","0","1","0","0","0","0","0","0","0","0","0","0","0","Sale","1leg","NoHome","CCC","Reset","NIS","OPPFDN","NoRehash","No Demo","NOC","Dana Whitfield","1/1/2026","1/31/2026","1Leg=1 Leg Wife or Husband Missing;    NoHome=No-Show;    CCC=Cancel Post Issue;    Reset=Rep Reset;    NIS=Not Assigned;    OPPFDN=Full Demo No Sale;    NoRehash=No Rehash;    No Demo=No Demo;    NOC=Not covered;","8/7/2026 3:15:49 PM","True"
"Marino, Thomas","Magazine","1","1","1","1","1","27795","27795","0","0","0","0","0","0","0","0","1","0","0","0","0","0","0","0","0","0","0","0","Sale","1leg","NoHome","CCC","Reset","NIS","OPPFDN","NoRehash","No Demo","NOC","Dana Whitfield","1/1/2026","1/31/2026","1Leg=1 Leg Wife or Husband Missing;    NoHome=No-Show;    CCC=Cancel Post Issue;    Reset=Rep Reset;    NIS=Not Assigned;    OPPFDN=Full Demo No Sale;    NoRehash=No Rehash;    No Demo=No Demo;    NOC=Not covered;","8/7/2026 3:15:49 PM","True"
"Medeiros, Julio","Canvass","18","2","15","12","10","71474","71474","7","1","2","0","0","0","0","0","2","1","2","0","0","0","7","1","2","0","3","6","Sale","1leg","NoHome","CCC","Reset","NIS","OPPFDN","NoRehash","No Demo","NOC","Dana Whitfield","1/1/2026","1/31/2026","1Leg=1 Leg Wife or Husband Missing;    NoHome=No-Show;    CCC=Cancel Post Issue;    Reset=Rep Reset;    NIS=Not Assigned;    OPPFDN=Full Demo No Sale;    NoRehash=No Rehash;    No Demo=No Demo;    NOC=Not covered;","8/7/2026 3:15:49 PM","True"
"Medeiros, Julio","Canvass Sticky","1","0","1","1","1","0.0000","0.0000","1","0","0","0","0","0","0","0","0","0","0","0","0","0","1","0","0","0","0","0","Sale","1leg","NoHome","CCC","Reset","NIS","OPPFDN","NoRehash","No Demo","NOC","Dana Whitfield","1/1/2026","1/31/2026","1Leg=1 Leg Wife or Husband Missing;    NoHome=No-Show;    CCC=Cancel Post Issue;    Reset=Rep Reset;    NIS=Not Assigned;    OPPFDN=Full Demo No Sale;    NoRehash=No Rehash;    No Demo=No Demo;    NOC=Not covered;","8/7/2026 3:15:49 PM","True"
"Medeiros, Julio","Internet","10","1","8","8","8","19187","0.0000","7","0","0","0","0","0","0","0","1","0","0","0","0","0","7","0","0","0","2","2","Sale","1leg","NoHome","CCC","Reset","NIS","OPPFDN","NoRehash","No Demo","NOC","Dana Whitfield","1/1/2026","1/31/2026","1Leg=1 Leg Wife or Husband Missing;    NoHome=No-Show;    CCC=Cancel Post Issue;    Reset=Rep Reset;    NIS=Not Assigned;    OPPFDN=Full Demo No Sale;    NoRehash=No Rehash;    No Demo=No Demo;    NOC=Not covered;","8/7/2026 3:15:49 PM","True"
"Medeiros, Julio","Magazine","1","0","1","1","1","0.0000","0.0000","1","0","0","0","0","0","0","0","0","0","0","0","0","0","1","0","0","0","0","0","Sale","1leg","NoHome","CCC","Reset","NIS","OPPFDN","NoRehash","No Demo","NOC","Dana Whitfield","1/1/2026","1/31/2026","1Leg=1 Leg Wife or Husband Missing;    NoHome=No-Show;    CCC=Cancel Post Issue;    Reset=Rep Reset;    NIS=Not Assigned;    OPPFDN=Full Demo No Sale;    NoRehash=No Rehash;    No Demo=No Demo;    NOC=Not covered;","8/7/2026 3:15:49 PM","True"
"Mitchell, Ryan","Affiliates","1","0","0","0","0","0.0000","0.0000","0","0","0","0","0","0","0","0","0","0","0","0","0","0","0","0","0","0","1","1","Sale","1leg","NoHome","CCC","Reset","NIS","OPPFDN","NoRehash","No Demo","NOC","Dana Whitfield","1/1/2026","1/31/2026","1Leg=1 Leg Wife or Husband Missing;    NoHome=No-Show;    CCC=Cancel Post Issue;    Reset=Rep Reset;    NIS=Not Assigned;    OPPFDN=Full Demo No Sale;    NoRehash=No Rehash;    No Demo=No Demo;    NOC=Not covered;","8/7/2026 3:15:49 PM","True"
"Mitchell, Ryan","Canvass","14","5","13","13","12","78240","50391","7","0","0","0","0","0","0","0","5","0","0","0","0","0","7","0","1","0","1","2","Sale","1leg","NoHome","CCC","Reset","NIS","OPPFDN","NoRehash","No Demo","NOC","Dana Whitfield","1/1/2026","1/31/2026","1Leg=1 Leg Wife or Husband Missing;    NoHome=No-Show;    CCC=Cancel Post Issue;    Reset=Rep Reset;    NIS=Not Assigned;    OPPFDN=Full Demo No Sale;    NoRehash=No Rehash;    No Demo=No Demo;    NOC=Not covered;","8/7/2026 3:15:49 PM","True"
"Mitchell, Ryan","Canvass Sticky","1","0","1","1","1","0.0000","0.0000","1","0","0","0","0","0","0","0","0","0","0","0","0","0","1","0","0","0","0","0","Sale","1leg","NoHome","CCC","Reset","NIS","OPPFDN","NoRehash","No Demo","NOC","Dana Whitfield","1/1/2026","1/31/2026","1Leg=1 Leg Wife or Husband Missing;    NoHome=No-Show;    CCC=Cancel Post Issue;    Reset=Rep Reset;    NIS=Not Assigned;    OPPFDN=Full Demo No Sale;    NoRehash=No Rehash;    No Demo=No Demo;    NOC=Not covered;","8/7/2026 3:15:49 PM","True"
"Mitchell, Ryan","CustRef","2","0","2","2","2","0.0000","0.0000","2","0","0","0","0","0","0","0","0","0","0","0","0","0","2","0","0","0","0","0","Sale","1leg","NoHome","CCC","Reset","NIS","OPPFDN","NoRehash","No Demo","NOC","Dana Whitfield","1/1/2026","1/31/2026","1Leg=1 Leg Wife or Husband Missing;    NoHome=No-Show;    CCC=Cancel Post Issue;    Reset=Rep Reset;    NIS=Not Assigned;    OPPFDN=Full Demo No Sale;    NoRehash=No Rehash;    No Demo=No Demo;    NOC=Not covered;","8/7/2026 3:15:49 PM","True"
"Mitchell, Ryan","Internet","23","5","16","13","13","134573","63723","7","0","3","0","0","0","0","0","5","0","3","0","0","0","7","1","0","0","7","8","Sale","1leg","NoHome","CCC","Reset","NIS","OPPFDN","NoRehash","No Demo","NOC","Dana Whitfield","1/1/2026","1/31/2026","1Leg=1 Leg Wife or Husband Missing;    NoHome=No-Show;    CCC=Cancel Post Issue;    Reset=Rep Reset;    NIS=Not Assigned;    OPPFDN=Full Demo No Sale;    NoRehash=No Rehash;    No Demo=No Demo;    NOC=Not covered;","8/7/2026 3:15:49 PM","True"
"Mitchell, Ryan","PrevCust","3","1","2","2","2","21508","21508","0","0","0","0","0","0","0","0","1","0","0","0","0","0","0","1","0","0","1","2","Sale","1leg","NoHome","CCC","Reset","NIS","OPPFDN","NoRehash","No Demo","NOC","Dana Whitfield","1/1/2026","1/31/2026","1Leg=1 Leg Wife or Husband Missing;    NoHome=No-Show;    CCC=Cancel Post Issue;    Reset=Rep Reset;    NIS=Not Assigned;    OPPFDN=Full Demo No Sale;    NoRehash=No Rehash;    No Demo=No Demo;    NOC=Not covered;","8/7/2026 3:15:49 PM","True"
"Mitchell, Ryan","Website","1","0","1","1","1","0.0000","0.0000","1","0","0","0","0","0","0","0","0","0","0","0","0","0","1","0","0","0","0","0","Sale","1leg","NoHome","CCC","Reset","NIS","OPPFDN","NoRehash","No Demo","NOC","Dana Whitfield","1/1/2026","1/31/2026","1Leg=1 Leg Wife or Husband Missing;    NoHome=No-Show;    CCC=Cancel Post Issue;    Reset=Rep Reset;    NIS=Not Assigned;    OPPFDN=Full Demo No Sale;    NoRehash=No Rehash;    No Demo=No Demo;    NOC=Not covered;","8/7/2026 3:15:49 PM","True"
"Monty, Shawn","Affiliates","1","0","1","0","0","0.0000","0.0000","0","0","1","0","0","0","0","0","0","0","1","0","0","0","0","0","0","0","0","0","Sale","1leg","NoHome","CCC","Reset","NIS","OPPFDN","NoRehash","No Demo","NOC","Dana Whitfield","1/1/2026","1/31/2026","1Leg=1 Leg Wife or Husband Missing;    NoHome=No-Show;    CCC=Cancel Post Issue;    Reset=Rep Reset;    NIS=Not Assigned;    OPPFDN=Full Demo No Sale;    NoRehash=No Rehash;    No Demo=No Demo;    NOC=Not covered;","8/7/2026 3:15:49 PM","True"
"Monty, Shawn","Canvass","19","1","17","15","13","18486","0.0000","12","0","2","0","1","0","0","0","1","0","2","0","0","1","12","0","1","0","2","3","Sale","1leg","NoHome","CCC","Reset","NIS","OPPFDN","NoRehash","No Demo","NOC","Dana Whitfield","1/1/2026","1/31/2026","1Leg=1 Leg Wife or Husband Missing;    NoHome=No-Show;    CCC=Cancel Post Issue;    Reset=Rep Reset;    NIS=Not Assigned;    OPPFDN=Full Demo No Sale;    NoRehash=No Rehash;    No Demo=No Demo;    NOC=Not covered;","8/7/2026 3:15:49 PM","True"
"Monty, Shawn","Canvass Sticky","1","0","1","1","1","0.0000","0.0000","1","0","0","0","0","0","0","0","0","0","0","0","0","0","1","0","0","0","0","0","Sale","1leg","NoHome","CCC","Reset","NIS","OPPFDN","NoRehash","No Demo","NOC","Dana Whitfield","1/1/2026","1/31/2026","1Leg=1 Leg Wife or Husband Missing;    NoHome=No-Show;    CCC=Cancel Post Issue;    Reset=Rep Reset;    NIS=Not Assigned;    OPPFDN=Full Demo No Sale;    NoRehash=No Rehash;    No Demo=No Demo;    NOC=Not covered;","8/7/2026 3:15:49 PM","True"
"Monty, Shawn","Internet","25","3","22","21","19","55433","49016","15","0","1","0","1","0","0","0","3","0","1","0","0","1","15","1","1","0","3","5","Sale","1leg","NoHome","CCC","Reset","NIS","OPPFDN","NoRehash","No Demo","NOC","Dana Whitfield","1/1/2026","1/31/2026","1Leg=1 Leg Wife or Husband Missing;    NoHome=No-Show;    CCC=Cancel Post Issue;    Reset=Rep Reset;    NIS=Not Assigned;    OPPFDN=Full Demo No Sale;    NoRehash=No Rehash;    No Demo=No Demo;    NOC=Not covered;","8/7/2026 3:15:49 PM","True"
"Monty, Shawn","Magazine","1","0","1","1","1","0.0000","0.0000","1","0","0","0","0","0","0","0","0","0","0","0","0","0","1","0","0","0","0","0","Sale","1leg","NoHome","CCC","Reset","NIS","OPPFDN","NoRehash","No Demo","NOC","Dana Whitfield","1/1/2026","1/31/2026","1Leg=1 Leg Wife or Husband Missing;    NoHome=No-Show;    CCC=Cancel Post Issue;    Reset=Rep Reset;    NIS=Not Assigned;    OPPFDN=Full Demo No Sale;    NoRehash=No Rehash;    No Demo=No Demo;    NOC=Not covered;","8/7/2026 3:15:49 PM","True"
"Monty, Shawn","PrevCust","1","1","1","1","1","6763","6763","0","0","0","0","0","0","0","0","1","0","0","0","0","0","0","0","0","0","0","0","Sale","1leg","NoHome","CCC","Reset","NIS","OPPFDN","NoRehash","No Demo","NOC","Dana Whitfield","1/1/2026","1/31/2026","1Leg=1 Leg Wife or Husband Missing;    NoHome=No-Show;    CCC=Cancel Post Issue;    Reset=Rep Reset;    NIS=Not Assigned;    OPPFDN=Full Demo No Sale;    NoRehash=No Rehash;    No Demo=No Demo;    NOC=Not covered;","8/7/2026 3:15:49 PM","True"
"Moore, Kyle","Affiliates","1","0","1","1","1","0.0000","0.0000","1","0","0","0","0","0","0","0","0","0","0","0","0","0","1","0","0","0","0","0","Sale","1leg","NoHome","CCC","Reset","NIS","OPPFDN","NoRehash","No Demo","NOC","Dana Whitfield","1/1/2026","1/31/2026","1Leg=1 Leg Wife or Husband Missing;    NoHome=No-Show;    CCC=Cancel Post Issue;    Reset=Rep Reset;    NIS=Not Assigned;    OPPFDN=Full Demo No Sale;    NoRehash=No Rehash;    No Demo=No Demo;    NOC=Not covered;","8/7/2026 3:15:49 PM","True"
"Moore, Kyle","Internet","11","1","8","8","6","5490","5490","4","0","0","0","0","0","0","0","1","0","0","0","1","0","4","1","1","0","3","6","Sale","1leg","NoHome","CCC","Reset","NIS","OPPFDN","NoRehash","No Demo","NOC","Dana Whitfield","1/1/2026","1/31/2026","1Leg=1 Leg Wife or Husband Missing;    NoHome=No-Show;    CCC=Cancel Post Issue;    Reset=Rep Reset;    NIS=Not Assigned;    OPPFDN=Full Demo No Sale;    NoRehash=No Rehash;    No Demo=No Demo;    NOC=Not covered;","8/7/2026 3:15:49 PM","True"
"Newton, Jennah","Canvass","14","4","14","13","12","55009","55009","8","0","1","0","0","0","0","0","4","0","1","0","0","0","8","0","1","0","0","1","Sale","1leg","NoHome","CCC","Reset","NIS","OPPFDN","NoRehash","No Demo","NOC","Dana Whitfield","1/1/2026","1/31/2026","1Leg=1 Leg Wife or Husband Missing;    NoHome=No-Show;    CCC=Cancel Post Issue;    Reset=Rep Reset;    NIS=Not Assigned;    OPPFDN=Full Demo No Sale;    NoRehash=No Rehash;    No Demo=No Demo;    NOC=Not covered;","8/7/2026 3:15:49 PM","True"
"Newton, Jennah","Canvass Sticky","3","1","3","2","2","9000","9000","1","1","0","0","0","0","0","0","1","1","0","0","0","0","1","0","0","0","0","0","Sale","1leg","NoHome","CCC","Reset","NIS","OPPFDN","NoRehash","No Demo","NOC","Dana Whitfield","1/1/2026","1/31/2026","1Leg=1 Leg Wife or Husband Missing;    NoHome=No-Show;    CCC=Cancel Post Issue;    Reset=Rep Reset;    NIS=Not Assigned;    OPPFDN=Full Demo No Sale;    NoRehash=No Rehash;    No Demo=No Demo;    NOC=Not covered;","8/7/2026 3:15:49 PM","True"
"Newton, Jennah","CustRef","1","1","1","1","1","15154","15154","0","0","0","0","0","0","0","0","1","0","0","0","0","0","0","0","0","0","0","0","Sale","1leg","NoHome","CCC","Reset","NIS","OPPFDN","NoRehash","No Demo","NOC","Dana Whitfield","1/1/2026","1/31/2026","1Leg=1 Leg Wife or Husband Missing;    NoHome=No-Show;    CCC=Cancel Post Issue;    Reset=Rep Reset;    NIS=Not Assigned;    OPPFDN=Full Demo No Sale;    NoRehash=No Rehash;    No Demo=No Demo;    NOC=Not covered;","8/7/2026 3:15:49 PM","True"
"Newton, Jennah","Internet","21","2","11","11","10","16878","5600","8","0","0","0","0","0","0","0","2","0","0","0","0","0","8","0","1","0","10","11","Sale","1leg","NoHome","CCC","Reset","NIS","OPPFDN","NoRehash","No Demo","NOC","Dana Whitfield","1/1/2026","1/31/2026","1Leg=1 Leg Wife or Husband Missing;    NoHome=No-Show;    CCC=Cancel Post Issue;    Reset=Rep Reset;    NIS=Not Assigned;    OPPFDN=Full Demo No Sale;    NoRehash=No Rehash;    No Demo=No Demo;    NOC=Not covered;","8/7/2026 3:15:49 PM","True"
"Newton, Jennah","Job Signs","1","0","1","1","1","0.0000","0.0000","1","0","0","0","0","0","0","0","0","0","0","0","0","0","1","0","0","0","0","0","Sale","1leg","NoHome","CCC","Reset","NIS","OPPFDN","NoRehash","No Demo","NOC","Dana Whitfield","1/1/2026","1/31/2026","1Leg=1 Leg Wife or Husband Missing;    NoHome=No-Show;    CCC=Cancel Post Issue;    Reset=Rep Reset;    NIS=Not Assigned;    OPPFDN=Full Demo No Sale;    NoRehash=No Rehash;    No Demo=No Demo;    NOC=Not covered;","8/7/2026 3:15:49 PM","True"
"Newton, Jennah","Magazine","1","0","1","1","1","0.0000","0.0000","1","0","0","0","0","0","0","0","0","0","0","0","0","0","1","0","0","0","0","0","Sale","1leg","NoHome","CCC","Reset","NIS","OPPFDN","NoRehash","No Demo","NOC","Dana Whitfield","1/1/2026","1/31/2026","1Leg=1 Leg Wife or Husband Missing;    NoHome=No-Show;    CCC=Cancel Post Issue;    Reset=Rep Reset;    NIS=Not Assigned;    OPPFDN=Full Demo No Sale;    NoRehash=No Rehash;    No Demo=No Demo;    NOC=Not covered;","8/7/2026 3:15:49 PM","True"
"Newton, Jennah","PrevCust","2","1","1","1","1","14967","14967","0","0","0","0","0","0","0","0","1","0","0","0","0","0","0","0","0","0","1","1","Sale","1leg","NoHome","CCC","Reset","NIS","OPPFDN","NoRehash","No Demo","NOC","Dana Whitfield","1/1/2026","1/31/2026","1Leg=1 Leg Wife or Husband Missing;    NoHome=No-Show;    CCC=Cancel Post Issue;    Reset=Rep Reset;    NIS=Not Assigned;    OPPFDN=Full Demo No Sale;    NoRehash=No Rehash;    No Demo=No Demo;    NOC=Not covered;","8/7/2026 3:15:49 PM","True"
"Newton, Jennah","SelfGenerated","2","1","1","1","1","134603","134603","0","0","0","0","0","0","0","0","1","0","0","0","0","0","0","0","0","0","1","1","Sale","1leg","NoHome","CCC","Reset","NIS","OPPFDN","NoRehash","No Demo","NOC","Dana Whitfield","1/1/2026","1/31/2026","1Leg=1 Leg Wife or Husband Missing;    NoHome=No-Show;    CCC=Cancel Post Issue;    Reset=Rep Reset;    NIS=Not Assigned;    OPPFDN=Full Demo No Sale;    NoRehash=No Rehash;    No Demo=No Demo;    NOC=Not covered;","8/7/2026 3:15:49 PM","True"
"Normandin, Tyler","Affiliates","2","0","1","1","1","0.0000","0.0000","1","0","0","0","0","0","0","0","0","0","0","0","0","0","1","0","0","0","1","1","Sale","1leg","NoHome","CCC","Reset","NIS","OPPFDN","NoRehash","No Demo","NOC","Dana Whitfield","1/1/2026","1/31/2026","1Leg=1 Leg Wife or Husband Missing;    NoHome=No-Show;    CCC=Cancel Post Issue;    Reset=Rep Reset;    NIS=Not Assigned;    OPPFDN=Full Demo No Sale;    NoRehash=No Rehash;    No Demo=No Demo;    NOC=Not covered;","8/7/2026 3:15:49 PM","True"
"Normandin, Tyler","Canvass","22","3","20","15","13","56199","15705","10","1","4","0","0","0","0","0","3","1","4","0","0","0","10","0","2","0","2","4","Sale","1leg","NoHome","CCC","Reset","NIS","OPPFDN","NoRehash","No Demo","NOC","Dana Whitfield","1/1/2026","1/31/2026","1Leg=1 Leg Wife or Husband Missing;    NoHome=No-Show;    CCC=Cancel Post Issue;    Reset=Rep Reset;    NIS=Not Assigned;    OPPFDN=Full Demo No Sale;    NoRehash=No Rehash;    No Demo=No Demo;    NOC=Not covered;","8/7/2026 3:15:49 PM","True"
"Normandin, Tyler","CustRef","1","0","1","1","1","0.0000","0.0000","1","0","0","0","0","0","0","0","0","0","0","0","0","0","1","0","0","0","0","0","Sale","1leg","NoHome","CCC","Reset","NIS","OPPFDN","NoRehash","No Demo","NOC","Dana Whitfield","1/1/2026","1/31/2026","1Leg=1 Leg Wife or Husband Missing;    NoHome=No-Show;    CCC=Cancel Post Issue;    Reset=Rep Reset;    NIS=Not Assigned;    OPPFDN=Full Demo No Sale;    NoRehash=No Rehash;    No Demo=No Demo;    NOC=Not covered;","8/7/2026 3:15:49 PM","True"
"Normandin, Tyler","Internet","10","1","6","5","5","18943","18943","4","1","0","0","0","0","0","0","1","1","0","0","0","0","4","0","0","0","4","4","Sale","1leg","NoHome","CCC","Reset","NIS","OPPFDN","NoRehash","No Demo","NOC","Dana Whitfield","1/1/2026","1/31/2026","1Leg=1 Leg Wife or Husband Missing;    NoHome=No-Show;    CCC=Cancel Post Issue;    Reset=Rep Reset;    NIS=Not Assigned;    OPPFDN=Full Demo No Sale;    NoRehash=No Rehash;    No Demo=No Demo;    NOC=Not covered;","8/7/2026 3:15:49 PM","True"
"Normandin, Tyler","Magazine","1","1","1","1","1","14966","14966","0","0","0","0","0","0","0","0","1","0","0","0","0","0","0","0","0","0","0","0","Sale","1leg","NoHome","CCC","Reset","NIS","OPPFDN","NoRehash","No Demo","NOC","Dana Whitfield","1/1/2026","1/31/2026","1Leg=1 Leg Wife or Husband Missing;    NoHome=No-Show;    CCC=Cancel Post Issue;    Reset=Rep Reset;    NIS=Not Assigned;    OPPFDN=Full Demo No Sale;    NoRehash=No Rehash;    No Demo=No Demo;    NOC=Not covered;","8/7/2026 3:15:49 PM","True"
"Normandin, Tyler","PrevCust","2","1","1","1","1","19874","19874","0","0","0","0","0","0","0","0","1","0","0","0","0","0","0","0","0","0","1","1","Sale","1leg","NoHome","CCC","Reset","NIS","OPPFDN","NoRehash","No Demo","NOC","Dana Whitfield","1/1/2026","1/31/2026","1Leg=1 Leg Wife or Husband Missing;    NoHome=No-Show;    CCC=Cancel Post Issue;    Reset=Rep Reset;    NIS=Not Assigned;    OPPFDN=Full Demo No Sale;    NoRehash=No Rehash;    No Demo=No Demo;    NOC=Not covered;","8/7/2026 3:15:49 PM","True"
"Normandin, Tyler","Television","1","0","1","1","1","0.0000","0.0000","1","0","0","0","0","0","0","0","0","0","0","0","0","0","1","0","0","0","0","0","Sale","1leg","NoHome","CCC","Reset","NIS","OPPFDN","NoRehash","No Demo","NOC","Dana Whitfield","1/1/2026","1/31/2026","1Leg=1 Leg Wife or Husband Missing;    NoHome=No-Show;    CCC=Cancel Post Issue;    Reset=Rep Reset;    NIS=Not Assigned;    OPPFDN=Full Demo No Sale;    NoRehash=No Rehash;    No Demo=No Demo;    NOC=Not covered;","8/7/2026 3:15:49 PM","True"
"Normandin, Tyler","Website","1","0","1","1","1","0.0000","0.0000","1","0","0","0","0","0","0","0","0","0","0","0","0","0","1","0","0","0","0","0","Sale","1leg","NoHome","CCC","Reset","NIS","OPPFDN","NoRehash","No Demo","NOC","Dana Whitfield","1/1/2026","1/31/2026","1Leg=1 Leg Wife or Husband Missing;    NoHome=No-Show;    CCC=Cancel Post Issue;    Reset=Rep Reset;    NIS=Not Assigned;    OPPFDN=Full Demo No Sale;    NoRehash=No Rehash;    No Demo=No Demo;    NOC=Not covered;","8/7/2026 3:15:49 PM","True"
"O'Connor, Tim","Affiliates","7","0","3","3","3","0.0000","0.0000","3","0","0","0","0","0","0","0","0","0","0","0","0","0","3","0","0","0","4","4","Sale","1leg","NoHome","CCC","Reset","NIS","OPPFDN","NoRehash","No Demo","NOC","Dana Whitfield","1/1/2026","1/31/2026","1Leg=1 Leg Wife or Husband Missing;    NoHome=No-Show;    CCC=Cancel Post Issue;    Reset=Rep Reset;    NIS=Not Assigned;    OPPFDN=Full Demo No Sale;    NoRehash=No Rehash;    No Demo=No Demo;    NOC=Not covered;","8/7/2026 3:15:49 PM","True"
"O'Connor, Tim","Canvass","42","8","24","19","16","228735","198883","8","3","2","0","0","0","0","0","8","3","2","0","0","0","8","0","3","0","18","21","Sale","1leg","NoHome","CCC","Reset","NIS","OPPFDN","NoRehash","No Demo","NOC","Dana Whitfield","1/1/2026","1/31/2026","1Leg=1 Leg Wife or Husband Missing;    NoHome=No-Show;    CCC=Cancel Post Issue;    Reset=Rep Reset;    NIS=Not Assigned;    OPPFDN=Full Demo No Sale;    NoRehash=No Rehash;    No Demo=No Demo;    NOC=Not covered;","8/7/2026 3:15:49 PM","True"
"O'Connor, Tim","Canvass Sticky","2","1","2","2","2","29069","29069","1","0","0","0","0","0","0","0","1","0","0","0","0","0","1","0","0","0","0","0","Sale","1leg","NoHome","CCC","Reset","NIS","OPPFDN","NoRehash","No Demo","NOC","Dana Whitfield","1/1/2026","1/31/2026","1Leg=1 Leg Wife or Husband Missing;    NoHome=No-Show;    CCC=Cancel Post Issue;    Reset=Rep Reset;    NIS=Not Assigned;    OPPFDN=Full Demo No Sale;    NoRehash=No Rehash;    No Demo=No Demo;    NOC=Not covered;","8/7/2026 3:15:49 PM","True"
"O'Connor, Tim","Internet","35","7","27","25","22","165775","156887","15","2","0","0","0","0","0","0","7","2","0","0","1","0","15","0","2","0","8","11","Sale","1leg","NoHome","CCC","Reset","NIS","OPPFDN","NoRehash","No Demo","NOC","Dana Whitfield","1/1/2026","1/31/2026","1Leg=1 Leg Wife or Husband Missing;    NoHome=No-Show;    CCC=Cancel Post Issue;    Reset=Rep Reset;    NIS=Not Assigned;    OPPFDN=Full Demo No Sale;    NoRehash=No Rehash;    No Demo=No Demo;    NOC=Not covered;","8/7/2026 3:15:49 PM","True"
"O'Connor, Tim","Magazine","2","1","2","2","2","13406","13406","1","0","0","0","0","0","0","0","1","0","0","0","0","0","1","0","0","0","0","0","Sale","1leg","NoHome","CCC","Reset","NIS","OPPFDN","NoRehash","No Demo","NOC","Dana Whitfield","1/1/2026","1/31/2026","1Leg=1 Leg Wife or Husband Missing;    NoHome=No-Show;    CCC=Cancel Post Issue;    Reset=Rep Reset;    NIS=Not Assigned;    OPPFDN=Full Demo No Sale;    NoRehash=No Rehash;    No Demo=No Demo;    NOC=Not covered;","8/7/2026 3:15:49 PM","True"
"O'Connor, Tim","PrevCust","1","1","1","1","1","14479","14479","0","0","0","0","0","0","0","0","1","0","0","0","0","0","0","0","0","0","0","0","Sale","1leg","NoHome","CCC","Reset","NIS","OPPFDN","NoRehash","No Demo","NOC","Dana Whitfield","1/1/2026","1/31/2026","1Leg=1 Leg Wife or Husband Missing;    NoHome=No-Show;    CCC=Cancel Post Issue;    Reset=Rep Reset;    NIS=Not Assigned;    OPPFDN=Full Demo No Sale;    NoRehash=No Rehash;    No Demo=No Demo;    NOC=Not covered;","8/7/2026 3:15:49 PM","True"
"O'Connor, Tim","Website","1","1","1","1","1","8569","8569","0","0","0","0","0","0","0","0","1","0","0","0","0","0","0","0","0","0","0","0","Sale","1leg","NoHome","CCC","Reset","NIS","OPPFDN","NoRehash","No Demo","NOC","Dana Whitfield","1/1/2026","1/31/2026","1Leg=1 Leg Wife or Husband Missing;    NoHome=No-Show;    CCC=Cancel Post Issue;    Reset=Rep Reset;    NIS=Not Assigned;    OPPFDN=Full Demo No Sale;    NoRehash=No Rehash;    No Demo=No Demo;    NOC=Not covered;","8/7/2026 3:15:49 PM","True"
"Palko, Thomas","Affiliates","3","1","3","2","2","13000","0.0000","1","0","1","0","0","0","0","0","1","0","1","0","0","0","1","0","0","0","0","0","Sale","1leg","NoHome","CCC","Reset","NIS","OPPFDN","NoRehash","No Demo","NOC","Dana Whitfield","1/1/2026","1/31/2026","1Leg=1 Leg Wife or Husband Missing;    NoHome=No-Show;    CCC=Cancel Post Issue;    Reset=Rep Reset;    NIS=Not Assigned;    OPPFDN=Full Demo No Sale;    NoRehash=No Rehash;    No Demo=No Demo;    NOC=Not covered;","8/7/2026 3:15:49 PM","True"
"Palko, Thomas","Canvass","23","7","18","15","14","162475","71966","7","0","3","0","0","0","0","0","7","0","3","0","0","0","7","0","1","0","5","6","Sale","1leg","NoHome","CCC","Reset","NIS","OPPFDN","NoRehash","No Demo","NOC","Dana Whitfield","1/1/2026","1/31/2026","1Leg=1 Leg Wife or Husband Missing;    NoHome=No-Show;    CCC=Cancel Post Issue;    Reset=Rep Reset;    NIS=Not Assigned;    OPPFDN=Full Demo No Sale;    NoRehash=No Rehash;    No Demo=No Demo;    NOC=Not covered;","8/7/2026 3:15:49 PM","True"
"Palko, Thomas","Canvass Sticky","1","0","1","1","1","0.0000","0.0000","1","0","0","0","0","0","0","0","0","0","0","0","0","0","1","0","0","0","0","0","Sale","1leg","NoHome","CCC","Reset","NIS","OPPFDN","NoRehash","No Demo","NOC","Dana Whitfield","1/1/2026","1/31/2026","1Leg=1 Leg Wife or Husband Missing;    NoHome=No-Show;    CCC=Cancel Post Issue;    Reset=Rep Reset;    NIS=Not Assigned;    OPPFDN=Full Demo No Sale;    NoRehash=No Rehash;    No Demo=No Demo;    NOC=Not covered;","8/7/2026 3:15:49 PM","True"
"Palko, Thomas","Internet","11","1","9","9","7","38763","38763","5","0","0","0","0","0","0","0","1","0","0","0","1","0","5","1","1","0","2","5","Sale","1leg","NoHome","CCC","Reset","NIS","OPPFDN","NoRehash","No Demo","NOC","Dana Whitfield","1/1/2026","1/31/2026","1Leg=1 Leg Wife or Husband Missing;    NoHome=No-Show;    CCC=Cancel Post Issue;    Reset=Rep Reset;    NIS=Not Assigned;    OPPFDN=Full Demo No Sale;    NoRehash=No Rehash;    No Demo=No Demo;    NOC=Not covered;","8/7/2026 3:15:49 PM","True"
"Palko, Thomas","Job Signs","1","0","0","0","0","0.0000","0.0000","0","0","0","0","0","0","0","0","0","0","0","0","0","0","0","0","0","0","1","1","Sale","1leg","NoHome","CCC","Reset","NIS","OPPFDN","NoRehash","No Demo","NOC","Dana Whitfield","1/1/2026","1/31/2026","1Leg=1 Leg Wife or Husband Missing;    NoHome=No-Show;    CCC=Cancel Post Issue;    Reset=Rep Reset;    NIS=Not Assigned;    OPPFDN=Full Demo No Sale;    NoRehash=No Rehash;    No Demo=No Demo;    NOC=Not covered;","8/7/2026 3:15:49 PM","True"
"Palko, Thomas","PrevCust","1","1","1","1","1","11724","11724","0","0","0","0","0","0","0","0","1","0","0","0","0","0","0","0","0","0","0","0","Sale","1leg","NoHome","CCC","Reset","NIS","OPPFDN","NoRehash","No Demo","NOC","Dana Whitfield","1/1/2026","1/31/2026","1Leg=1 Leg Wife or Husband Missing;    NoHome=No-Show;    CCC=Cancel Post Issue;    Reset=Rep Reset;    NIS=Not Assigned;    OPPFDN=Full Demo No Sale;    NoRehash=No Rehash;    No Demo=No Demo;    NOC=Not covered;","8/7/2026 3:15:49 PM","True"
"Passoff, Payton","Affiliates","2","0","2","2","2","0.0000","0.0000","1","0","0","0","0","1","0","0","0","0","0","0","0","0","1","0","0","1","0","0","Sale","1leg","NoHome","CCC","Reset","NIS","OPPFDN","NoRehash","No Demo","NOC","Dana Whitfield","1/1/2026","1/31/2026","1Leg=1 Leg Wife or Husband Missing;    NoHome=No-Show;    CCC=Cancel Post Issue;    Reset=Rep Reset;    NIS=Not Assigned;    OPPFDN=Full Demo No Sale;    NoRehash=No Rehash;    No Demo=No Demo;    NOC=Not covered;","8/7/2026 3:15:49 PM","True"
"Passoff, Payton","Canvass","27","3","24","20","19","87000","87000","15","1","3","0","0","0","0","0","3","1","3","0","1","0","15","1","0","0","3","5","Sale","1leg","NoHome","CCC","Reset","NIS","OPPFDN","NoRehash","No Demo","NOC","Dana Whitfield","1/1/2026","1/31/2026","1Leg=1 Leg Wife or Husband Missing;    NoHome=No-Show;    CCC=Cancel Post Issue;    Reset=Rep Reset;    NIS=Not Assigned;    OPPFDN=Full Demo No Sale;    NoRehash=No Rehash;    No Demo=No Demo;    NOC=Not covered;","8/7/2026 3:15:49 PM","True"
"Passoff, Payton","Canvass Sticky","2","0","2","2","2","0.0000","0.0000","2","0","0","0","0","0","0","0","0","0","0","0","0","0","2","0","0","0","0","0","Sale","1leg","NoHome","CCC","Reset","NIS","OPPFDN","NoRehash","No Demo","NOC","Dana Whitfield","1/1/2026","1/31/2026","1Leg=1 Leg Wife or Husband Missing;    NoHome=No-Show;    CCC=Cancel Post Issue;    Reset=Rep Reset;    NIS=Not Assigned;    OPPFDN=Full Demo No Sale;    NoRehash=No Rehash;    No Demo=No Demo;    NOC=Not covered;","8/7/2026 3:15:49 PM","True"
"Passoff, Payton","Internet","30","4","23","22","20","88391","30691","15","0","1","0","0","1","0","0","4","0","1","0","1","0","15","0","1","1","7","9","Sale","1leg","NoHome","CCC","Reset","NIS","OPPFDN","NoRehash","No Demo","NOC","Dana Whitfield","1/1/2026","1/31/2026","1Leg=1 Leg Wife or Husband Missing;    NoHome=No-Show;    CCC=Cancel Post Issue;    Reset=Rep Reset;    NIS=Not Assigned;    OPPFDN=Full Demo No Sale;    NoRehash=No Rehash;    No Demo=No Demo;    NOC=Not covered;","8/7/2026 3:15:49 PM","True"
"Passoff, Payton","Website","1","0","1","1","1","0.0000","0.0000","1","0","0","0","0","0","0","0","0","0","0","0","0","0","1","0","0","0","0","0","Sale","1leg","NoHome","CCC","Reset","NIS","OPPFDN","NoRehash","No Demo","NOC","Dana Whitfield","1/1/2026","1/31/2026","1Leg=1 Leg Wife or Husband Missing;    NoHome=No-Show;    CCC=Cancel Post Issue;    Reset=Rep Reset;    NIS=Not Assigned;    OPPFDN=Full Demo No Sale;    NoRehash=No Rehash;    No Demo=No Demo;    NOC=Not covered;","8/7/2026 3:15:49 PM","True"
"Patten, Wyman","Canvass","23","0","20","18","15","0.0000","0.0000","14","0","2","0","0","0","0","0","0","0","2","0","0","0","14","1","3","0","3","7","Sale","1leg","NoHome","CCC","Reset","NIS","OPPFDN","NoRehash","No Demo","NOC","Dana Whitfield","1/1/2026","1/31/2026","1Leg=1 Leg Wife or Husband Missing;    NoHome=No-Show;    CCC=Cancel Post Issue;    Reset=Rep Reset;    NIS=Not Assigned;    OPPFDN=Full Demo No Sale;    NoRehash=No Rehash;    No Demo=No Demo;    NOC=Not covered;","8/7/2026 3:15:49 PM","True"
"Patten, Wyman","Canvass Sticky","2","1","2","2","2","76702","76702","1","0","0","0","0","0","0","0","1","0","0","0","0","0","1","0","0","0","0","0","Sale","1leg","NoHome","CCC","Reset","NIS","OPPFDN","NoRehash","No Demo","NOC","Dana Whitfield","1/1/2026","1/31/2026","1Leg=1 Leg Wife or Husband Missing;    NoHome=No-Show;    CCC=Cancel Post Issue;    Reset=Rep Reset;    NIS=Not Assigned;    OPPFDN=Full Demo No Sale;    NoRehash=No Rehash;    No Demo=No Demo;    NOC=Not covered;","8/7/2026 3:15:49 PM","True"
"Patten, Wyman","Internet","13","3","11","11","11","91583","91583","8","0","0","0","0","0","0","0","3","0","0","0","0","0","8","0","0","0","2","2","Sale","1leg","NoHome","CCC","Reset","NIS","OPPFDN","NoRehash","No Demo","NOC","Dana Whitfield","1/1/2026","1/31/2026","1Leg=1 Leg Wife or Husband Missing;    NoHome=No-Show;    CCC=Cancel Post Issue;    Reset=Rep Reset;    NIS=Not Assigned;    OPPFDN=Full Demo No Sale;    NoRehash=No Rehash;    No Demo=No Demo;    NOC=Not covered;","8/7/2026 3:15:49 PM","True"
"Patten, Wyman","PrevCust","3","1","2","2","2","13962","13962","1","0","0","0","0","0","0","0","1","0","0","0","0","0","1","0","0","0","1","1","Sale","1leg","NoHome","CCC","Reset","NIS","OPPFDN","NoRehash","No Demo","NOC","Dana Whitfield","1/1/2026","1/31/2026","1Leg=1 Leg Wife or Husband Missing;    NoHome=No-Show;    CCC=Cancel Post Issue;    Reset=Rep Reset;    NIS=Not Assigned;    OPPFDN=Full Demo No Sale;    NoRehash=No Rehash;    No Demo=No Demo;    NOC=Not covered;","8/7/2026 3:15:49 PM","True"
"Pereira, Carlos","Canvass","21","2","17","12","9","31483","31483","6","1","4","0","0","1","0","0","2","1","4","0","0","0","6","0","3","1","4","7","Sale","1leg","NoHome","CCC","Reset","NIS","OPPFDN","NoRehash","No Demo","NOC","Dana Whitfield","1/1/2026","1/31/2026","1Leg=1 Leg Wife or Husband Missing;    NoHome=No-Show;    CCC=Cancel Post Issue;    Reset=Rep Reset;    NIS=Not Assigned;    OPPFDN=Full Demo No Sale;    NoRehash=No Rehash;    No Demo=No Demo;    NOC=Not covered;","8/7/2026 3:15:49 PM","True"
"Pereira, Carlos","Canvass Sticky","1","0","1","1","0","0.0000","0.0000","0","0","0","0","0","0","0","0","0","0","0","0","0","0","0","0","1","0","0","1","Sale","1leg","NoHome","CCC","Reset","NIS","OPPFDN","NoRehash","No Demo","NOC","Dana Whitfield","1/1/2026","1/31/2026","1Leg=1 Leg Wife or Husband Missing;    NoHome=No-Show;    CCC=Cancel Post Issue;    Reset=Rep Reset;    NIS=Not Assigned;    OPPFDN=Full Demo No Sale;    NoRehash=No Rehash;    No Demo=No Demo;    NOC=Not covered;","8/7/2026 3:15:49 PM","True"
"Pereira, Carlos","CustRef","1","1","1","1","1","23500","23500","0","0","0","0","0","0","0","0","1","0","0","0","0","0","0","0","0","0","0","0","Sale","1leg","NoHome","CCC","Reset","NIS","OPPFDN","NoRehash","No Demo","NOC","Dana Whitfield","1/1/2026","1/31/2026","1Leg=1 Leg Wife or Husband Missing;    NoHome=No-Show;    CCC=Cancel Post Issue;    Reset=Rep Reset;    NIS=Not Assigned;    OPPFDN=Full Demo No Sale;    NoRehash=No Rehash;    No Demo=No Demo;    NOC=Not covered;","8/7/2026 3:15:49 PM","True"
"Pereira, Carlos","Internet","23","1","17","14","13","19500","19500","10","2","1","0","0","2","0","0","1","2","1","0","0","0","10","0","1","2","6","7","Sale","1leg","NoHome","CCC","Reset","NIS","OPPFDN","NoRehash","No Demo","NOC","Dana Whitfield","1/1/2026","1/31/2026","1Leg=1 Leg Wife or Husband Missing;    NoHome=No-Show;    CCC=Cancel Post Issue;    Reset=Rep Reset;    NIS=Not Assigned;    OPPFDN=Full Demo No Sale;    NoRehash=No Rehash;    No Demo=No Demo;    NOC=Not covered;","8/7/2026 3:15:49 PM","True"
"Perez, Anthony","Canvass","17","4","15","12","10","97978","64686","6","2","1","0","0","0","0","0","4","2","1","0","1","0","6","0","1","0","2","4","Sale","1leg","NoHome","CCC","Reset","NIS","OPPFDN","NoRehash","No Demo","NOC","Dana Whitfield","1/1/2026","1/31/2026","1Leg=1 Leg Wife or Husband Missing;    NoHome=No-Show;    CCC=Cancel Post Issue;    Reset=Rep Reset;    NIS=Not Assigned;    OPPFDN=Full Demo No Sale;    NoRehash=No Rehash;    No Demo=No Demo;    NOC=Not covered;","8/7/2026 3:15:49 PM","True"
"Perez, Anthony","Events 2025","1","0","1","1","1","0.0000","0.0000","0","0","0","0","0","0","0","0","0","0","0","0","0","0","0","1","0","0","0","1","Sale","1leg","NoHome","CCC","Reset","NIS","OPPFDN","NoRehash","No Demo","NOC","Dana Whitfield","1/1/2026","1/31/2026","1Leg=1 Leg Wife or Husband Missing;    NoHome=No-Show;    CCC=Cancel Post Issue;    Reset=Rep Reset;    NIS=Not Assigned;    OPPFDN=Full Demo No Sale;    NoRehash=No Rehash;    No Demo=No Demo;    NOC=Not covered;","8/7/2026 3:15:49 PM","True"
"Perez, Anthony","Events 2026","4","0","2","2","2","0.0000","0.0000","2","0","0","0","0","0","0","0","0","0","0","0","0","0","2","0","0","0","2","2","Sale","1leg","NoHome","CCC","Reset","NIS","OPPFDN","NoRehash","No Demo","NOC","Dana Whitfield","1/1/2026","1/31/2026","1Leg=1 Leg Wife or Husband Missing;    NoHome=No-Show;    CCC=Cancel Post Issue;    Reset=Rep Reset;    NIS=Not Assigned;    OPPFDN=Full Demo No Sale;    NoRehash=No Rehash;    No Demo=No Demo;    NOC=Not covered;","8/7/2026 3:15:49 PM","True"
"Perez, Anthony","Internet","5","2","4","4","2","53388","42202","0","0","0","0","0","0","0","0","2","0","0","0","0","0","0","0","2","0","1","3","Sale","1leg","NoHome","CCC","Reset","NIS","OPPFDN","NoRehash","No Demo","NOC","Dana Whitfield","1/1/2026","1/31/2026","1Leg=1 Leg Wife or Husband Missing;    NoHome=No-Show;    CCC=Cancel Post Issue;    Reset=Rep Reset;    NIS=Not Assigned;    OPPFDN=Full Demo No Sale;    NoRehash=No Rehash;    No Demo=No Demo;    NOC=Not covered;","8/7/2026 3:15:49 PM","True"
"Pettit, Jordan","Canvass","13","2","11","11","9","89381","89381","7","0","0","0","0","0","0","0","2","0","0","0","1","0","7","0","1","0","2","4","Sale","1leg","NoHome","CCC","Reset","NIS","OPPFDN","NoRehash","No Demo","NOC","Dana Whitfield","1/1/2026","1/31/2026","1Leg=1 Leg Wife or Husband Missing;    NoHome=No-Show;    CCC=Cancel Post Issue;    Reset=Rep Reset;    NIS=Not Assigned;    OPPFDN=Full Demo No Sale;    NoRehash=No Rehash;    No Demo=No Demo;    NOC=Not covered;","8/7/2026 3:15:49 PM","True"
"Pettit, Jordan","CustRef","1","1","1","1","1","35800","35800","0","0","0","0","0","0","0","0","1","0","0","0","0","0","0","0","0","0","0","0","Sale","1leg","NoHome","CCC","Reset","NIS","OPPFDN","NoRehash","No Demo","NOC","Dana Whitfield","1/1/2026","1/31/2026","1Leg=1 Leg Wife or Husband Missing;    NoHome=No-Show;    CCC=Cancel Post Issue;    Reset=Rep Reset;    NIS=Not Assigned;    OPPFDN=Full Demo No Sale;    NoRehash=No Rehash;    No Demo=No Demo;    NOC=Not covered;","8/7/2026 3:15:49 PM","True"
"Pettit, Jordan","Internet","12","1","8","7","5","35000","0.0000","4","0","1","0","0","0","0","0","1","0","1","0","2","0","4","0","0","0","4","6","Sale","1leg","NoHome","CCC","Reset","NIS","OPPFDN","NoRehash","No Demo","NOC","Dana Whitfield","1/1/2026","1/31/2026","1Leg=1 Leg Wife or Husband Missing;    NoHome=No-Show;    CCC=Cancel Post Issue;    Reset=Rep Reset;    NIS=Not Assigned;    OPPFDN=Full Demo No Sale;    NoRehash=No Rehash;    No Demo=No Demo;    NOC=Not covered;","8/7/2026 3:15:49 PM","True"
"Pettit, Jordan","Magazine","3","0","2","1","1","0.0000","0.0000","1","0","1","0","0","0","0","0","0","0","1","0","0","0","1","0","0","0","1","1","Sale","1leg","NoHome","CCC","Reset","NIS","OPPFDN","NoRehash","No Demo","NOC","Dana Whitfield","1/1/2026","1/31/2026","1Leg=1 Leg Wife or Husband Missing;    NoHome=No-Show;    CCC=Cancel Post Issue;    Reset=Rep Reset;    NIS=Not Assigned;    OPPFDN=Full Demo No Sale;    NoRehash=No Rehash;    No Demo=No Demo;    NOC=Not covered;","8/7/2026 3:15:49 PM","True"
"Remek, Dylan","Internet","1","0","0","0","0","0.0000","0.0000","0","0","0","0","0","0","0","0","0","0","0","0","0","0","0","0","0","0","1","1","Sale","1leg","NoHome","CCC","Reset","NIS","OPPFDN","NoRehash","No Demo","NOC","Dana Whitfield","1/1/2026","1/31/2026","1Leg=1 Leg Wife or Husband Missing;    NoHome=No-Show;    CCC=Cancel Post Issue;    Reset=Rep Reset;    NIS=Not Assigned;    OPPFDN=Full Demo No Sale;    NoRehash=No Rehash;    No Demo=No Demo;    NOC=Not covered;","8/7/2026 3:15:49 PM","True"
"Sanchez, Victor","Affiliates","2","1","2","2","2","22111","0.0000","0","0","0","0","0","1","0","0","1","0","0","0","0","0","0","0","0","1","0","0","Sale","1leg","NoHome","CCC","Reset","NIS","OPPFDN","NoRehash","No Demo","NOC","Dana Whitfield","1/1/2026","1/31/2026","1Leg=1 Leg Wife or Husband Missing;    NoHome=No-Show;    CCC=Cancel Post Issue;    Reset=Rep Reset;    NIS=Not Assigned;    OPPFDN=Full Demo No Sale;    NoRehash=No Rehash;    No Demo=No Demo;    NOC=Not covered;","8/7/2026 3:15:49 PM","True"
"Sanchez, Victor","Canvass","27","3","19","16","13","46638","46638","10","0","3","0","1","0","0","0","3","0","3","0","1","1","10","0","1","0","8","10","Sale","1leg","NoHome","CCC","Reset","NIS","OPPFDN","NoRehash","No Demo","NOC","Dana Whitfield","1/1/2026","1/31/2026","1Leg=1 Leg Wife or Husband Missing;    NoHome=No-Show;    CCC=Cancel Post Issue;    Reset=Rep Reset;    NIS=Not Assigned;    OPPFDN=Full Demo No Sale;    NoRehash=No Rehash;    No Demo=No Demo;    NOC=Not covered;","8/7/2026 3:15:49 PM","True"
"Sanchez, Victor","CustRef","1","1","1","1","1","13100","13100","0","0","0","0","0","0","0","0","1","0","0","0","0","0","0","0","0","0","0","0","Sale","1leg","NoHome","CCC","Reset","NIS","OPPFDN","NoRehash","No Demo","NOC","Dana Whitfield","1/1/2026","1/31/2026","1Leg=1 Leg Wife or Husband Missing;    NoHome=No-Show;    CCC=Cancel Post Issue;    Reset=Rep Reset;    NIS=Not Assigned;    OPPFDN=Full Demo No Sale;    NoRehash=No Rehash;    No Demo=No Demo;    NOC=Not covered;","8/7/2026 3:15:49 PM","True"
"Sanchez, Victor","Iheart","1","0","1","1","1","0.0000","0.0000","1","0","0","0","0","0","0","0","0","0","0","0","0","0","1","0","0","0","0","0","Sale","1leg","NoHome","CCC","Reset","NIS","OPPFDN","NoRehash","No Demo","NOC","Dana Whitfield","1/1/2026","1/31/2026","1Leg=1 Leg Wife or Husband Missing;    NoHome=No-Show;    CCC=Cancel Post Issue;    Reset=Rep Reset;    NIS=Not Assigned;    OPPFDN=Full Demo No Sale;    NoRehash=No Rehash;    No Demo=No Demo;    NOC=Not covered;","8/7/2026 3:15:49 PM","True"
"Sanchez, Victor","Internet","21","4","16","15","13","98088","58737","9","1","0","0","0","0","0","0","4","1","0","0","1","0","9","0","1","0","5","7","Sale","1leg","NoHome","CCC","Reset","NIS","OPPFDN","NoRehash","No Demo","NOC","Dana Whitfield","1/1/2026","1/31/2026","1Leg=1 Leg Wife or Husband Missing;    NoHome=No-Show;    CCC=Cancel Post Issue;    Reset=Rep Reset;    NIS=Not Assigned;    OPPFDN=Full Demo No Sale;    NoRehash=No Rehash;    No Demo=No Demo;    NOC=Not covered;","8/7/2026 3:15:49 PM","True"
"Sanchez, Victor","Job Signs","1","0","1","1","1","0.0000","0.0000","1","0","0","0","0","0","0","0","0","0","0","0","0","0","1","0","0","0","0","0","Sale","1leg","NoHome","CCC","Reset","NIS","OPPFDN","NoRehash","No Demo","NOC","Dana Whitfield","1/1/2026","1/31/2026","1Leg=1 Leg Wife or Husband Missing;    NoHome=No-Show;    CCC=Cancel Post Issue;    Reset=Rep Reset;    NIS=Not Assigned;    OPPFDN=Full Demo No Sale;    NoRehash=No Rehash;    No Demo=No Demo;    NOC=Not covered;","8/7/2026 3:15:49 PM","True"
"Sanchez, Victor","Magazine","1","0","1","1","1","0.0000","0.0000","1","0","0","0","0","0","0","0","0","0","0","0","0","0","1","0","0","0","0","0","Sale","1leg","NoHome","CCC","Reset","NIS","OPPFDN","NoRehash","No Demo","NOC","Dana Whitfield","1/1/2026","1/31/2026","1Leg=1 Leg Wife or Husband Missing;    NoHome=No-Show;    CCC=Cancel Post Issue;    Reset=Rep Reset;    NIS=Not Assigned;    OPPFDN=Full Demo No Sale;    NoRehash=No Rehash;    No Demo=No Demo;    NOC=Not covered;","8/7/2026 3:15:49 PM","True"
"Sanchez, Victor","Mail","1","1","1","1","1","93000","93000","0","0","0","0","0","0","0","0","1","0","0","0","0","0","0","0","0","0","0","0","Sale","1leg","NoHome","CCC","Reset","NIS","OPPFDN","NoRehash","No Demo","NOC","Dana Whitfield","1/1/2026","1/31/2026","1Leg=1 Leg Wife or Husband Missing;    NoHome=No-Show;    CCC=Cancel Post Issue;    Reset=Rep Reset;    NIS=Not Assigned;    OPPFDN=Full Demo No Sale;    NoRehash=No Rehash;    No Demo=No Demo;    NOC=Not covered;","8/7/2026 3:15:49 PM","True"
"Santana, Nicholas","Canvass","35","4","27","21","20","70718","56968","16","2","4","0","0","0","0","0","4","2","4","0","0","0","16","0","1","0","8","9","Sale","1leg","NoHome","CCC","Reset","NIS","OPPFDN","NoRehash","No Demo","NOC","Dana Whitfield","1/1/2026","1/31/2026","1Leg=1 Leg Wife or Husband Missing;    NoHome=No-Show;    CCC=Cancel Post Issue;    Reset=Rep Reset;    NIS=Not Assigned;    OPPFDN=Full Demo No Sale;    NoRehash=No Rehash;    No Demo=No Demo;    NOC=Not covered;","8/7/2026 3:15:49 PM","True"
"Santana, Nicholas","Events 2026","1","0","0","0","0","0.0000","0.0000","0","0","0","0","0","0","0","0","0","0","0","0","0","0","0","0","0","0","1","1","Sale","1leg","NoHome","CCC","Reset","NIS","OPPFDN","NoRehash","No Demo","NOC","Dana Whitfield","1/1/2026","1/31/2026","1Leg=1 Leg Wife or Husband Missing;    NoHome=No-Show;    CCC=Cancel Post Issue;    Reset=Rep Reset;    NIS=Not Assigned;    OPPFDN=Full Demo No Sale;    NoRehash=No Rehash;    No Demo=No Demo;    NOC=Not covered;","8/7/2026 3:15:49 PM","True"
"Santana, Nicholas","Internet","12","2","8","6","5","92340","20000","2","1","1","0","0","1","0","0","2","1","1","0","0","0","2","0","1","1","4","5","Sale","1leg","NoHome","CCC","Reset","NIS","OPPFDN","NoRehash","No Demo","NOC","Dana Whitfield","1/1/2026","1/31/2026","1Leg=1 Leg Wife or Husband Missing;    NoHome=No-Show;    CCC=Cancel Post Issue;    Reset=Rep Reset;    NIS=Not Assigned;    OPPFDN=Full Demo No Sale;    NoRehash=No Rehash;    No Demo=No Demo;    NOC=Not covered;","8/7/2026 3:15:49 PM","True"
"Scerbo, Scott","Affiliates","2","0","2","1","1","0.0000","0.0000","1","0","1","0","0","0","0","0","0","0","1","0","0","0","1","0","0","0","0","0","Sale","1leg","NoHome","CCC","Reset","NIS","OPPFDN","NoRehash","No Demo","NOC","Dana Whitfield","1/1/2026","1/31/2026","1Leg=1 Leg Wife or Husband Missing;    NoHome=No-Show;    CCC=Cancel Post Issue;    Reset=Rep Reset;    NIS=Not Assigned;    OPPFDN=Full Demo No Sale;    NoRehash=No Rehash;    No Demo=No Demo;    NOC=Not covered;","8/7/2026 3:15:49 PM","True"
"Scerbo, Scott","Canvass","8","0","6","5","5","0.0000","0.0000","5","0","1","0","0","0","0","0","0","0","1","0","0","0","5","0","0","0","2","2","Sale","1leg","NoHome","CCC","Reset","NIS","OPPFDN","NoRehash","No Demo","NOC","Dana Whitfield","1/1/2026","1/31/2026","1Leg=1 Leg Wife or Husband Missing;    NoHome=No-Show;    CCC=Cancel Post Issue;    Reset=Rep Reset;    NIS=Not Assigned;    OPPFDN=Full Demo No Sale;    NoRehash=No Rehash;    No Demo=No Demo;    NOC=Not covered;","8/7/2026 3:15:49 PM","True"
"Scerbo, Scott","CustRef","2","1","1","1","1","23898","23898","0","0","0","0","0","0","0","0","1","0","0","0","0","0","0","0","0","0","1","1","Sale","1leg","NoHome","CCC","Reset","NIS","OPPFDN","NoRehash","No Demo","NOC","Dana Whitfield","1/1/2026","1/31/2026","1Leg=1 Leg Wife or Husband Missing;    NoHome=No-Show;    CCC=Cancel Post Issue;    Reset=Rep Reset;    NIS=Not Assigned;    OPPFDN=Full Demo No Sale;    NoRehash=No Rehash;    No Demo=No Demo;    NOC=Not covered;","8/7/2026 3:15:49 PM","True"
"Scerbo, Scott","Internet","7","1","6","6","6","22600","22600","5","0","0","0","0","0","0","0","1","0","0","0","0","0","5","0","0","0","1","1","Sale","1leg","NoHome","CCC","Reset","NIS","OPPFDN","NoRehash","No Demo","NOC","Dana Whitfield","1/1/2026","1/31/2026","1Leg=1 Leg Wife or Husband Missing;    NoHome=No-Show;    CCC=Cancel Post Issue;    Reset=Rep Reset;    NIS=Not Assigned;    OPPFDN=Full Demo No Sale;    NoRehash=No Rehash;    No Demo=No Demo;    NOC=Not covered;","8/7/2026 3:15:49 PM","True"
"Shaftel, Joshua","Canvass","6","2","6","6","5","26000","8400","3","0","0","0","0","0","0","0","2","0","0","0","0","0","3","0","1","0","0","1","Sale","1leg","NoHome","CCC","Reset","NIS","OPPFDN","NoRehash","No Demo","NOC","Dana Whitfield","1/1/2026","1/31/2026","1Leg=1 Leg Wife or Husband Missing;    NoHome=No-Show;    CCC=Cancel Post Issue;    Reset=Rep Reset;    NIS=Not Assigned;    OPPFDN=Full Demo No Sale;    NoRehash=No Rehash;    No Demo=No Demo;    NOC=Not covered;","8/7/2026 3:15:49 PM","True"
"Shaftel, Joshua","Internet","5","1","4","4","4","0.0000","0.0000","3","0","0","0","0","0","0","0","1","0","0","0","0","0","3","0","0","0","1","1","Sale","1leg","NoHome","CCC","Reset","NIS","OPPFDN","NoRehash","No Demo","NOC","Dana Whitfield","1/1/2026","1/31/2026","1Leg=1 Leg Wife or Husband Missing;    NoHome=No-Show;    CCC=Cancel Post Issue;    Reset=Rep Reset;    NIS=Not Assigned;    OPPFDN=Full Demo No Sale;    NoRehash=No Rehash;    No Demo=No Demo;    NOC=Not covered;","8/7/2026 3:15:49 PM","True"
"Snowden, Starr","Canvass","24","4","19","16","12","104059","104059","7","2","1","0","0","0","0","0","4","2","1","0","1","0","7","1","3","0","5","10","Sale","1leg","NoHome","CCC","Reset","NIS","OPPFDN","NoRehash","No Demo","NOC","Dana Whitfield","1/1/2026","1/31/2026","1Leg=1 Leg Wife or Husband Missing;    NoHome=No-Show;    CCC=Cancel Post Issue;    Reset=Rep Reset;    NIS=Not Assigned;    OPPFDN=Full Demo No Sale;    NoRehash=No Rehash;    No Demo=No Demo;    NOC=Not covered;","8/7/2026 3:15:49 PM","True"
"Snowden, Starr","Internet","5","1","3","3","2","24315","0.0000","1","0","0","0","0","0","0","0","1","0","0","0","0","0","1","0","1","0","2","3","Sale","1leg","NoHome","CCC","Reset","NIS","OPPFDN","NoRehash","No Demo","NOC","Dana Whitfield","1/1/2026","1/31/2026","1Leg=1 Leg Wife or Husband Missing;    NoHome=No-Show;    CCC=Cancel Post Issue;    Reset=Rep Reset;    NIS=Not Assigned;    OPPFDN=Full Demo No Sale;    NoRehash=No Rehash;    No Demo=No Demo;    NOC=Not covered;","8/7/2026 3:15:49 PM","True"
"Snowden, Starr","Website","1","0","1","1","1","0.0000","0.0000","1","0","0","0","0","0","0","0","0","0","0","0","0","0","1","0","0","0","0","0","Sale","1leg","NoHome","CCC","Reset","NIS","OPPFDN","NoRehash","No Demo","NOC","Dana Whitfield","1/1/2026","1/31/2026","1Leg=1 Leg Wife or Husband Missing;    NoHome=No-Show;    CCC=Cancel Post Issue;    Reset=Rep Reset;    NIS=Not Assigned;    OPPFDN=Full Demo No Sale;    NoRehash=No Rehash;    No Demo=No Demo;    NOC=Not covered;","8/7/2026 3:15:49 PM","True"
"Stegemoller, Jeff","Canvass","10","2","9","9","8","24907","10485","6","0","0","0","1","0","0","0","2","0","0","0","0","1","6","0","0","0","1","1","Sale","1leg","NoHome","CCC","Reset","NIS","OPPFDN","NoRehash","No Demo","NOC","Dana Whitfield","1/1/2026","1/31/2026","1Leg=1 Leg Wife or Husband Missing;    NoHome=No-Show;    CCC=Cancel Post Issue;    Reset=Rep Reset;    NIS=Not Assigned;    OPPFDN=Full Demo No Sale;    NoRehash=No Rehash;    No Demo=No Demo;    NOC=Not covered;","8/7/2026 3:15:49 PM","True"
"Stegemoller, Jeff","Canvass Sticky","1","0","0","0","0","0.0000","0.0000","0","0","0","0","0","0","0","0","0","0","0","0","0","0","0","0","0","0","1","1","Sale","1leg","NoHome","CCC","Reset","NIS","OPPFDN","NoRehash","No Demo","NOC","Dana Whitfield","1/1/2026","1/31/2026","1Leg=1 Leg Wife or Husband Missing;    NoHome=No-Show;    CCC=Cancel Post Issue;    Reset=Rep Reset;    NIS=Not Assigned;    OPPFDN=Full Demo No Sale;    NoRehash=No Rehash;    No Demo=No Demo;    NOC=Not covered;","8/7/2026 3:15:49 PM","True"
"Stegemoller, Jeff","CustRef","1","0","1","1","1","0.0000","0.0000","1","0","0","0","0","0","0","0","0","0","0","0","0","0","1","0","0","0","0","0","Sale","1leg","NoHome","CCC","Reset","NIS","OPPFDN","NoRehash","No Demo","NOC","Dana Whitfield","1/1/2026","1/31/2026","1Leg=1 Leg Wife or Husband Missing;    NoHome=No-Show;    CCC=Cancel Post Issue;    Reset=Rep Reset;    NIS=Not Assigned;    OPPFDN=Full Demo No Sale;    NoRehash=No Rehash;    No Demo=No Demo;    NOC=Not covered;","8/7/2026 3:15:49 PM","True"
"Stegemoller, Jeff","Internet","9","3","7","6","6","55194","55194","2","0","1","0","0","1","0","0","3","0","1","0","0","0","2","0","0","1","2","2","Sale","1leg","NoHome","CCC","Reset","NIS","OPPFDN","NoRehash","No Demo","NOC","Dana Whitfield","1/1/2026","1/31/2026","1Leg=1 Leg Wife or Husband Missing;    NoHome=No-Show;    CCC=Cancel Post Issue;    Reset=Rep Reset;    NIS=Not Assigned;    OPPFDN=Full Demo No Sale;    NoRehash=No Rehash;    No Demo=No Demo;    NOC=Not covered;","8/7/2026 3:15:49 PM","True"
"Stegemoller, Jeff","Magazine","1","0","1","0","0","0.0000","0.0000","0","1","0","0","0","0","0","0","0","1","0","0","0","0","0","0","0","0","0","0","Sale","1leg","NoHome","CCC","Reset","NIS","OPPFDN","NoRehash","No Demo","NOC","Dana Whitfield","1/1/2026","1/31/2026","1Leg=1 Leg Wife or Husband Missing;    NoHome=No-Show;    CCC=Cancel Post Issue;    Reset=Rep Reset;    NIS=Not Assigned;    OPPFDN=Full Demo No Sale;    NoRehash=No Rehash;    No Demo=No Demo;    NOC=Not covered;","8/7/2026 3:15:49 PM","True"
"Stegemoller, Jeff","PrevCust","2","0","1","1","1","0.0000","0.0000","1","0","0","0","0","0","0","0","0","0","0","0","0","0","1","0","0","0","1","1","Sale","1leg","NoHome","CCC","Reset","NIS","OPPFDN","NoRehash","No Demo","NOC","Dana Whitfield","1/1/2026","1/31/2026","1Leg=1 Leg Wife or Husband Missing;    NoHome=No-Show;    CCC=Cancel Post Issue;    Reset=Rep Reset;    NIS=Not Assigned;    OPPFDN=Full Demo No Sale;    NoRehash=No Rehash;    No Demo=No Demo;    NOC=Not covered;","8/7/2026 3:15:49 PM","True"
"Taylor, Josh","Canvass","10","0","7","6","5","0.0000","0.0000","4","1","0","0","0","1","0","0","0","1","0","0","0","0","4","0","1","1","3","4","Sale","1leg","NoHome","CCC","Reset","NIS","OPPFDN","NoRehash","No Demo","NOC","Dana Whitfield","1/1/2026","1/31/2026","1Leg=1 Leg Wife or Husband Missing;    NoHome=No-Show;    CCC=Cancel Post Issue;    Reset=Rep Reset;    NIS=Not Assigned;    OPPFDN=Full Demo No Sale;    NoRehash=No Rehash;    No Demo=No Demo;    NOC=Not covered;","8/7/2026 3:15:49 PM","True"
"Taylor, Josh","Internet","2","0","2","2","2","0.0000","0.0000","2","0","0","0","0","0","0","0","0","0","0","0","0","0","2","0","0","0","0","0","Sale","1leg","NoHome","CCC","Reset","NIS","OPPFDN","NoRehash","No Demo","NOC","Dana Whitfield","1/1/2026","1/31/2026","1Leg=1 Leg Wife or Husband Missing;    NoHome=No-Show;    CCC=Cancel Post Issue;    Reset=Rep Reset;    NIS=Not Assigned;    OPPFDN=Full Demo No Sale;    NoRehash=No Rehash;    No Demo=No Demo;    NOC=Not covered;","8/7/2026 3:15:49 PM","True"
"Taylor, Josh","Magazine","1","0","1","1","1","0.0000","0.0000","1","0","0","0","0","0","0","0","0","0","0","0","0","0","1","0","0","0","0","0","Sale","1leg","NoHome","CCC","Reset","NIS","OPPFDN","NoRehash","No Demo","NOC","Dana Whitfield","1/1/2026","1/31/2026","1Leg=1 Leg Wife or Husband Missing;    NoHome=No-Show;    CCC=Cancel Post Issue;    Reset=Rep Reset;    NIS=Not Assigned;    OPPFDN=Full Demo No Sale;    NoRehash=No Rehash;    No Demo=No Demo;    NOC=Not covered;","8/7/2026 3:15:49 PM","True"
"Taylor, Josh","PrevCust","1","1","1","1","1","126423","126423","0","0","0","0","0","0","0","0","1","0","0","0","0","0","0","0","0","0","0","0","Sale","1leg","NoHome","CCC","Reset","NIS","OPPFDN","NoRehash","No Demo","NOC","Dana Whitfield","1/1/2026","1/31/2026","1Leg=1 Leg Wife or Husband Missing;    NoHome=No-Show;    CCC=Cancel Post Issue;    Reset=Rep Reset;    NIS=Not Assigned;    OPPFDN=Full Demo No Sale;    NoRehash=No Rehash;    No Demo=No Demo;    NOC=Not covered;","8/7/2026 3:15:49 PM","True"
"Thompson, Isaiah","Internet","11","0","9","8","7","0.0000","0.0000","7","1","0","0","0","0","0","0","0","1","0","0","0","0","7","0","1","0","2","3","Sale","1leg","NoHome","CCC","Reset","NIS","OPPFDN","NoRehash","No Demo","NOC","Dana Whitfield","1/1/2026","1/31/2026","1Leg=1 Leg Wife or Husband Missing;    NoHome=No-Show;    CCC=Cancel Post Issue;    Reset=Rep Reset;    NIS=Not Assigned;    OPPFDN=Full Demo No Sale;    NoRehash=No Rehash;    No Demo=No Demo;    NOC=Not covered;","8/7/2026 3:15:49 PM","True"
"Thompson, Isaiah","Job Signs","1","0","1","1","1","0.0000","0.0000","1","0","0","0","0","0","0","0","0","0","0","0","0","0","1","0","0","0","0","0","Sale","1leg","NoHome","CCC","Reset","NIS","OPPFDN","NoRehash","No Demo","NOC","Dana Whitfield","1/1/2026","1/31/2026","1Leg=1 Leg Wife or Husband Missing;    NoHome=No-Show;    CCC=Cancel Post Issue;    Reset=Rep Reset;    NIS=Not Assigned;    OPPFDN=Full Demo No Sale;    NoRehash=No Rehash;    No Demo=No Demo;    NOC=Not covered;","8/7/2026 3:15:49 PM","True"
"Toledo, Pedro","Affiliates","3","0","2","1","1","0.0000","0.0000","1","0","1","0","0","0","0","0","0","0","1","0","0","0","1","0","0","0","1","1","Sale","1leg","NoHome","CCC","Reset","NIS","OPPFDN","NoRehash","No Demo","NOC","Dana Whitfield","1/1/2026","1/31/2026","1Leg=1 Leg Wife or Husband Missing;    NoHome=No-Show;    CCC=Cancel Post Issue;    Reset=Rep Reset;    NIS=Not Assigned;    OPPFDN=Full Demo No Sale;    NoRehash=No Rehash;    No Demo=No Demo;    NOC=Not covered;","8/7/2026 3:15:49 PM","True"
"Toledo, Pedro","Canvass","4","0","0","0","0","0.0000","0.0000","0","0","0","0","0","0","0","0","0","0","0","0","0","0","0","0","0","0","4","4","Sale","1leg","NoHome","CCC","Reset","NIS","OPPFDN","NoRehash","No Demo","NOC","Dana Whitfield","1/1/2026","1/31/2026","1Leg=1 Leg Wife or Husband Missing;    NoHome=No-Show;    CCC=Cancel Post Issue;    Reset=Rep Reset;    NIS=Not Assigned;    OPPFDN=Full Demo No Sale;    NoRehash=No Rehash;    No Demo=No Demo;    NOC=Not covered;","8/7/2026 3:15:49 PM","True"
"Toledo, Pedro","CustRef","3","1","3","3","3","50000","50000","2","0","0","0","0","0","0","0","1","0","0","0","0","0","2","0","0","0","0","0","Sale","1leg","NoHome","CCC","Reset","NIS","OPPFDN","NoRehash","No Demo","NOC","Dana Whitfield","1/1/2026","1/31/2026","1Leg=1 Leg Wife or Husband Missing;    NoHome=No-Show;    CCC=Cancel Post Issue;    Reset=Rep Reset;    NIS=Not Assigned;    OPPFDN=Full Demo No Sale;    NoRehash=No Rehash;    No Demo=No Demo;    NOC=Not covered;","8/7/2026 3:15:49 PM","True"
"Toledo, Pedro","Internet","43","7","33","28","25","175787","35168","16","1","4","0","2","2","0","0","7","1","4","0","0","2","16","0","1","2","10","11","Sale","1leg","NoHome","CCC","Reset","NIS","OPPFDN","NoRehash","No Demo","NOC","Dana Whitfield","1/1/2026","1/31/2026","1Leg=1 Leg Wife or Husband Missing;    NoHome=No-Show;    CCC=Cancel Post Issue;    Reset=Rep Reset;    NIS=Not Assigned;    OPPFDN=Full Demo No Sale;    NoRehash=No Rehash;    No Demo=No Demo;    NOC=Not covered;","8/7/2026 3:15:49 PM","True"
"Toledo, Pedro","Job Signs","1","0","1","1","1","0.0000","0.0000","1","0","0","0","0","0","0","0","0","0","0","0","0","0","1","0","0","0","0","0","Sale","1leg","NoHome","CCC","Reset","NIS","OPPFDN","NoRehash","No Demo","NOC","Dana Whitfield","1/1/2026","1/31/2026","1Leg=1 Leg Wife or Husband Missing;    NoHome=No-Show;    CCC=Cancel Post Issue;    Reset=Rep Reset;    NIS=Not Assigned;    OPPFDN=Full Demo No Sale;    NoRehash=No Rehash;    No Demo=No Demo;    NOC=Not covered;","8/7/2026 3:15:49 PM","True"
"Toledo, Pedro","Magazine","3","0","2","2","0","0.0000","0.0000","0","0","0","0","1","0","0","0","0","0","0","0","0","1","0","0","1","0","1","2","Sale","1leg","NoHome","CCC","Reset","NIS","OPPFDN","NoRehash","No Demo","NOC","Dana Whitfield","1/1/2026","1/31/2026","1Leg=1 Leg Wife or Husband Missing;    NoHome=No-Show;    CCC=Cancel Post Issue;    Reset=Rep Reset;    NIS=Not Assigned;    OPPFDN=Full Demo No Sale;    NoRehash=No Rehash;    No Demo=No Demo;    NOC=Not covered;","8/7/2026 3:15:49 PM","True"
"Toledo, Pedro","PrevCust","1","1","1","1","1","7845","7845","0","0","0","0","0","0","0","0","1","0","0","0","0","0","0","0","0","0","0","0","Sale","1leg","NoHome","CCC","Reset","NIS","OPPFDN","NoRehash","No Demo","NOC","Dana Whitfield","1/1/2026","1/31/2026","1Leg=1 Leg Wife or Husband Missing;    NoHome=No-Show;    CCC=Cancel Post Issue;    Reset=Rep Reset;    NIS=Not Assigned;    OPPFDN=Full Demo No Sale;    NoRehash=No Rehash;    No Demo=No Demo;    NOC=Not covered;","8/7/2026 3:15:49 PM","True"
"Travis, Howard","SelfGenerated","1","1","1","1","1","30550","30550","0","0","0","0","0","0","0","0","1","0","0","0","0","0","0","0","0","0","0","0","Sale","1leg","NoHome","CCC","Reset","NIS","OPPFDN","NoRehash","No Demo","NOC","Dana Whitfield","1/1/2026","1/31/2026","1Leg=1 Leg Wife or Husband Missing;    NoHome=No-Show;    CCC=Cancel Post Issue;    Reset=Rep Reset;    NIS=Not Assigned;    OPPFDN=Full Demo No Sale;    NoRehash=No Rehash;    No Demo=No Demo;    NOC=Not covered;","8/7/2026 3:15:49 PM","True"
"Uricola, Dennis","Internet","8","0","6","6","5","0.0000","0.0000","5","0","0","0","0","0","0","0","0","0","0","0","1","0","5","0","0","0","2","3","Sale","1leg","NoHome","CCC","Reset","NIS","OPPFDN","NoRehash","No Demo","NOC","Dana Whitfield","1/1/2026","1/31/2026","1Leg=1 Leg Wife or Husband Missing;    NoHome=No-Show;    CCC=Cancel Post Issue;    Reset=Rep Reset;    NIS=Not Assigned;    OPPFDN=Full Demo No Sale;    NoRehash=No Rehash;    No Demo=No Demo;    NOC=Not covered;","8/7/2026 3:15:49 PM","True"
"Uricola, Logan","Canvass","2","1","2","1","1","6308","0.0000","0","0","1","0","0","0","0","0","1","0","1","0","0","0","0","0","0","0","0","0","Sale","1leg","NoHome","CCC","Reset","NIS","OPPFDN","NoRehash","No Demo","NOC","Dana Whitfield","1/1/2026","1/31/2026","1Leg=1 Leg Wife or Husband Missing;    NoHome=No-Show;    CCC=Cancel Post Issue;    Reset=Rep Reset;    NIS=Not Assigned;    OPPFDN=Full Demo No Sale;    NoRehash=No Rehash;    No Demo=No Demo;    NOC=Not covered;","8/7/2026 3:15:49 PM","True"
"Uricola, Logan","Internet","6","2","6","6","5","87194","0.0000","3","0","0","0","0","0","0","0","2","0","0","0","1","0","3","0","0","0","0","1","Sale","1leg","NoHome","CCC","Reset","NIS","OPPFDN","NoRehash","No Demo","NOC","Dana Whitfield","1/1/2026","1/31/2026","1Leg=1 Leg Wife or Husband Missing;    NoHome=No-Show;    CCC=Cancel Post Issue;    Reset=Rep Reset;    NIS=Not Assigned;    OPPFDN=Full Demo No Sale;    NoRehash=No Rehash;    No Demo=No Demo;    NOC=Not covered;","8/7/2026 3:15:49 PM","True"
"Uricola, Logan","Mail","3","0","1","1","0","0.0000","0.0000","0","0","0","0","0","0","0","0","0","0","0","0","1","0","0","0","0","0","2","3","Sale","1leg","NoHome","CCC","Reset","NIS","OPPFDN","NoRehash","No Demo","NOC","Dana Whitfield","1/1/2026","1/31/2026","1Leg=1 Leg Wife or Husband Missing;    NoHome=No-Show;    CCC=Cancel Post Issue;    Reset=Rep Reset;    NIS=Not Assigned;    OPPFDN=Full Demo No Sale;    NoRehash=No Rehash;    No Demo=No Demo;    NOC=Not covered;","8/7/2026 3:15:49 PM","True"
"Uricola, Logan","PrevCust","4","1","4","4","3","38951","0.0000","2","0","0","0","0","0","0","0","1","0","0","0","1","0","2","0","0","0","0","1","Sale","1leg","NoHome","CCC","Reset","NIS","OPPFDN","NoRehash","No Demo","NOC","Dana Whitfield","1/1/2026","1/31/2026","1Leg=1 Leg Wife or Husband Missing;    NoHome=No-Show;    CCC=Cancel Post Issue;    Reset=Rep Reset;    NIS=Not Assigned;    OPPFDN=Full Demo No Sale;    NoRehash=No Rehash;    No Demo=No Demo;    NOC=Not covered;","8/7/2026 3:15:49 PM","True"
"Vallin, Gabriell","Affiliates","1","0","0","0","0","0.0000","0.0000","0","0","0","0","0","0","0","0","0","0","0","0","0","0","0","0","0","0","1","1","Sale","1leg","NoHome","CCC","Reset","NIS","OPPFDN","NoRehash","No Demo","NOC","Dana Whitfield","1/1/2026","1/31/2026","1Leg=1 Leg Wife or Husband Missing;    NoHome=No-Show;    CCC=Cancel Post Issue;    Reset=Rep Reset;    NIS=Not Assigned;    OPPFDN=Full Demo No Sale;    NoRehash=No Rehash;    No Demo=No Demo;    NOC=Not covered;","8/7/2026 3:15:49 PM","True"
"Vallin, Gabriell","Canvass","17","2","13","9","9","27260","27260","7","1","3","0","0","0","0","0","2","1","3","0","0","0","7","0","0","0","4","4","Sale","1leg","NoHome","CCC","Reset","NIS","OPPFDN","NoRehash","No Demo","NOC","Dana Whitfield","1/1/2026","1/31/2026","1Leg=1 Leg Wife or Husband Missing;    NoHome=No-Show;    CCC=Cancel Post Issue;    Reset=Rep Reset;    NIS=Not Assigned;    OPPFDN=Full Demo No Sale;    NoRehash=No Rehash;    No Demo=No Demo;    NOC=Not covered;","8/7/2026 3:15:49 PM","True"
"Vallin, Gabriell","Canvass Sticky","1","0","1","1","1","0.0000","0.0000","1","0","0","0","0","0","0","0","0","0","0","0","0","0","1","0","0","0","0","0","Sale","1leg","NoHome","CCC","Reset","NIS","OPPFDN","NoRehash","No Demo","NOC","Dana Whitfield","1/1/2026","1/31/2026","1Leg=1 Leg Wife or Husband Missing;    NoHome=No-Show;    CCC=Cancel Post Issue;    Reset=Rep Reset;    NIS=Not Assigned;    OPPFDN=Full Demo No Sale;    NoRehash=No Rehash;    No Demo=No Demo;    NOC=Not covered;","8/7/2026 3:15:49 PM","True"
"Vallin, Gabriell","CustRef","1","1","1","1","1","61000","61000","0","0","0","0","0","0","0","0","1","0","0","0","0","0","0","0","0","0","0","0","Sale","1leg","NoHome","CCC","Reset","NIS","OPPFDN","NoRehash","No Demo","NOC","Dana Whitfield","1/1/2026","1/31/2026","1Leg=1 Leg Wife or Husband Missing;    NoHome=No-Show;    CCC=Cancel Post Issue;    Reset=Rep Reset;    NIS=Not Assigned;    OPPFDN=Full Demo No Sale;    NoRehash=No Rehash;    No Demo=No Demo;    NOC=Not covered;","8/7/2026 3:15:49 PM","True"
"Vallin, Gabriell","Internet","20","2","16","16","15","36850","26600","13","0","0","0","0","0","0","0","2","0","0","0","0","0","13","0","1","0","4","5","Sale","1leg","NoHome","CCC","Reset","NIS","OPPFDN","NoRehash","No Demo","NOC","Dana Whitfield","1/1/2026","1/31/2026","1Leg=1 Leg Wife or Husband Missing;    NoHome=No-Show;    CCC=Cancel Post Issue;    Reset=Rep Reset;    NIS=Not Assigned;    OPPFDN=Full Demo No Sale;    NoRehash=No Rehash;    No Demo=No Demo;    NOC=Not covered;","8/7/2026 3:15:49 PM","True"
"Vallin, Gabriell","Magazine","1","0","1","1","1","0.0000","0.0000","1","0","0","0","0","0","0","0","0","0","0","0","0","0","1","0","0","0","0","0","Sale","1leg","NoHome","CCC","Reset","NIS","OPPFDN","NoRehash","No Demo","NOC","Dana Whitfield","1/1/2026","1/31/2026","1Leg=1 Leg Wife or Husband Missing;    NoHome=No-Show;    CCC=Cancel Post Issue;    Reset=Rep Reset;    NIS=Not Assigned;    OPPFDN=Full Demo No Sale;    NoRehash=No Rehash;    No Demo=No Demo;    NOC=Not covered;","8/7/2026 3:15:49 PM","True"
"Varnadore, Brian","Affiliates","3","0","3","3","3","0.0000","0.0000","3","0","0","0","0","0","0","0","0","0","0","0","0","0","3","0","0","0","0","0","Sale","1leg","NoHome","CCC","Reset","NIS","OPPFDN","NoRehash","No Demo","NOC","Dana Whitfield","1/1/2026","1/31/2026","1Leg=1 Leg Wife or Husband Missing;    NoHome=No-Show;    CCC=Cancel Post Issue;    Reset=Rep Reset;    NIS=Not Assigned;    OPPFDN=Full Demo No Sale;    NoRehash=No Rehash;    No Demo=No Demo;    NOC=Not covered;","8/7/2026 3:15:49 PM","True"
"Varnadore, Brian","Canvass","25","5","21","17","15","183786","147535","10","1","3","0","0","0","0","0","5","1","3","0","0","0","10","0","2","0","4","6","Sale","1leg","NoHome","CCC","Reset","NIS","OPPFDN","NoRehash","No Demo","NOC","Dana Whitfield","1/1/2026","1/31/2026","1Leg=1 Leg Wife or Husband Missing;    NoHome=No-Show;    CCC=Cancel Post Issue;    Reset=Rep Reset;    NIS=Not Assigned;    OPPFDN=Full Demo No Sale;    NoRehash=No Rehash;    No Demo=No Demo;    NOC=Not covered;","8/7/2026 3:15:49 PM","True"
"Varnadore, Brian","Events 2026","1","0","1","1","1","0.0000","0.0000","1","0","0","0","0","0","0","0","0","0","0","0","0","0","1","0","0","0","0","0","Sale","1leg","NoHome","CCC","Reset","NIS","OPPFDN","NoRehash","No Demo","NOC","Dana Whitfield","1/1/2026","1/31/2026","1Leg=1 Leg Wife or Husband Missing;    NoHome=No-Show;    CCC=Cancel Post Issue;    Reset=Rep Reset;    NIS=Not Assigned;    OPPFDN=Full Demo No Sale;    NoRehash=No Rehash;    No Demo=No Demo;    NOC=Not covered;","8/7/2026 3:15:49 PM","True"
"Varnadore, Brian","Internet","8","1","6","6","6","8960","8960","4","0","0","0","0","0","0","0","1","0","0","0","0","0","4","1","0","0","2","3","Sale","1leg","NoHome","CCC","Reset","NIS","OPPFDN","NoRehash","No Demo","NOC","Dana Whitfield","1/1/2026","1/31/2026","1Leg=1 Leg Wife or Husband Missing;    NoHome=No-Show;    CCC=Cancel Post Issue;    Reset=Rep Reset;    NIS=Not Assigned;    OPPFDN=Full Demo No Sale;    NoRehash=No Rehash;    No Demo=No Demo;    NOC=Not covered;","8/7/2026 3:15:49 PM","True"
"Varnadore, Brian","PrevCust","1","1","1","1","1","6900","6900","0","0","0","0","0","0","0","0","1","0","0","0","0","0","0","0","0","0","0","0","Sale","1leg","NoHome","CCC","Reset","NIS","OPPFDN","NoRehash","No Demo","NOC","Dana Whitfield","1/1/2026","1/31/2026","1Leg=1 Leg Wife or Husband Missing;    NoHome=No-Show;    CCC=Cancel Post Issue;    Reset=Rep Reset;    NIS=Not Assigned;    OPPFDN=Full Demo No Sale;    NoRehash=No Rehash;    No Demo=No Demo;    NOC=Not covered;","8/7/2026 3:15:49 PM","True"
"Wheat, Chris","Affiliates","3","0","2","2","2","0.0000","0.0000","2","0","0","0","0","0","0","0","0","0","0","0","0","0","2","0","0","0","1","1","Sale","1leg","NoHome","CCC","Reset","NIS","OPPFDN","NoRehash","No Demo","NOC","Dana Whitfield","1/1/2026","1/31/2026","1Leg=1 Leg Wife or Husband Missing;    NoHome=No-Show;    CCC=Cancel Post Issue;    Reset=Rep Reset;    NIS=Not Assigned;    OPPFDN=Full Demo No Sale;    NoRehash=No Rehash;    No Demo=No Demo;    NOC=Not covered;","8/7/2026 3:15:49 PM","True"
"Wheat, Chris","Canvass","13","1","10","9","7","20310","20310","6","0","1","0","0","0","0","0","1","0","1","0","1","0","6","0","1","0","3","5","Sale","1leg","NoHome","CCC","Reset","NIS","OPPFDN","NoRehash","No Demo","NOC","Dana Whitfield","1/1/2026","1/31/2026","1Leg=1 Leg Wife or Husband Missing;    NoHome=No-Show;    CCC=Cancel Post Issue;    Reset=Rep Reset;    NIS=Not Assigned;    OPPFDN=Full Demo No Sale;    NoRehash=No Rehash;    No Demo=No Demo;    NOC=Not covered;","8/7/2026 3:15:49 PM","True"
"Wheat, Chris","Canvass Sticky","1","1","1","1","1","14770","14770","0","0","0","0","0","0","0","0","1","0","0","0","0","0","0","0","0","0","0","0","Sale","1leg","NoHome","CCC","Reset","NIS","OPPFDN","NoRehash","No Demo","NOC","Dana Whitfield","1/1/2026","1/31/2026","1Leg=1 Leg Wife or Husband Missing;    NoHome=No-Show;    CCC=Cancel Post Issue;    Reset=Rep Reset;    NIS=Not Assigned;    OPPFDN=Full Demo No Sale;    NoRehash=No Rehash;    No Demo=No Demo;    NOC=Not covered;","8/7/2026 3:15:49 PM","True"
"Wheat, Chris","Internet","19","3","11","11","10","56031","56031","7","0","0","0","0","0","0","0","3","0","0","0","0","0","7","0","1","0","8","9","Sale","1leg","NoHome","CCC","Reset","NIS","OPPFDN","NoRehash","No Demo","NOC","Dana Whitfield","1/1/2026","1/31/2026","1Leg=1 Leg Wife or Husband Missing;    NoHome=No-Show;    CCC=Cancel Post Issue;    Reset=Rep Reset;    NIS=Not Assigned;    OPPFDN=Full Demo No Sale;    NoRehash=No Rehash;    No Demo=No Demo;    NOC=Not covered;","8/7/2026 3:15:49 PM","True"
"Wheat, Chris","Magazine","1","1","1","1","1","23547","23547","0","0","0","0","0","0","0","0","1","0","0","0","0","0","0","0","0","0","0","0","Sale","1leg","NoHome","CCC","Reset","NIS","OPPFDN","NoRehash","No Demo","NOC","Dana Whitfield","1/1/2026","1/31/2026","1Leg=1 Leg Wife or Husband Missing;    NoHome=No-Show;    CCC=Cancel Post Issue;    Reset=Rep Reset;    NIS=Not Assigned;    OPPFDN=Full Demo No Sale;    NoRehash=No Rehash;    No Demo=No Demo;    NOC=Not covered;","8/7/2026 3:15:49 PM","True"
"Wheat, Chris","Website","1","0","1","1","1","0.0000","0.0000","1","0","0","0","0","0","0","0","0","0","0","0","0","0","1","0","0","0","0","0","Sale","1leg","NoHome","CCC","Reset","NIS","OPPFDN","NoRehash","No Demo","NOC","Dana Whitfield","1/1/2026","1/31/2026","1Leg=1 Leg Wife or Husband Missing;    NoHome=No-Show;    CCC=Cancel Post Issue;    Reset=Rep Reset;    NIS=Not Assigned;    OPPFDN=Full Demo No Sale;    NoRehash=No Rehash;    No Demo=No Demo;    NOC=Not covered;","8/7/2026 3:15:49 PM","True"
"Wilson, John","Canvass","1","0","0","0","0","0.0000","0.0000","0","0","0","0","0","0","0","0","0","0","0","0","0","0","0","0","0","0","1","1","Sale","1leg","NoHome","CCC","Reset","NIS","OPPFDN","NoRehash","No Demo","NOC","Dana Whitfield","1/1/2026","1/31/2026","1Leg=1 Leg Wife or Husband Missing;    NoHome=No-Show;    CCC=Cancel Post Issue;    Reset=Rep Reset;    NIS=Not Assigned;    OPPFDN=Full Demo No Sale;    NoRehash=No Rehash;    No Demo=No Demo;    NOC=Not covered;","8/7/2026 3:15:49 PM","True"
"Zidek, Rick","Canvass","9","1","6","5","5","16500","16500","4","1","0","0","0","0","0","0","1","1","0","0","0","0","4","0","0","0","3","3","Sale","1leg","NoHome","CCC","Reset","NIS","OPPFDN","NoRehash","No Demo","NOC","Dana Whitfield","1/1/2026","1/31/2026","1Leg=1 Leg Wife or Husband Missing;    NoHome=No-Show;    CCC=Cancel Post Issue;    Reset=Rep Reset;    NIS=Not Assigned;    OPPFDN=Full Demo No Sale;    NoRehash=No Rehash;    No Demo=No Demo;    NOC=Not covered;","8/7/2026 3:15:49 PM","True"
"Zidek, Rick","Internet","8","0","7","7","6","0.0000","0.0000","6","0","0","0","1","0","0","0","0","0","0","0","0","1","6","0","0","0","1","1","Sale","1leg","NoHome","CCC","Reset","NIS","OPPFDN","NoRehash","No Demo","NOC","Dana Whitfield","1/1/2026","1/31/2026","1Leg=1 Leg Wife or Husband Missing;    NoHome=No-Show;    CCC=Cancel Post Issue;    Reset=Rep Reset;    NIS=Not Assigned;    OPPFDN=Full Demo No Sale;    NoRehash=No Rehash;    No Demo=No Demo;    NOC=Not covered;","8/7/2026 3:15:49 PM","True"
