"contractid","ContractDate","SalesRepName","CustName","address1","city","MilestoneDate","NetAmount","GrossAmount","productid","brp_id","JobCost","TotalPaid","TotalDue","Manager","SDate","EDate","MdtDescr","SortBy","FMOnly","xbrp_id","xMode","FullName","CurrentDateTime","UseColor","xSortBy"
"34580","2/23/2026","Alexander, Clifford","Surname000, Given000","100 Sample St","Port Saint Lucie","3/20/2026","33665.94","34700","Win","BOCA","15895.01","34700","0.0000","5617","3/1/2026","3/31/2026","RTP","S","False","ALL","Actual","Dana Whitfield","8/7/2026 3:00:26 PM","True","Sales Rep"
"34905","3/14/2026","Alexander, Clifford","Surname001, Given001","101 Sample St","Port Saint Lucie","3/20/2026","11665","11665","Win","BOCA","","0.0000","0.0000","5617","3/1/2026","3/31/2026","RTP","S","False","ALL","Actual","Dana Whitfield","8/7/2026 3:00:26 PM","True","Sales Rep"
"34549","2/20/2026","Aljarboua, Lamyaa","Surname002, Given002","102 Sample St","Port Saint Lucie","3/4/2026","12485","12485","Door","BOCA","5127.02","12485","0.0000","5617","3/1/2026","3/31/2026","RTP","S","False","ALL","Actual","Dana Whitfield","8/7/2026 3:00:26 PM","True","Sales Rep"
"34730","3/3/2026","Aljarboua, Lamyaa","Surname003, Given003","103 Sample St","Port Saint Lucie","3/9/2026","11348","11348","Door","BOCA","3388.39","11348","0.0000","5617","3/1/2026","3/31/2026","RTP","S","False","ALL","Actual","Dana Whitfield","8/7/2026 3:00:26 PM","True","Sales Rep"
"34968","3/18/2026","Aljarboua, Lamyaa","Surname004, Given004","104 Sample St","Plantation","3/23/2026","9671.4","9950","Win","FTLAU","3286.9","9950","0.0000","5617","3/1/2026","3/31/2026","RTP","S","False","ALL","Actual","Dana Whitfield","8/7/2026 3:00:26 PM","True","Sales Rep"
"35015","3/21/2026","Aljarboua, Lamyaa","Surname005, Given005","105 Sample St","Lake Worth","3/26/2026","35896","35896","Win","BOCA","11335.11","35897","-1","5617","3/1/2026","3/31/2026","RTP","S","False","ALL","Actual","Dana Whitfield","8/7/2026 3:00:26 PM","True","Sales Rep"
"33796","1/6/2026","Awad, Robbie","Surname006, Given006","106 Sample St","Palm Beach Gardens","3/6/2026","32730","32730","SGD","BOCA","15095.01","32730","0.0000","5617","3/1/2026","3/31/2026","RTP","S","False","ALL","Actual","Dana Whitfield","8/7/2026 3:00:26 PM","True","Sales Rep"
"34298","2/5/2026","Awad, Robbie","Surname007, Given007","107 Sample St","Palm Beach Gardens","3/17/2026","13809.56","13915","Win","BOCA","7512.09","13915","0.0000","5617","3/1/2026","3/31/2026","RTP","S","False","ALL","Actual","Dana Whitfield","8/7/2026 3:00:26 PM","True","Sales Rep"
"34486","2/18/2026","Awad, Robbie","Surname008, Given008","108 Sample St","West Palm Beach","3/30/2026","13779","13779","Win","BOCA","5913.66","13779","0.0000","5617","3/1/2026","3/31/2026","RTP","S","False","ALL","Actual","Dana Whitfield","8/7/2026 3:00:26 PM","True","Sales Rep"
"34793","3/7/2026","Awad, Robbie","Surname009, Given009","109 Sample St","Coral Springs","3/30/2026","46005","48000","Win","FTLAU","19868.15","48000","0.0000","5617","3/1/2026","3/31/2026","RTP","S","False","ALL","Actual","Dana Whitfield","8/7/2026 3:00:26 PM","True","Sales Rep"
"34587","2/23/2026","Barela, Christopher","Surname010, Given010","110 Sample St","Lehigh Acres","3/3/2026","11603","11603","Win","FTMYR","3171.86","11603","0.0000","2315","3/1/2026","3/31/2026","RTP","S","False","ALL","Actual","Dana Whitfield","8/7/2026 3:00:26 PM","True","Sales Rep"
"34640","2/26/2026","Barela, Christopher","Surname011, Given011","111 Sample St","Punta Gorda","3/9/2026","10292.42","10943","Win","FTMYR","3287.14","10943","0.0000","2315","3/1/2026","3/31/2026","RTP","S","False","ALL","Actual","Dana Whitfield","8/7/2026 3:00:26 PM","True","Sales Rep"
"34718","3/3/2026","Barela, Christopher","Surname012, Given012","112 Sample St","Port Charlotte","3/9/2026","11832","12000","Win","FTMYR","3679.3","12000","0.0000","2315","3/1/2026","3/31/2026","RTP","S","False","ALL","Actual","Dana Whitfield","8/7/2026 3:00:26 PM","True","Sales Rep"
"34729","3/3/2026","Barela, Christopher","Surname013, Given013","113 Sample St","Rotonda West","3/9/2026","4855.57","5102","Door","FTMYR","1994.63","5102","0.0000","2315","3/1/2026","3/31/2026","RTP","S","False","ALL","Actual","Dana Whitfield","8/7/2026 3:00:26 PM","True","Sales Rep"
"34811","3/8/2026","Barela, Christopher","Surname014, Given014","114 Sample St","Naples","3/16/2026","19200","20000","Win","FTMYR","6553.15","20000","0.0000","2315","3/1/2026","3/31/2026","RTP","S","False","ALL","Actual","Dana Whitfield","8/7/2026 3:00:26 PM","True","Sales Rep"
"34778","3/6/2026","Barela, Christopher","Surname015, Given015","115 Sample St","Port Charlotte","3/20/2026","15059.25","15525","Win","FTMYR","4490.82","15525","0.0000","2315","3/1/2026","3/31/2026","RTP","S","False","ALL","Actual","Dana Whitfield","8/7/2026 3:00:26 PM","True","Sales Rep"
"34744","3/4/2026","Barela, Christopher","Surname016, Given016","116 Sample St","Port Charlotte","3/20/2026","10000","10000","Win","FTMYR","4008.63","10000","0.0000","2315","3/1/2026","3/31/2026","RTP","S","False","ALL","Actual","Dana Whitfield","8/7/2026 3:00:26 PM","True","Sales Rep"
"34882","3/12/2026","Barela, Christopher","Surname017, Given017","117 Sample St","Cape Coral","3/23/2026","49016","49100","Win","FTMYR","18883.87","49100","0.0000","2315","3/1/2026","3/31/2026","RTP","S","False","ALL","Actual","Dana Whitfield","8/7/2026 3:00:26 PM","True","Sales Rep"
"35037","3/21/2026","Barela, Christopher","Surname018, Given018","118 Sample St","Fort Myers","3/27/2026","11573.56","12056","Win","FTMYR","3366.93","12056.2","-0.2","2315","3/1/2026","3/31/2026","RTP","S","False","ALL","Actual","Dana Whitfield","8/7/2026 3:00:26 PM","True","Sales Rep"
"35029","3/20/2026","Belopotosky, Bryan","Surname019, Given019","119 Sample St","Lehigh Acres","3/26/2026","9076","9076","Win","FTMYR","2680.75","9076","0.0000","2315","3/1/2026","3/31/2026","RTP","S","False","ALL","Actual","Dana Whitfield","8/7/2026 3:00:26 PM","True","Sales Rep"
"34321","2/2/2026","Bugbee, Blake","Surname020, Given020","120 Sample St","Jacksonville","3/9/2026","13536","14477","Win","JAX","4068.89","14477","0.0000","5556","3/1/2026","3/31/2026","RTP","S","False","ALL","Actual","Dana Whitfield","8/7/2026 3:00:26 PM","True","Sales Rep"
"34322","2/3/2026","Bugbee, Blake","Surname021, Given021","121 Sample St","Palm Coast","3/16/2026","10521","10521","Win","JAX","3518.6","10521","0.0000","5556","3/1/2026","3/31/2026","RTP","S","False","ALL","Actual","Dana Whitfield","8/7/2026 3:00:26 PM","True","Sales Rep"
"34539","2/20/2026","Bugbee, Blake","Surname022, Given022","122 Sample St","Lake City","3/16/2026","6300","6300","Win","JAX","1933.14","6300","0.0000","5556","3/1/2026","3/31/2026","RTP","S","False","ALL","Actual","Dana Whitfield","8/7/2026 3:00:26 PM","True","Sales Rep"
"34783","2/26/2026","Bugbee, Blake","Surname023, Given023","123 Sample St","GAINESVILLE","3/16/2026","24300","25000","Win","JAX","","25000","0.0000","5556","3/1/2026","3/31/2026","RTP","S","False","ALL","Actual","Dana Whitfield","8/7/2026 3:00:26 PM","True","Sales Rep"
"34747","3/3/2026","Bugbee, Blake","Surname024, Given024","124 Sample St","Jacksonville","3/18/2026","9952","9952","Win","JAX","4785.19","9952","0.0000","5556","3/1/2026","3/31/2026","RTP","S","False","ALL","Actual","Dana Whitfield","8/7/2026 3:00:26 PM","True","Sales Rep"
"34790","3/7/2026","Bugbee, Blake","Surname025, Given025","125 Sample St","GAINESVILLE","3/19/2026","5961","5961","Win","JAX","1751.96","5961","0.0000","5556","3/1/2026","3/31/2026","RTP","S","False","ALL","Actual","Dana Whitfield","8/7/2026 3:00:26 PM","True","Sales Rep"
"34970","3/16/2026","Bugbee, Blake","Surname026, Given026","126 Sample St","Jacksonville","3/25/2026","26590.62","26971","Win","JAX","8124.29","26971","0.0000","5556","3/1/2026","3/31/2026","RTP","S","False","ALL","Actual","Dana Whitfield","8/7/2026 3:00:26 PM","True","Sales Rep"
"34318","2/7/2026","Bugbee, William","Surname027, Given027","127 Sample St","Gainesville","3/6/2026","16095.32","16995","Win","JAX","5122.64","16995","0.0000","5556","3/1/2026","3/31/2026","RTP","S","False","ALL","Actual","Dana Whitfield","8/7/2026 3:00:26 PM","True","Sales Rep"
"34313","2/6/2026","Butler, Stacy","Surname028, Given028","128 Sample St","Port Charlotte","3/6/2026","26938","26938","Win","FTMYR","9140.5","26938","0.0000","2315","3/1/2026","3/31/2026","RTP","S","False","ALL","Actual","Dana Whitfield","8/7/2026 3:00:26 PM","True","Sales Rep"
"34946","3/6/2026","Butler, Stacy","Surname029, Given029","129 Sample St","Englewood","3/20/2026","17619","17669","Win","SAR","","17669","0.0000","2315","3/1/2026","3/31/2026","RTP","S","False","ALL","Actual","Dana Whitfield","8/7/2026 3:00:26 PM","True","Sales Rep"
"35098","3/24/2026","Butler, Stacy","Surname030, Given030","130 Sample St","Fort Myers","3/30/2026","9688.44","9826","Win","FTMYR","2785.43","9826","0.0000","2315","3/1/2026","3/31/2026","RTP","S","False","ALL","Actual","Dana Whitfield","8/7/2026 3:00:26 PM","True","Sales Rep"
"33918","1/12/2026","Cadenas, Ariel","Surname031, Given031","131 Sample St","Altamonte Springs","3/6/2026","8766","8766","Win","ORL","","8766","0.0000","4746","3/1/2026","3/31/2026","RTP","S","False","ALL","Actual","Dana Whitfield","8/7/2026 3:00:26 PM","True","Sales Rep"
"34511","2/19/2026","Cadenas, Ariel","Surname032, Given032","132 Sample St","Orlando","3/6/2026","16428","16428","Win","ORL","","16428","0.0000","4746","3/1/2026","3/31/2026","RTP","S","False","ALL","Actual","Dana Whitfield","8/7/2026 3:00:26 PM","True","Sales Rep"
"35028","3/21/2026","Cadenas, Ariel","Surname033, Given033","133 Sample St","OCALA","3/27/2026","13885","15000","Win","ORL","","15000","0.0000","4746","3/1/2026","3/31/2026","RTP","S","False","ALL","Actual","Dana Whitfield","8/7/2026 3:00:26 PM","True","Sales Rep"
"34359","2/9/2026","Cadenas, Ariel","Surname034, Given034","134 Sample St","Kissimmee","3/30/2026","22984","22984","Win","LAKE","","22984","0.0000","4746","3/1/2026","3/31/2026","RTP","S","False","ALL","Actual","Dana Whitfield","8/7/2026 3:00:26 PM","True","Sales Rep"
"34020","1/18/2026","Campetti, Tony","Surname035, Given035","135 Sample St","WESLEY CHAPEL","3/2/2026","54975","55000","Win","STPET","","55000","0.0000","4033","3/1/2026","3/31/2026","RTP","S","False","ALL","Actual","Dana Whitfield","8/7/2026 3:00:26 PM","True","Sales Rep"
"33811","1/6/2026","Campetti, Tony","Surname036, Given036","136 Sample St","Palm Harbor","3/4/2026","22400","22400","Win","STPET","","400","22000","4033","3/1/2026","3/31/2026","RTP","S","False","ALL","Actual","Dana Whitfield","8/7/2026 3:00:26 PM","True","Sales Rep"
"34294","2/4/2026","Campetti, Tony","Surname037, Given037","137 Sample St","Tampa","3/5/2026","18000","18000","Win","STPET","","18000","0.0000","4033","3/1/2026","3/31/2026","RTP","S","False","ALL","Actual","Dana Whitfield","8/7/2026 3:00:26 PM","True","Sales Rep"
"34725","2/28/2026","Campetti, Tony","Surname038, Given038","138 Sample St","Brandon","3/5/2026","1900","1900","Door","STPET","","1900","0.0000","4033","3/1/2026","3/31/2026","RTP","S","False","ALL","Actual","Dana Whitfield","8/7/2026 3:00:26 PM","True","Sales Rep"
"34743","3/2/2026","Campetti, Tony","Surname039, Given039","139 Sample St","Zephyrhills","3/6/2026","10000","10500","Door","STPET","","5750","4750","4033","3/1/2026","3/31/2026","RTP","S","False","ALL","Actual","Dana Whitfield","8/7/2026 3:00:26 PM","True","Sales Rep"
"34873","3/9/2026","Campetti, Tony","Surname040, Given040","140 Sample St","Saint Petersburg","3/16/2026","11916","12000","Win","STPET","","0.0000","0.0000","4033","3/1/2026","3/31/2026","RTP","S","False","ALL","Actual","Dana Whitfield","8/7/2026 3:00:26 PM","True","Sales Rep"
"34989","3/14/2026","Campetti, Tony","Surname041, Given041","141 Sample St","Largo","3/19/2026","12430","12500","Win","STPET","","12500","0.0000","4033","3/1/2026","3/31/2026","RTP","S","False","ALL","Actual","Dana Whitfield","8/7/2026 3:00:26 PM","True","Sales Rep"
"34716","2/27/2026","Campetti, Tony","Surname042, Given042","142 Sample St","St. Petersburg","3/19/2026","16486","16500","Win","STPET","","16500","0.0000","4033","3/1/2026","3/31/2026","RTP","S","False","ALL","Actual","Dana Whitfield","8/7/2026 3:00:26 PM","True","Sales Rep"
"35040","3/18/2026","Campetti, Tony","Surname043, Given043","143 Sample St","TAMPA","3/23/2026","11296","11300","Win","STPET","","11300","0.0000","4033","3/1/2026","3/31/2026","RTP","S","False","ALL","Actual","Dana Whitfield","8/7/2026 3:00:26 PM","True","Sales Rep"
"35154","3/26/2026","Campetti, Tony","Surname044, Given044","144 Sample St","ST PETERSBURG","3/31/2026","20986","21000","Win","STPET","","21000","0.0000","4033","3/1/2026","3/31/2026","RTP","S","False","ALL","Actual","Dana Whitfield","8/7/2026 3:00:26 PM","True","Sales Rep"
"35163","3/26/2026","Campetti, Tony","Surname045, Given045","145 Sample St","Brandon","3/31/2026","6500","6500","SGD","STPET","","6500","0.0000","4033","3/1/2026","3/31/2026","RTP","S","False","ALL","Actual","Dana Whitfield","8/7/2026 3:00:26 PM","True","Sales Rep"
"34684","2/25/2026","Canalungo, Dan","Surname046, Given046","146 Sample St","Sarasota","3/3/2026","31954","31954","Win","SAR","","31954","0.0000","4798","3/1/2026","3/31/2026","RTP","S","False","ALL","Actual","Dana Whitfield","8/7/2026 3:00:26 PM","True","Sales Rep"
"34817","3/5/2026","Canalungo, Dan","Surname047, Given047","147 Sample St","Sarasota","3/10/2026","32319.36","33666","Win","SAR","","33666","0.0000","4798","3/1/2026","3/31/2026","RTP","S","False","ALL","Actual","Dana Whitfield","8/7/2026 3:00:26 PM","True","Sales Rep"
"34578","2/17/2026","Canalungo, Dan","Surname048, Given048","148 Sample St","Sarasota","3/27/2026","17142","17142","Win","SAR","","17142","0.0000","4798","3/1/2026","3/31/2026","RTP","S","False","ALL","Actual","Dana Whitfield","8/7/2026 3:00:26 PM","True","Sales Rep"
"35080","3/19/2026","Canalungo, Dan","Surname049, Given049","149 Sample St","North Port","3/27/2026","24030","24030","Win","SAR","0.0000","24030","0.0000","4798","3/1/2026","3/31/2026","RTP","S","False","ALL","Actual","Dana Whitfield","8/7/2026 3:00:26 PM","True","Sales Rep"
"34973","3/17/2026","Canalungo, Dan","Surname050, Given050","150 Sample St","Bradenton","3/30/2026","11392","11392","Door","SAR","","11392","0.0000","4798","3/1/2026","3/31/2026","RTP","S","False","ALL","Actual","Dana Whitfield","8/7/2026 3:00:26 PM","True","Sales Rep"
"34619","2/24/2026","Carr, Michael","Surname051, Given051","151 Sample St","FORT MYERS","3/4/2026","11473","11473","Win","FTMYR","2955.39","11473","0.0000","2315","3/1/2026","3/31/2026","RTP","S","False","ALL","Actual","Dana Whitfield","8/7/2026 3:00:26 PM","True","Sales Rep"
"34670","2/27/2026","Carr, Michael","Surname052, Given052","152 Sample St","Cape Coral","3/4/2026","7494","7494","Win","FTMYR","1572.32","7494","0.0000","2315","3/1/2026","3/31/2026","RTP","S","False","ALL","Actual","Dana Whitfield","8/7/2026 3:00:26 PM","True","Sales Rep"
"34714","3/3/2026","Carr, Michael","Surname053, Given053","153 Sample St","Cape Coral","3/9/2026","22243","22243","Win","FTMYR","6562.18","22243","0.0000","2315","3/1/2026","3/31/2026","RTP","S","False","ALL","Actual","Dana Whitfield","8/7/2026 3:00:26 PM","True","Sales Rep"
"34713","3/2/2026","Carr, Michael","Surname054, Given054","154 Sample St","Fort Myers","3/13/2026","34444","34444","Win","FTMYR","10479.31","34444","0.0000","2315","3/1/2026","3/31/2026","RTP","S","False","ALL","Actual","Dana Whitfield","8/7/2026 3:00:26 PM","True","Sales Rep"
"34984","3/18/2026","Carr, Michael","Surname055, Given055","155 Sample St","Naples","3/23/2026","16510","16510","Win","FTMYR","6376.52","16510","0.0000","2315","3/1/2026","3/31/2026","RTP","S","False","ALL","Actual","Dana Whitfield","8/7/2026 3:00:26 PM","True","Sales Rep"
"34386","2/10/2026","Carr, Michael","Surname056, Given056","156 Sample St","Naples","3/27/2026","52608","52610","Win","FTMYR","16377.6","52610","0.0000","2315","3/1/2026","3/31/2026","RTP","S","False","ALL","Actual","Dana Whitfield","8/7/2026 3:00:26 PM","True","Sales Rep"
"34412","2/12/2026","Carr, Michael","Surname057, Given057","157 Sample St","Naples","3/30/2026","10944","10944","Win","FTMYR","3384.1","10944","0.0000","2315","3/1/2026","3/31/2026","RTP","S","False","ALL","Actual","Dana Whitfield","8/7/2026 3:00:26 PM","True","Sales Rep"
"35007","3/19/2026","Carr, Michael","Surname058, Given058","158 Sample St","Fort Myers","3/31/2026","85902","85902","Door","FTMYR","32568.2","85902","0.0000","2315","3/1/2026","3/31/2026","RTP","S","False","ALL","Actual","Dana Whitfield","8/7/2026 3:00:26 PM","True","Sales Rep"
"34284","1/31/2026","Carter, David","Surname059, Given059","159 Sample St","Plant City","3/11/2026","15150","15150","Win","STPET","74.85","15150","0.0000","4746","3/1/2026","3/31/2026","RTP","S","False","ALL","Actual","Dana Whitfield","8/7/2026 3:00:26 PM","True","Sales Rep"
"34543","1/19/2026","Carter, David","Surname060, Given060","160 Sample St","Sebring","3/16/2026","7000","7000","Win","STPET","","3500","3500","4746","3/1/2026","3/31/2026","RTP","S","False","ALL","Actual","Dana Whitfield","8/7/2026 3:00:26 PM","True","Sales Rep"
"34645","2/26/2026","Carter, David","Surname061, Given061","161 Sample St","Lake Wales","3/16/2026","18450","18450","Win","LAKE","","0.0000","0.0000","4746","3/1/2026","3/31/2026","RTP","S","False","ALL","Actual","Dana Whitfield","8/7/2026 3:00:26 PM","True","Sales Rep"
"35020","3/18/2026","Carter, David","Surname062, Given062","162 Sample St","Lakeland","3/23/2026","28500","28500","Win","LAKE","","28500","0.0000","4746","3/1/2026","3/31/2026","RTP","S","False","ALL","Actual","Dana Whitfield","8/7/2026 3:00:26 PM","True","Sales Rep"
"35062","3/19/2026","Carter, David","Surname063, Given063","163 Sample St","Plant City","3/27/2026","26880","28000","Win","STPET","","28000","0.0000","4746","3/1/2026","3/31/2026","RTP","S","False","ALL","Actual","Dana Whitfield","8/7/2026 3:00:26 PM","True","Sales Rep"
"35018","3/21/2026","Carter, David","Surname064, Given064","164 Sample St","Ocala","3/30/2026","6804","7000","Win","ORL","","7000","0.0000","4746","3/1/2026","3/31/2026","RTP","S","False","ALL","Actual","Dana Whitfield","8/7/2026 3:00:26 PM","True","Sales Rep"
"34925","3/14/2026","Casanas, Luis","Surname065, Given065","165 Sample St","Maitland","3/19/2026","8500","8500","Win","ORL","","8500","0.0000","4746","3/1/2026","3/31/2026","RTP","S","False","ALL","Actual","Dana Whitfield","8/7/2026 3:00:26 PM","True","Sales Rep"
"34916","3/13/2026","Casanas, Luis","Surname066, Given066","166 Sample St","Ocala","3/20/2026","19895","19895","Win","ORL","","19895","0.0000","4746","3/1/2026","3/31/2026","RTP","S","False","ALL","Actual","Dana Whitfield","8/7/2026 3:00:26 PM","True","Sales Rep"
"34416","2/12/2026","Casanas, Luis","Surname067, Given067","167 Sample St","Ocala","3/26/2026","22224.64","22734","Win","ORL","","22734","0.0000","4746","3/1/2026","3/31/2026","RTP","S","False","ALL","Actual","Dana Whitfield","8/7/2026 3:00:26 PM","True","Sales Rep"
"35055","3/22/2026","Casanas, Luis","Surname068, Given068","168 Sample St","Lecanto","3/30/2026","60296","60296","Win","ORL","","60296","0.0000","4746","3/1/2026","3/31/2026","RTP","S","False","ALL","Actual","Dana Whitfield","8/7/2026 3:00:26 PM","True","Sales Rep"
"34685","2/25/2026","Castaneda, Julian","Surname069, Given069","169 Sample St","Palm Harbor","3/16/2026","46924","46924","Win","STPET","","46924","0.0000","4033","3/1/2026","3/31/2026","RTP","S","False","ALL","Actual","Dana Whitfield","8/7/2026 3:00:26 PM","True","Sales Rep"
"34871","3/9/2026","Castaneda, Julian","Surname070, Given070","170 Sample St","Port Richey","3/16/2026","5248.8","5400","Door","STPET","","5400","0.0000","4033","3/1/2026","3/31/2026","RTP","S","False","ALL","Actual","Dana Whitfield","8/7/2026 3:00:26 PM","True","Sales Rep"
"34991","3/15/2026","Castaneda, Julian","Surname071, Given071","171 Sample St","Valrico","3/25/2026","32171.5","34225","Win","STPET","4821.36","34225","0.0000","4033","3/1/2026","3/31/2026","RTP","S","False","ALL","Actual","Dana Whitfield","8/7/2026 3:00:26 PM","True","Sales Rep"
"35123","3/24/2026","Castaneda, Julian","Surname072, Given072","172 Sample St","Tampa","3/30/2026","19400","19400","Win","STPET","","19400","0.0000","4033","3/1/2026","3/31/2026","RTP","S","False","ALL","Actual","Dana Whitfield","8/7/2026 3:00:26 PM","True","Sales Rep"
"35120","3/24/2026","Castaneda, Julian","Surname073, Given073","173 Sample St","Tampa","3/31/2026","34896","34896","Win","STPET","","34896","0.0000","4033","3/1/2026","3/31/2026","RTP","S","False","ALL","Actual","Dana Whitfield","8/7/2026 3:00:26 PM","True","Sales Rep"
"34688","2/26/2026","Cocco, Alex","Surname074, Given074","174 Sample St","Spring Hill","3/3/2026","17000","17000","Win","STPET","","17000","0.0000","4033","3/1/2026","3/31/2026","RTP","S","False","ALL","Actual","Dana Whitfield","8/7/2026 3:00:26 PM","True","Sales Rep"
"34723","2/28/2026","Cocco, Alex","Surname075, Given075","175 Sample St","Saint Petersburg","3/5/2026","22214","23120","Win","STPET","","23120","0.0000","4033","3/1/2026","3/31/2026","RTP","S","False","ALL","Actual","Dana Whitfield","8/7/2026 3:00:26 PM","True","Sales Rep"
"34757","3/2/2026","Cocco, Alex","Surname076, Given076","176 Sample St","LARGO","3/6/2026","41000","41000","Win","STPET","","41000","0.0000","4033","3/1/2026","3/31/2026","RTP","S","False","ALL","Actual","Dana Whitfield","8/7/2026 3:00:26 PM","True","Sales Rep"
"34726","2/28/2026","Cocco, Alex","Surname077, Given077","177 Sample St","Tampa","3/9/2026","16000","16000","Win","STPET","","16000","0.0000","4033","3/1/2026","3/31/2026","RTP","S","False","ALL","Actual","Dana Whitfield","8/7/2026 3:00:26 PM","True","Sales Rep"
"34495","2/12/2026","Cocco, Alex","Surname078, Given078","178 Sample St","RIVERVIEW","3/16/2026","27500","27500","Win","STPET","","27500","0.0000","4033","3/1/2026","3/31/2026","RTP","S","False","ALL","Actual","Dana Whitfield","8/7/2026 3:00:26 PM","True","Sales Rep"
"33656","12/15/2025","Cocco, Alex","Surname079, Given079","179 Sample St","St. Petersburg","3/16/2026","35733","35761","Win","STPET","","35761","0.0000","4033","3/1/2026","3/31/2026","RTP","S","False","ALL","Actual","Dana Whitfield","8/7/2026 3:00:26 PM","True","Sales Rep"
"34894","3/10/2026","Cocco, Alex","Surname080, Given080","180 Sample St","Brandon","3/18/2026","24472","24500","Win","STPET","","24500","0.0000","4033","3/1/2026","3/31/2026","RTP","S","False","ALL","Actual","Dana Whitfield","8/7/2026 3:00:26 PM","True","Sales Rep"
"34952","3/13/2026","Cocco, Alex","Surname081, Given081","181 Sample St","Seminole","3/18/2026","65000","65000","Win","STPET","","65000","0.0000","4033","3/1/2026","3/31/2026","RTP","S","False","ALL","Actual","Dana Whitfield","8/7/2026 3:00:26 PM","True","Sales Rep"
"34950","3/12/2026","Cocco, Alex","Surname082, Given082","182 Sample St","New Port Richey","3/19/2026","6975.6","6977","Win","STPET","","6977","0.0000","4033","3/1/2026","3/31/2026","RTP","S","False","ALL","Actual","Dana Whitfield","8/7/2026 3:00:26 PM","True","Sales Rep"
"34996","3/2/2026","Cocco, Alex","Surname083, Given083","183 Sample St","Wesley Chapel","3/27/2026","13515.66","13905","Win","STPET","","13905","0.0000","4033","3/1/2026","3/31/2026","RTP","S","False","ALL","Actual","Dana Whitfield","8/7/2026 3:00:26 PM","True","Sales Rep"
"34502","2/13/2026","Colon, Carlos","Surname084, Given084","184 Sample St","Palmetto","3/9/2026","15402","15402","SGD","SAR","","15402","0.0000","4033","3/1/2026","3/31/2026","RTP","S","False","ALL","Actual","Dana Whitfield","8/7/2026 3:00:26 PM","True","Sales Rep"
"34348","2/6/2026","Colon, Carlos","Surname085, Given085","185 Sample St","NEW PORT RICHEY","3/9/2026","10535","10535","Win","STPET","","10535","0.0000","4033","3/1/2026","3/31/2026","RTP","S","False","ALL","Actual","Dana Whitfield","8/7/2026 3:00:26 PM","True","Sales Rep"
"34881","3/10/2026","Colon, Carlos","Surname086, Given086","186 Sample St","Holiday","3/16/2026","21857","21857","Win","STPET","","21857","0.0000","4033","3/1/2026","3/31/2026","RTP","S","False","ALL","Actual","Dana Whitfield","8/7/2026 3:00:26 PM","True","Sales Rep"
"34942","3/12/2026","Colon, Carlos","Surname087, Given087","187 Sample St","Tampa","3/20/2026","8060","8060","Win","STPET","","8060","0.0000","4033","3/1/2026","3/31/2026","RTP","S","False","ALL","Actual","Dana Whitfield","8/7/2026 3:00:26 PM","True","Sales Rep"
"34840","3/6/2026","Colon, Carlos","Surname088, Given088","188 Sample St","Wesley Chapel","3/20/2026","33790.8","33900","Win","STPET","","33900","0.0000","4033","3/1/2026","3/31/2026","RTP","S","False","ALL","Actual","Dana Whitfield","8/7/2026 3:00:26 PM","True","Sales Rep"
"34780","3/5/2026","Colon, Carlos","Surname089, Given089","189 Sample St","Land O Lakes","3/25/2026","21761.94","23151","Win","STPET","","23151","0.0000","4033","3/1/2026","3/31/2026","RTP","S","False","ALL","Actual","Dana Whitfield","8/7/2026 3:00:26 PM","True","Sales Rep"
"35087","3/20/2026","Colon, Carlos","Surname090, Given090","190 Sample St","Largo","3/26/2026","41523","41523","Win","STPET","","41523","0.0000","4033","3/1/2026","3/31/2026","RTP","S","False","ALL","Actual","Dana Whitfield","8/7/2026 3:00:26 PM","True","Sales Rep"
"35151","3/25/2026","Colon, Carlos","Surname091, Given091","191 Sample St","Seffner","3/30/2026","8891","8891","Win","STPET","","8891","0.0000","4033","3/1/2026","3/31/2026","RTP","S","False","ALL","Actual","Dana Whitfield","8/7/2026 3:00:26 PM","True","Sales Rep"
"34609","2/21/2026","Coronado, Chris - SARA","Surname092, Given092","192 Sample St","Seminole","3/23/2026","5989.68","6372","Door","STPET","","6372","0.0000","1846","3/1/2026","3/31/2026","RTP","S","False","ALL","Actual","Dana Whitfield","8/7/2026 3:00:26 PM","True","Sales Rep"
"34844","3/7/2026","Cox, Andy","Surname093, Given093","193 Sample St","Tampa","3/12/2026","6250","6250","SGD","STPET","","6250","0.0000","4033","3/1/2026","3/31/2026","RTP","S","False","ALL","Actual","Dana Whitfield","8/7/2026 3:00:26 PM","True","Sales Rep"
"35064","3/23/2026","Cox, Andy","Surname094, Given094","194 Sample St","Inverness","3/27/2026","18000","18000","Win","ORL","","18000","0.0000","4033","3/1/2026","3/31/2026","RTP","S","False","ALL","Actual","Dana Whitfield","8/7/2026 3:00:26 PM","True","Sales Rep"
"34890","3/10/2026","Cox, Andy","Surname095, Given095","195 Sample St","Tampa","3/30/2026","15500","15500","SGD","STPET","","15500","0.0000","4033","3/1/2026","3/31/2026","RTP","S","False","ALL","Actual","Dana Whitfield","8/7/2026 3:00:26 PM","True","Sales Rep"
"35153","3/26/2026","Cox, Andy","Surname096, Given096","196 Sample St","Wesley Chapel","3/31/2026","9136.8","9400","Win","STPET","","9400","0.0000","4033","3/1/2026","3/31/2026","RTP","S","False","ALL","Actual","Dana Whitfield","8/7/2026 3:00:26 PM","True","Sales Rep"
"35079","3/21/2026","Cox, Andy","Surname097, Given097","197 Sample St","St Petersburg","3/31/2026","10500","10500","Win","STPET","","10500","0.0000","4033","3/1/2026","3/31/2026","RTP","S","False","ALL","Actual","Dana Whitfield","8/7/2026 3:00:26 PM","True","Sales Rep"
"34682","2/25/2026","Dukes, Steven","Surname098, Given098","198 Sample St","BRADENTON","3/2/2026","21765","21765","Win","SAR","","21765","0.0000","4798","3/1/2026","3/31/2026","RTP","S","False","ALL","Actual","Dana Whitfield","8/7/2026 3:00:26 PM","True","Sales Rep"
"34046","1/20/2026","Dukes, Steven","Surname099, Given099","199 Sample St","Venice","3/4/2026","21975","22000","Win","SAR","","22000","0.0000","4798","3/1/2026","3/31/2026","RTP","S","False","ALL","Actual","Dana Whitfield","8/7/2026 3:00:26 PM","True","Sales Rep"
"34765","3/3/2026","Dukes, Steven","Surname100, Given100","200 Sample St","Myakka City","3/9/2026","20578.13","21950","Win","SAR","","21950","0.0000","4798","3/1/2026","3/31/2026","RTP","S","False","ALL","Actual","Dana Whitfield","8/7/2026 3:00:26 PM","True","Sales Rep"
"34956","3/13/2026","Dukes, Steven","Surname101, Given101","201 Sample St","Venice","3/31/2026","11750","12500","Win","SAR","","12500","0.0000","4798","3/1/2026","3/31/2026","RTP","S","False","ALL","Actual","Dana Whitfield","8/7/2026 3:00:26 PM","True","Sales Rep"
"34479","2/11/2026","Dyer, Nic","Surname102, Given102","202 Sample St","Parrish","3/6/2026","28230.13","32263","Win","SAR","","32263","0.0000","4798","3/1/2026","3/31/2026","RTP","S","False","ALL","Actual","Dana Whitfield","8/7/2026 3:00:26 PM","True","Sales Rep"
"34501","2/13/2026","Dyer, Nic","Surname103, Given103","203 Sample St","Venice","3/6/2026","30500","30500","Win","SAR","","30500","0.0000","4798","3/1/2026","3/31/2026","RTP","S","False","ALL","Actual","Dana Whitfield","8/7/2026 3:00:26 PM","True","Sales Rep"
"34683","2/25/2026","Dyer, Nic","Surname104, Given104","204 Sample St","Bradenton","3/16/2026","25272","26000","Win","SAR","","26000","0.0000","4798","3/1/2026","3/31/2026","RTP","S","False","ALL","Actual","Dana Whitfield","8/7/2026 3:00:26 PM","True","Sales Rep"
"34838","3/7/2026","Dyer, Nic","Surname105, Given105","205 Sample St","Sarasota","3/16/2026","15278.76","16254","Win","SAR","","16254","0.0000","4798","3/1/2026","3/31/2026","RTP","S","False","ALL","Actual","Dana Whitfield","8/7/2026 3:00:26 PM","True","Sales Rep"
"35025","3/20/2026","Dyer, Nic","Surname106, Given106","206 Sample St","Punta Gorda","3/25/2026","12034.75","13754","Win","FTMYR","3793.79","13754","0.0000","4798","3/1/2026","3/31/2026","RTP","S","False","ALL","Actual","Dana Whitfield","8/7/2026 3:00:26 PM","True","Sales Rep"
"35191","3/26/2026","Dyer, Nic","Surname107, Given107","207 Sample St","North Port","3/31/2026","29110","29110","Win","SAR","","1","-1","4798","3/1/2026","3/31/2026","RTP","S","False","ALL","Actual","Dana Whitfield","8/7/2026 3:00:26 PM","True","Sales Rep"
"34698","2/26/2026","Faragure, Dylon","Surname108, Given108","208 Sample St","Sarasota","3/3/2026","6755.3","7855","Win","SAR","","7855","0.0000","4798","3/1/2026","3/31/2026","RTP","S","False","ALL","Actual","Dana Whitfield","8/7/2026 3:00:26 PM","True","Sales Rep"
"34767","3/5/2026","Faragure, Dylon","Surname109, Given109","209 Sample St","Punta Gorda","3/10/2026","12000","12000","Win","FTMYR","","1","11999","4798","3/1/2026","3/31/2026","RTP","S","False","ALL","Actual","Dana Whitfield","8/7/2026 3:00:26 PM","True","Sales Rep"
"34878","3/9/2026","Faragure, Dylon","Surname110, Given110","210 Sample St","Seffner","3/23/2026","9850","9850","","STPET","","9850","0.0000","4798","3/1/2026","3/31/2026","RTP","S","False","ALL","Actual","Dana Whitfield","8/7/2026 3:00:26 PM","True","Sales Rep"
"34855","3/10/2026","Faragure, Dylon","Surname111, Given111","211 Sample St","Bradenton","3/24/2026","11874","11874","Win","SAR","","11874","0.0000","4798","3/1/2026","3/31/2026","RTP","S","False","ALL","Actual","Dana Whitfield","8/7/2026 3:00:26 PM","True","Sales Rep"
"34949","3/12/2026","Faragure, Dylon","Surname112, Given112","212 Sample St","Riverview","3/25/2026","27822","27822","Win","STPET","","1","27821","4798","3/1/2026","3/31/2026","RTP","S","False","ALL","Actual","Dana Whitfield","8/7/2026 3:00:26 PM","True","Sales Rep"
"34992","3/16/2026","Faragure, Dylon","Surname113, Given113","213 Sample St","Bradenton","3/26/2026","67324","67349","Win","SAR","14118.44","17750","49599","4798","3/1/2026","3/31/2026","RTP","S","False","ALL","Actual","Dana Whitfield","8/7/2026 3:00:26 PM","True","Sales Rep"
"35116","3/22/2026","Faragure, Dylon","Surname114, Given114","214 Sample St","VENICE","3/26/2026","21427.2","22320","Win","SAR","","22320","0.0000","4798","3/1/2026","3/31/2026","RTP","S","False","ALL","Actual","Dana Whitfield","8/7/2026 3:00:26 PM","True","Sales Rep"
"35124","3/24/2026","Faragure, Dylon","Surname115, Given115","215 Sample St","Largo","3/30/2026","28974","28974","Win","STPET","","28974","0.0000","4798","3/1/2026","3/31/2026","RTP","S","False","ALL","Actual","Dana Whitfield","8/7/2026 3:00:26 PM","True","Sales Rep"
"35125","3/25/2026","Faragure, Dylon","Surname116, Given116","216 Sample St","Sarasota","3/30/2026","9285","9800","Win","SAR","","9800","0.0000","4798","3/1/2026","3/31/2026","RTP","S","False","ALL","Actual","Dana Whitfield","8/7/2026 3:00:26 PM","True","Sales Rep"
"34559","2/20/2026","Farrell, Ron","Surname117, Given117","217 Sample St","Kissimmee","3/9/2026","32781.56","34844","Win","ORL","","34844","0.0000","4746","3/1/2026","3/31/2026","RTP","S","False","ALL","Actual","Dana Whitfield","8/7/2026 3:00:26 PM","True","Sales Rep"
"31469","7/12/2025","Ferrier, Oliver","Surname118, Given118","218 Sample St","Miramar","3/16/2026","30610","30635","Win","FTLAU","12179.29","30635","0.0000","5617","3/1/2026","3/31/2026","RTP","S","False","ALL","Actual","Dana Whitfield","8/7/2026 3:00:26 PM","True","Sales Rep"
"34904","3/13/2026","Ferrier, Oliver","Surname119, Given119","219 Sample St","Oakland Park","3/20/2026","9969","9969","Door","FTLAU","4332.28","9969","0.0000","5617","3/1/2026","3/31/2026","RTP","S","False","ALL","Actual","Dana Whitfield","8/7/2026 3:00:26 PM","True","Sales Rep"
"34636","2/24/2026","Garner, Chris","Surname120, Given120","220 Sample St","St. Petersburg","3/9/2026","4254","4254","SGD","STPET","","4254","0.0000","0.0000","3/1/2026","3/31/2026","RTP","S","False","ALL","Actual","Dana Whitfield","8/7/2026 3:00:26 PM","True","Sales Rep"
"34687","2/26/2026","Harris, Zachariah","Surname121, Given121","221 Sample St","St Pete","3/3/2026","5351","5351","Door","STPET","","5351","0.0000","4033","3/1/2026","3/31/2026","RTP","S","False","ALL","Actual","Dana Whitfield","8/7/2026 3:00:26 PM","True","Sales Rep"
"34773","3/4/2026","Harris, Zachariah","Surname122, Given122","222 Sample St","Largo","3/9/2026","17622.6","17641","Win","STPET","","17641","0.0000","4033","3/1/2026","3/31/2026","RTP","S","False","ALL","Actual","Dana Whitfield","8/7/2026 3:00:26 PM","True","Sales Rep"
"34599","2/19/2026","Harris, Zachariah","Surname123, Given123","223 Sample St","Land O Lakes","3/18/2026","12164","12164","Win","STPET","","12164","0.0000","4033","3/1/2026","3/31/2026","RTP","S","False","ALL","Actual","Dana Whitfield","8/7/2026 3:00:26 PM","True","Sales Rep"
"34697","2/26/2026","Harris, Zachariah","Surname124, Given124","224 Sample St","Pinellas Park","3/20/2026","18491","18491","Win","STPET","","18491","0.0000","4033","3/1/2026","3/31/2026","RTP","S","False","ALL","Actual","Dana Whitfield","8/7/2026 3:00:26 PM","True","Sales Rep"
"34340","2/5/2026","Harris, Zachariah","Surname125, Given125","225 Sample St","Holiday","3/26/2026","66685.12","69047","Win","STPET","","69047","0.0000","4033","3/1/2026","3/31/2026","RTP","S","False","ALL","Actual","Dana Whitfield","8/7/2026 3:00:26 PM","True","Sales Rep"
"35099","3/21/2026","Harris, Zachariah","Surname126, Given126","226 Sample St","NEW PORT RICHEY","3/30/2026","22540","22540","Win","STPET","","22540","0.0000","4033","3/1/2026","3/31/2026","RTP","S","False","ALL","Actual","Dana Whitfield","8/7/2026 3:00:26 PM","True","Sales Rep"
"34669","2/27/2026","Hawkins, Brenton - FTM","Surname127, Given127","227 Sample St","Rotonda West","3/16/2026","12626.25","12991","Win","FTMYR","5428.21","12991","0.0000","2315","3/1/2026","3/31/2026","RTP","S","False","ALL","Actual","Dana Whitfield","8/7/2026 3:00:26 PM","True","Sales Rep"
"34964","3/17/2026","Hawkins, Brenton - FTM","Surname128, Given128","228 Sample St","ENGLEWOOD","3/23/2026","38392","41592","Win","FTMYR","13857.29","41592","0.0000","2315","3/1/2026","3/31/2026","RTP","S","False","ALL","Actual","Dana Whitfield","8/7/2026 3:00:26 PM","True","Sales Rep"
"34926","3/16/2026","Hawkins, Brenton - FTM","Surname129, Given129","229 Sample St","Englewood","3/30/2026","27456","27456","Win","FTMYR","","13728","13728","2315","3/1/2026","3/31/2026","RTP","S","False","ALL","Actual","Dana Whitfield","8/7/2026 3:00:26 PM","True","Sales Rep"
"34430","2/13/2026","Hayes, Misty","Surname130, Given130","230 Sample St","THE VILLAGES","3/11/2026","8479.73","8724","Win","ORL","","8724","0.0000","4746","3/1/2026","3/31/2026","RTP","S","False","ALL","Actual","Dana Whitfield","8/7/2026 3:00:26 PM","True","Sales Rep"
"34432","2/13/2026","Hayes, Misty","Surname131, Given131","231 Sample St","Ocala","3/13/2026","10405","10405","Win","ORL","","10405","0.0000","4746","3/1/2026","3/31/2026","RTP","S","False","ALL","Actual","Dana Whitfield","8/7/2026 3:00:26 PM","True","Sales Rep"
"34644","2/26/2026","Hayes, Misty","Surname132, Given132","232 Sample St","Ocala","3/16/2026","10597","10597","Win","ORL","","5298","-5298","4746","3/1/2026","3/31/2026","RTP","S","False","ALL","Actual","Dana Whitfield","8/7/2026 3:00:26 PM","True","Sales Rep"
"34920","3/13/2026","Hayes, Misty","Surname133, Given133","233 Sample St","Summerfield","3/20/2026","11218","11218","Win","ORL","","11218","0.0000","4746","3/1/2026","3/31/2026","RTP","S","False","ALL","Actual","Dana Whitfield","8/7/2026 3:00:26 PM","True","Sales Rep"
"34931","3/13/2026","Hayes, Misty","Surname134, Given134","234 Sample St","Minneola","3/20/2026","11901","12514","Win","ORL","","12514","0.0000","4746","3/1/2026","3/31/2026","RTP","S","False","ALL","Actual","Dana Whitfield","8/7/2026 3:00:26 PM","True","Sales Rep"
"34988","3/18/2026","Hayes, Misty","Surname135, Given135","235 Sample St","The Villages","3/26/2026","7462","7462","Win","ORL","","7462","0.0000","4746","3/1/2026","3/31/2026","RTP","S","False","ALL","Actual","Dana Whitfield","8/7/2026 3:00:26 PM","True","Sales Rep"
"35146","3/25/2026","Hayes, Misty","Surname136, Given136","236 Sample St","Dunnellon","3/30/2026","19897.5","21000","Win","ORL","","21000","0.0000","4746","3/1/2026","3/31/2026","RTP","S","False","ALL","Actual","Dana Whitfield","8/7/2026 3:00:26 PM","True","Sales Rep"
"35013","3/20/2026","Hollars, Tanner","Surname137, Given137","237 Sample St","Jacksonville","3/25/2026","17940","17940","Win","JAX","","16940","-16940","5556","3/1/2026","3/31/2026","RTP","S","False","ALL","Actual","Dana Whitfield","8/7/2026 3:00:26 PM","True","Sales Rep"
"34266","2/3/2026","Hutchenson, Tim","Surname138, Given138","238 Sample St","Longwood","3/5/2026","17340","17340","Win","ORL","","17340","0.0000","4746","3/1/2026","3/31/2026","RTP","S","False","ALL","Actual","Dana Whitfield","8/7/2026 3:00:26 PM","True","Sales Rep"
"34751","3/4/2026","Hutchenson, Tim","Surname139, Given139","239 Sample St","Eustis","3/9/2026","10413","10413","Win","ORL","","10413","0.0000","4746","3/1/2026","3/31/2026","RTP","S","False","ALL","Actual","Dana Whitfield","8/7/2026 3:00:26 PM","True","Sales Rep"
"34009","1/19/2026","Hutchenson, Tim","Surname140, Given140","240 Sample St","Kissimmee","3/13/2026","23976","23976","Win","ORL","","23976","0.0000","4746","3/1/2026","3/31/2026","RTP","S","False","ALL","Actual","Dana Whitfield","8/7/2026 3:00:26 PM","True","Sales Rep"
"34393","2/10/2026","Hutchenson, Tim","Surname141, Given141","241 Sample St","Orlando","3/13/2026","17875.48","17928","Win","ORL","","17928","0.0000","4746","3/1/2026","3/31/2026","RTP","S","False","ALL","Actual","Dana Whitfield","8/7/2026 3:00:26 PM","True","Sales Rep"
"34487","2/18/2026","Hutchenson, Tim","Surname142, Given142","242 Sample St","Longwood","3/23/2026","16552.89","17203","Win","ORL","","17203","0.0000","4746","3/1/2026","3/31/2026","RTP","S","False","ALL","Actual","Dana Whitfield","8/7/2026 3:00:26 PM","True","Sales Rep"
"34268","2/3/2026","Hutchenson, Tim","Surname143, Given143","243 Sample St","APOPKA","3/23/2026","21000","21000","Win","ORL","","21000","0.0000","4746","3/1/2026","3/31/2026","RTP","S","False","ALL","Actual","Dana Whitfield","8/7/2026 3:00:26 PM","True","Sales Rep"
"34631","2/25/2026","Ianno, John","Surname144, Given144","244 Sample St","Naples","3/5/2026","37781","37788","Win","FTMYR","11225.57","37788","0.0000","2315","3/1/2026","3/31/2026","RTP","S","False","ALL","Actual","Dana Whitfield","8/7/2026 3:00:26 PM","True","Sales Rep"
"34741","3/4/2026","Ianno, John","Surname145, Given145","245 Sample St","Cape Coral","3/9/2026","32711","32711","Win","FTMYR","2773.73","32711","0.0000","2315","3/1/2026","3/31/2026","RTP","S","False","ALL","Actual","Dana Whitfield","8/7/2026 3:00:26 PM","True","Sales Rep"
"34459","2/16/2026","Ianno, John","Surname146, Given146","246 Sample St","Lake Placid","3/12/2026","30024","30024","Win","FTMYR","8391.21","30024","0.0000","2315","3/1/2026","3/31/2026","RTP","S","False","ALL","Actual","Dana Whitfield","8/7/2026 3:00:26 PM","True","Sales Rep"
"34314","2/6/2026","Ignatowski, Cameron","Surname147, Given147","247 Sample St","Orlando","3/5/2026","29500","29500","Win","ORL","","29500","0.0000","4746","3/1/2026","3/31/2026","RTP","S","False","ALL","Actual","Dana Whitfield","8/7/2026 3:00:26 PM","True","Sales Rep"
"34149","1/24/2026","Ignatowski, Cameron","Surname148, Given148","248 Sample St","WINTER GARDEN","3/6/2026","17486.28","17990","Win","ORL","","17990","0.0000","4746","3/1/2026","3/31/2026","RTP","S","False","ALL","Actual","Dana Whitfield","8/7/2026 3:00:26 PM","True","Sales Rep"
"34673","2/27/2026","Inlay, Douglas","Surname149, Given149","249 Sample St","Anthony","3/4/2026","52946","52946","Win","ORL","","52946","0.0000","4746","3/1/2026","3/31/2026","RTP","S","False","ALL","Actual","Dana Whitfield","8/7/2026 3:00:26 PM","True","Sales Rep"
"34680","2/28/2026","Inlay, Douglas","Surname150, Given150","250 Sample St","Winter Garden","3/5/2026","35987","35987","Win","ORL","","35987","0.0000","4746","3/1/2026","3/31/2026","RTP","S","False","ALL","Actual","Dana Whitfield","8/7/2026 3:00:26 PM","True","Sales Rep"
"34700","3/2/2026","Inlay, Douglas","Surname151, Given151","251 Sample St","Orlando","3/6/2026","6203.9","6292","Win","ORL","","0.0000","0.0000","4746","3/1/2026","3/31/2026","RTP","S","False","ALL","Actual","Dana Whitfield","8/7/2026 3:00:26 PM","True","Sales Rep"
"34735","3/3/2026","Inlay, Douglas","Surname152, Given152","252 Sample St","Lakeland","3/6/2026","22800.21","23457","Win","LAKE","","23457","0.0000","4746","3/1/2026","3/31/2026","RTP","S","False","ALL","Actual","Dana Whitfield","8/7/2026 3:00:26 PM","True","Sales Rep"
"34737","3/3/2026","Inlay, Douglas","Surname153, Given153","253 Sample St","Lakeland","3/9/2026","22584.42","23235","Win","LAKE","","23235","0.0000","4746","3/1/2026","3/31/2026","RTP","S","False","ALL","Actual","Dana Whitfield","8/7/2026 3:00:26 PM","True","Sales Rep"
"34361","2/9/2026","Inlay, Douglas","Surname154, Given154","254 Sample St","Ocala","3/9/2026","13998","13998","Win","ORL","","13998","0.0000","4746","3/1/2026","3/31/2026","RTP","S","False","ALL","Actual","Dana Whitfield","8/7/2026 3:00:26 PM","True","Sales Rep"
"34797","3/6/2026","Inlay, Douglas","Surname155, Given155","255 Sample St","Eustis","3/11/2026","21128.98","21429","Win","ORL","","10715","10714","4746","3/1/2026","3/31/2026","RTP","S","False","ALL","Actual","Dana Whitfield","8/7/2026 3:00:26 PM","True","Sales Rep"
"34802","3/6/2026","Inlay, Douglas","Surname156, Given156","256 Sample St","Leesburg","3/11/2026","21944","21944","Win","ORL","","21944","0.0000","4746","3/1/2026","3/31/2026","RTP","S","False","ALL","Actual","Dana Whitfield","8/7/2026 3:00:26 PM","True","Sales Rep"
"34804","3/8/2026","Inlay, Douglas","Surname157, Given157","257 Sample St","Lake Mary","3/16/2026","25584","25584","Win","ORL","","25584","0.0000","4746","3/1/2026","3/31/2026","RTP","S","False","ALL","Actual","Dana Whitfield","8/7/2026 3:00:26 PM","True","Sales Rep"
"34862","3/10/2026","Inlay, Douglas","Surname158, Given158","258 Sample St","Kissimmee","3/16/2026","25621","25621","Win","ORL","","25621","0.0000","4746","3/1/2026","3/31/2026","RTP","S","False","ALL","Actual","Dana Whitfield","8/7/2026 3:00:26 PM","True","Sales Rep"
"34868","3/11/2026","Inlay, Douglas","Surname159, Given159","259 Sample St","Bellview","3/16/2026","20000","20000","Win","ORL","","19300","700","4746","3/1/2026","3/31/2026","RTP","S","False","ALL","Actual","Dana Whitfield","8/7/2026 3:00:26 PM","True","Sales Rep"
"34869","3/11/2026","Inlay, Douglas","Surname160, Given160","260 Sample St","Sanford","3/16/2026","17988.73","18593","Win","ORL","","18593","0.0000","4746","3/1/2026","3/31/2026","RTP","S","False","ALL","Actual","Dana Whitfield","8/7/2026 3:00:26 PM","True","Sales Rep"
"34933","3/16/2026","Inlay, Douglas","Surname161, Given161","261 Sample St","Leesburg","3/20/2026","16492","16492","Win","ORL","","16492","0.0000","4746","3/1/2026","3/31/2026","RTP","S","False","ALL","Actual","Dana Whitfield","8/7/2026 3:00:26 PM","True","Sales Rep"
"35021","3/18/2026","Inlay, Douglas","Surname162, Given162","262 Sample St","Kissimmee","3/23/2026","20946.6","21550","Win","ORL","","21550","0.0000","4746","3/1/2026","3/31/2026","RTP","S","False","ALL","Actual","Dana Whitfield","8/7/2026 3:00:26 PM","True","Sales Rep"
"35164","3/26/2026","Inlay, Douglas","Surname163, Given163","263 Sample St","Kissimmee","3/24/2026","15492","15492","Win","ORL","","1","-1","4746","3/1/2026","3/31/2026","RTP","S","False","ALL","Actual","Dana Whitfield","8/7/2026 3:00:26 PM","True","Sales Rep"
"34979","3/18/2026","Inlay, Douglas","Surname164, Given164","264 Sample St","Umatilla","3/25/2026","25848","25848","Win","ORL","","25848","0.0000","4746","3/1/2026","3/31/2026","RTP","S","False","ALL","Actual","Dana Whitfield","8/7/2026 3:00:26 PM","True","Sales Rep"
"35017","3/17/2026","Inlay, Douglas","Surname165, Given165","265 Sample St","Apopka","3/25/2026","19984","19984","Win","ORL","","19984","0.0000","4746","3/1/2026","3/31/2026","RTP","S","False","ALL","Actual","Dana Whitfield","8/7/2026 3:00:26 PM","True","Sales Rep"
"35094","3/24/2026","Inlay, Douglas","Surname166, Given166","266 Sample St","Kissimmee","3/30/2026","10547","10872","Win","ORL","","10872","0.0000","4746","3/1/2026","3/31/2026","RTP","S","False","ALL","Actual","Dana Whitfield","8/7/2026 3:00:26 PM","True","Sales Rep"
"35039","3/18/2026","Innis, Michael","Surname167, Given167","267 Sample St","Saint Petersburg","3/23/2026","21079.7","21900","Win","STPET","","21900","0.0000","4033","3/1/2026","3/31/2026","RTP","S","False","ALL","Actual","Dana Whitfield","8/7/2026 3:00:26 PM","True","Sales Rep"
"34712","2/27/2026","Innis, Michael","Surname168, Given168","268 Sample St","Lutz","3/25/2026","49980","49980","Win","STPET","","49980","0.0000","4033","3/1/2026","3/31/2026","RTP","S","False","ALL","Actual","Dana Whitfield","8/7/2026 3:00:26 PM","True","Sales Rep"
"34576","2/20/2026","Innis, Michael","Surname169, Given169","269 Sample St","New Port Richey","3/25/2026","14528","14528","Win","STPET","","14528","0.0000","4033","3/1/2026","3/31/2026","RTP","S","False","ALL","Actual","Dana Whitfield","8/7/2026 3:00:26 PM","True","Sales Rep"
"35102","3/21/2026","Innis, Michael","Surname170, Given170","270 Sample St","Saint Petersburg","3/30/2026","7000","7000","Win","STPET","","7000","0.0000","4033","3/1/2026","3/31/2026","RTP","S","False","ALL","Actual","Dana Whitfield","8/7/2026 3:00:26 PM","True","Sales Rep"
"34554","2/18/2026","Jackson, Michael","Surname171, Given171","271 Sample St","Tampa","3/4/2026","44526","44526","Win","STPET","","44526","0.0000","4033","3/1/2026","3/31/2026","RTP","S","False","ALL","Actual","Dana Whitfield","8/7/2026 3:00:26 PM","True","Sales Rep"
"34854","3/6/2026","Jackson, Michael","Surname172, Given172","272 Sample St","Brandon","3/11/2026","9285","10000","Win","STPET","","10000","0.0000","4033","3/1/2026","3/31/2026","RTP","S","False","ALL","Actual","Dana Whitfield","8/7/2026 3:00:26 PM","True","Sales Rep"
"34872","3/9/2026","Jackson, Michael","Surname173, Given173","273 Sample St","Apollo Beach","3/13/2026","5525.82","5685","Win","STPET","","5685","0.0000","4033","3/1/2026","3/31/2026","RTP","S","False","ALL","Actual","Dana Whitfield","8/7/2026 3:00:26 PM","True","Sales Rep"
"34473","1/29/2026","Jackson, Michael","Surname174, Given174","274 Sample St","Ruskin","3/13/2026","22526.42","23628","Win","STPET","","23628","0.0000","4033","3/1/2026","3/31/2026","RTP","S","False","ALL","Actual","Dana Whitfield","8/7/2026 3:00:26 PM","True","Sales Rep"
"34665","2/27/2026","Jones, Aaron","Surname175, Given175","275 Sample St","Jacksonville","3/9/2026","18551.52","19287","Win","JAX","5487.09","19287","0.0000","5556","3/1/2026","3/31/2026","RTP","S","False","ALL","Actual","Dana Whitfield","8/7/2026 3:00:26 PM","True","Sales Rep"
"34748","3/4/2026","Jones, Aaron","Surname176, Given176","276 Sample St","Satsuma","3/18/2026","6651","6651","Win","JAX","1985.92","6651","0.0000","5556","3/1/2026","3/31/2026","RTP","S","False","ALL","Actual","Dana Whitfield","8/7/2026 3:00:26 PM","True","Sales Rep"
"34784","3/5/2026","Jones, Aaron","Surname177, Given177","277 Sample St","Lake City","3/18/2026","96887","96887","Win","JAX","35544.32","96887.5","-0.5","5556","3/1/2026","3/31/2026","RTP","S","False","ALL","Actual","Dana Whitfield","8/7/2026 3:00:26 PM","True","Sales Rep"
"34900","3/13/2026","Jones, Aaron","Surname178, Given178","278 Sample St","Jacksonville","3/25/2026","27100","27100","Win","JAX","13289.87","27100","0.0000","5556","3/1/2026","3/31/2026","RTP","S","False","ALL","Actual","Dana Whitfield","8/7/2026 3:00:26 PM","True","Sales Rep"
"34782","3/6/2026","Jones, Daniel","Surname179, Given179","279 Sample St","Port Charlotte","3/11/2026","39737.5","42500","Win","FTMYR","14360.2","42500","0.0000","2315","3/1/2026","3/31/2026","RTP","S","False","ALL","Actual","Dana Whitfield","8/7/2026 3:00:26 PM","True","Sales Rep"
"34801","3/7/2026","Jones, Daniel","Surname180, Given180","280 Sample St","PORT CHARLOTTE","3/16/2026","18671.95","19970","Door","FTMYR","7865.31","19970","0.0000","2315","3/1/2026","3/31/2026","RTP","S","False","ALL","Actual","Dana Whitfield","8/7/2026 3:00:26 PM","True","Sales Rep"
"34834","3/10/2026","Jones, Daniel","Surname181, Given181","281 Sample St","Estero","3/16/2026","30605","30605","Win","FTMYR","","1","30604","2315","3/1/2026","3/31/2026","RTP","S","False","ALL","Actual","Dana Whitfield","8/7/2026 3:00:26 PM","True","Sales Rep"
"34980","3/16/2026","Jones, Daniel","Surname182, Given182","282 Sample St","Englewood","3/20/2026","26300","26300","Win","SAR","","1","26299","2315","3/1/2026","3/31/2026","RTP","S","False","ALL","Actual","Dana Whitfield","8/7/2026 3:00:26 PM","True","Sales Rep"
"34639","2/26/2026","Jones, Daniel","Surname183, Given183","283 Sample St","Naples","3/20/2026","19761.75","21000","Win","FTMYR","7129.67","21000","0.0000","2315","3/1/2026","3/31/2026","RTP","S","False","ALL","Actual","Dana Whitfield","8/7/2026 3:00:26 PM","True","Sales Rep"
"34676","2/28/2026","Jones, Daniel","Surname184, Given184","284 Sample St","NORTH FORT MYERS","3/27/2026","33192.5","35500","Win","FTMYR","6861.18","35500","0.0000","2315","3/1/2026","3/31/2026","RTP","S","False","ALL","Actual","Dana Whitfield","8/7/2026 3:00:26 PM","True","Sales Rep"
"34633","2/25/2026","Kaye, Michael","Surname185, Given185","285 Sample St","Naples","3/3/2026","16244.59","16747","Win","FTMYR","4439.11","16747","0.0000","2315","3/1/2026","3/31/2026","RTP","S","False","ALL","Actual","Dana Whitfield","8/7/2026 3:00:26 PM","True","Sales Rep"
"34813","3/8/2026","Kaye, Michael","Surname186, Given186","286 Sample St","Fort Myers","3/16/2026","14994.6","16037","Win","FTMYR","3930.77","16037","0.0000","2315","3/1/2026","3/31/2026","RTP","S","False","ALL","Actual","Dana Whitfield","8/7/2026 3:00:26 PM","True","Sales Rep"
"34745","3/4/2026","Kaye, Michael","Surname187, Given187","287 Sample St","Naples","3/23/2026","25994.24","26696","Win","FTMYR","7674.72","26696","0.0000","2315","3/1/2026","3/31/2026","RTP","S","False","ALL","Actual","Dana Whitfield","8/7/2026 3:00:26 PM","True","Sales Rep"
"34965","3/17/2026","Kaye, Michael","Surname188, Given188","288 Sample St","Bonita Springs","3/23/2026","16516.84","17664","Win","FTMYR","4092.93","17664","0.0000","2315","3/1/2026","3/31/2026","RTP","S","False","ALL","Actual","Dana Whitfield","8/7/2026 3:00:26 PM","True","Sales Rep"
"35074","3/24/2026","Keller, Christopher","Surname189, Given189","289 Sample St","Cape Coral","3/30/2026","21870","21870","Win","FTMYR","6995.21","21870","0.0000","2315","3/1/2026","3/31/2026","RTP","S","False","ALL","Actual","Dana Whitfield","8/7/2026 3:00:26 PM","True","Sales Rep"
"34557","2/20/2026","LaBianco, Richard","Surname190, Given190","290 Sample St","Rotonda West","3/3/2026","11818","11818","Win","FTMYR","3655.36","11818","0.0000","2315","3/1/2026","3/31/2026","RTP","S","False","ALL","Actual","Dana Whitfield","8/7/2026 3:00:26 PM","True","Sales Rep"
"34753","3/4/2026","LaBianco, Richard","Surname191, Given191","291 Sample St","Port Charlotte","3/9/2026","26195","26195","Win","FTMYR","7542.74","26195","0.0000","2315","3/1/2026","3/31/2026","RTP","S","False","ALL","Actual","Dana Whitfield","8/7/2026 3:00:26 PM","True","Sales Rep"
"34798","3/6/2026","LaBianco, Richard","Surname192, Given192","292 Sample St","Port Charlotte","3/11/2026","21060.38","23284","Win","FTMYR","6557.25","23284","0.0000","2315","3/1/2026","3/31/2026","RTP","S","False","ALL","Actual","Dana Whitfield","8/7/2026 3:00:26 PM","True","Sales Rep"
"34433","2/13/2026","LaBianco, Richard","Surname193, Given193","293 Sample St","Punta Gorda","3/13/2026","5949","5949","Win","FTMYR","1051.64","5949","0.0000","2315","3/1/2026","3/31/2026","RTP","S","False","ALL","Actual","Dana Whitfield","8/7/2026 3:00:26 PM","True","Sales Rep"
"34803","3/7/2026","LaBianco, Richard","Surname194, Given194","294 Sample St","Punta Gorda","3/16/2026","7990","7990","Door","FTMYR","3183.36","7990","0.0000","2315","3/1/2026","3/31/2026","RTP","S","False","ALL","Actual","Dana Whitfield","8/7/2026 3:00:26 PM","True","Sales Rep"
"34863","3/11/2026","LaBianco, Richard","Surname195, Given195","295 Sample St","Cape Coral","3/16/2026","89800","89800","Win","FTMYR","32934.3","89800","0.0000","2315","3/1/2026","3/31/2026","RTP","S","False","ALL","Actual","Dana Whitfield","8/7/2026 3:00:26 PM","True","Sales Rep"
"34888","3/12/2026","LaBianco, Richard","Surname196, Given196","296 Sample St","Pt Charlotte","3/18/2026","40970","40970","Win","FTMYR","14935.43","40970","0.0000","2315","3/1/2026","3/31/2026","RTP","S","False","ALL","Actual","Dana Whitfield","8/7/2026 3:00:26 PM","True","Sales Rep"
"34562","2/21/2026","LaBianco, Richard","Surname197, Given197","297 Sample St","Punta Gorda","3/19/2026","8561","8561","Win","FTMYR","2181.88","8561","0.0000","2315","3/1/2026","3/31/2026","RTP","S","False","ALL","Actual","Dana Whitfield","8/7/2026 3:00:26 PM","True","Sales Rep"
"34924","3/14/2026","LaBianco, Richard","Surname198, Given198","298 Sample St","Cape Coral","3/20/2026","35358","35358","Win","FTMYR","12663.08","35358","0.0000","2315","3/1/2026","3/31/2026","RTP","S","False","ALL","Actual","Dana Whitfield","8/7/2026 3:00:26 PM","True","Sales Rep"
"34918","3/14/2026","LaBianco, Richard","Surname199, Given199","299 Sample St","Cape Coral,","3/20/2026","12253","12253","Win","FTMYR","3673.9","12253","0.0000","2315","3/1/2026","3/31/2026","RTP","S","False","ALL","Actual","Dana Whitfield","8/7/2026 3:00:26 PM","True","Sales Rep"
"34954","3/17/2026","LaBianco, Richard","Surname200, Given200","300 Sample St","Bonita Springs","3/23/2026","16564","16564","Win","FTMYR","4316.53","16564","0.0000","2315","3/1/2026","3/31/2026","RTP","S","False","ALL","Actual","Dana Whitfield","8/7/2026 3:00:26 PM","True","Sales Rep"
"34974","3/18/2026","LaBianco, Richard","Surname201, Given201","301 Sample St","Port Charlotte","3/23/2026","33048","34000","Win","FTMYR","10606.97","34000","0.0000","2315","3/1/2026","3/31/2026","RTP","S","False","ALL","Actual","Dana Whitfield","8/7/2026 3:00:26 PM","True","Sales Rep"
"35010","3/20/2026","LaBianco, Richard","Surname202, Given202","302 Sample St","Port Charlotte","3/26/2026","9419","9787","Win","FTMYR","2828.5","9787","0.0000","2315","3/1/2026","3/31/2026","RTP","S","False","ALL","Actual","Dana Whitfield","8/7/2026 3:00:26 PM","True","Sales Rep"
"34488","2/18/2026","Lane, Choan","Surname203, Given203","303 Sample St","Naples","3/3/2026","43298.74","44542","SGD","FTMYR","13560.13","44542","0.0000","2315","3/1/2026","3/31/2026","RTP","S","False","ALL","Actual","Dana Whitfield","8/7/2026 3:00:26 PM","True","Sales Rep"
"34661","2/27/2026","Lane, Choan","Surname204, Given204","304 Sample St","PORT CHARLOTTE","3/4/2026","21494.75","22776","Win","FTMYR","6131.75","22776","0.0000","2315","3/1/2026","3/31/2026","RTP","S","False","ALL","Actual","Dana Whitfield","8/7/2026 3:00:26 PM","True","Sales Rep"
"34672","2/28/2026","Lane, Choan","Surname205, Given205","305 Sample St","Port Charlotte","3/6/2026","5903","5903","Win","FTMYR","1720.13","5903","0.0000","2315","3/1/2026","3/31/2026","RTP","S","False","ALL","Actual","Dana Whitfield","8/7/2026 3:00:26 PM","True","Sales Rep"
"34715","3/3/2026","Lane, Choan","Surname206, Given206","306 Sample St","Cape Coral","3/9/2026","84687.5","91558","Win","FTMYR","33541.37","91558","0.0000","2315","3/1/2026","3/31/2026","RTP","S","False","ALL","Actual","Dana Whitfield","8/7/2026 3:00:26 PM","True","Sales Rep"
"34800","3/7/2026","Lane, Choan","Surname207, Given207","307 Sample St","Rotonda West","3/12/2026","8643.75","9220","Win","FTMYR","2800.99","9220","0.0000","2315","3/1/2026","3/31/2026","RTP","S","False","ALL","Actual","Dana Whitfield","8/7/2026 3:00:26 PM","True","Sales Rep"
"34823","3/7/2026","Lane, Choan","Surname208, Given208","308 Sample St","North Port","3/16/2026","16900","16900","Win","SAR","5255.11","16900","0.0000","2315","3/1/2026","3/31/2026","RTP","S","False","ALL","Actual","Dana Whitfield","8/7/2026 3:00:26 PM","True","Sales Rep"
"34859","3/11/2026","Lane, Choan","Surname209, Given209","309 Sample St","Punta Gorda","3/16/2026","38000","38000","Win","FTMYR","14339.98","38000","0.0000","2315","3/1/2026","3/31/2026","RTP","S","False","ALL","Actual","Dana Whitfield","8/7/2026 3:00:26 PM","True","Sales Rep"
"34982","3/18/2026","Lane, Choan","Surname210, Given210","310 Sample St","Cape Coral","3/23/2026","19000","19000","Win","FTMYR","5832.75","19000","0.0000","2315","3/1/2026","3/31/2026","RTP","S","False","ALL","Actual","Dana Whitfield","8/7/2026 3:00:26 PM","True","Sales Rep"
"34847","3/10/2026","Lane, Choan","Surname211, Given211","311 Sample St","Port Charlotte","3/25/2026","12220","13000","Win","FTMYR","4575.93","13000","0.0000","2315","3/1/2026","3/31/2026","RTP","S","False","ALL","Actual","Dana Whitfield","8/7/2026 3:00:26 PM","True","Sales Rep"
"35024","3/20/2026","Lane, Choan","Surname212, Given212","312 Sample St","Punta Gorda","3/30/2026","5054.4","5200","Win","FTMYR","1582.32","5200","0.0000","2315","3/1/2026","3/31/2026","RTP","S","False","ALL","Actual","Dana Whitfield","8/7/2026 3:00:26 PM","True","Sales Rep"
"34224","1/31/2026","Larsen, Nathan","Surname213, Given213","313 Sample St","Davenport","3/3/2026","10582","10582","Win","LAKE","","10582","0.0000","4746","3/1/2026","3/31/2026","RTP","S","False","ALL","Actual","Dana Whitfield","8/7/2026 3:00:26 PM","True","Sales Rep"
"34360","2/9/2026","Larsen, Nathan","Surname214, Given214","314 Sample St","Apopka","3/13/2026","7968","8300","Win","ORL","","8300","0.0000","4746","3/1/2026","3/31/2026","RTP","S","False","ALL","Actual","Dana Whitfield","8/7/2026 3:00:26 PM","True","Sales Rep"
"33750","12/31/2025","Levitt, Frank","Surname215, Given215","315 Sample St","Homestead","3/10/2026","31100","31100","SGD","MIAMI","9961.51","31100","0.0000","5617","3/1/2026","3/31/2026","RTP","S","False","ALL","Actual","Dana Whitfield","8/7/2026 3:00:26 PM","True","Sales Rep"
"34799","3/6/2026","Maenza, Michael","Surname216, Given216","316 Sample St","Port Charlotte","3/13/2026","45543","45543","Door","FTMYR","15937.34","45543","0.0000","2315","3/1/2026","3/31/2026","RTP","S","False","ALL","Actual","Dana Whitfield","8/7/2026 3:00:26 PM","True","Sales Rep"
"34891","3/13/2026","Maenza, Michael","Surname217, Given217","317 Sample St","Fort Myers","3/18/2026","27426","27426","Win","FTMYR","9087.72","27426","0.0000","2315","3/1/2026","3/31/2026","RTP","S","False","ALL","Actual","Dana Whitfield","8/7/2026 3:00:26 PM","True","Sales Rep"
"34927","3/16/2026","Maenza, Michael","Surname218, Given218","318 Sample St","Naples","3/20/2026","19174","19174","Win","FTMYR","5374.98","19174","0.0000","2315","3/1/2026","3/31/2026","RTP","S","False","ALL","Actual","Dana Whitfield","8/7/2026 3:00:26 PM","True","Sales Rep"
"34852","3/11/2026","Maenza, Michael","Surname219, Given219","319 Sample St","Fort Myers","3/26/2026","34140","34140","Win","FTMYR","11516.44","34140","0.0000","2315","3/1/2026","3/31/2026","RTP","S","False","ALL","Actual","Dana Whitfield","8/7/2026 3:00:26 PM","True","Sales Rep"
"35006","3/19/2026","Maenza, Michael","Surname220, Given220","320 Sample St","Fort Myers","3/27/2026","24673","24673","Win","FTMYR","6534.85","24673","0.0000","2315","3/1/2026","3/31/2026","RTP","S","False","ALL","Actual","Dana Whitfield","8/7/2026 3:00:26 PM","True","Sales Rep"
"35033","3/21/2026","Maenza, Michael","Surname221, Given221","321 Sample St","FORT MYERS","3/30/2026","30000","30000","Win","FTMYR","10038.12","30000","0.0000","2315","3/1/2026","3/31/2026","RTP","S","False","ALL","Actual","Dana Whitfield","8/7/2026 3:00:26 PM","True","Sales Rep"
"35049","3/23/2026","Maenza, Michael","Surname222, Given222","322 Sample St","Fort Myers","3/30/2026","13680","13680","Win","FTMYR","5805.49","13680","0.0000","2315","3/1/2026","3/31/2026","RTP","S","False","ALL","Actual","Dana Whitfield","8/7/2026 3:00:26 PM","True","Sales Rep"
"35107","3/25/2026","Maenza, Michael","Surname223, Given223","323 Sample St","Lehigh Acres","3/30/2026","28642","28642","Win","FTMYR","9292.28","28642","0.0000","2315","3/1/2026","3/31/2026","RTP","S","False","ALL","Actual","Dana Whitfield","8/7/2026 3:00:26 PM","True","Sales Rep"
"34816","3/9/2026","Maenza, Michael","Surname224, Given224","324 Sample St","Fort Myers","3/31/2026","10000","10000","Win","FTMYR","","5000","5000","2315","3/1/2026","3/31/2026","RTP","S","False","ALL","Actual","Dana Whitfield","8/7/2026 3:00:26 PM","True","Sales Rep"
"34210","1/30/2026","Mallard, Carlton","Surname225, Given225","325 Sample St","Kissimmee","3/3/2026","21870","22500","Win","ORL","","22500","0.0000","4746","3/1/2026","3/31/2026","RTP","S","False","ALL","Actual","Dana Whitfield","8/7/2026 3:00:26 PM","True","Sales Rep"
"33955","1/14/2026","Mallard, Carlton","Surname226, Given226","326 Sample St","Longwood","3/6/2026","10583.14","10888","Win","ORL","","10888","0.0000","4746","3/1/2026","3/31/2026","RTP","S","False","ALL","Actual","Dana Whitfield","8/7/2026 3:00:26 PM","True","Sales Rep"
"34708","3/2/2026","Mallard, Carlton","Surname227, Given227","327 Sample St","Orlando","3/6/2026","28917","28917","Win","ORL","","28917","0.0000","4746","3/1/2026","3/31/2026","RTP","S","False","ALL","Actual","Dana Whitfield","8/7/2026 3:00:26 PM","True","Sales Rep"
"34346","2/9/2026","Mallard, Carlton","Surname228, Given228","328 Sample St","Davenport","3/13/2026","11061","11061","Win","LAKE","","11061","0.0000","4746","3/1/2026","3/31/2026","RTP","S","False","ALL","Actual","Dana Whitfield","8/7/2026 3:00:26 PM","True","Sales Rep"
"34461","2/13/2026","Mallard, Carlton","Surname229, Given229","329 Sample St","Kissimmee","3/13/2026","10347","10347","Win","ORL","","10347","0.0000","4746","3/1/2026","3/31/2026","RTP","S","False","ALL","Actual","Dana Whitfield","8/7/2026 3:00:26 PM","True","Sales Rep"
"34628","2/25/2026","Mallard, Carlton","Surname230, Given230","330 Sample St","Orlando","3/13/2026","20813","20813","Win","ORL","","20813","0.0000","4746","3/1/2026","3/31/2026","RTP","S","False","ALL","Actual","Dana Whitfield","8/7/2026 3:00:26 PM","True","Sales Rep"
"34067","1/21/2026","Mallard, Carlton","Surname231, Given231","331 Sample St","Orlando","3/30/2026","10259","10259","Win","ORL","","10259","0.0000","4746","3/1/2026","3/31/2026","RTP","S","False","ALL","Actual","Dana Whitfield","8/7/2026 3:00:26 PM","True","Sales Rep"
"35065","3/23/2026","Mallard, Carlton","Surname232, Given232","332 Sample St","Lake Wales","3/30/2026","16738.84","17077","Win","LAKE","","17077","0.0000","4746","3/1/2026","3/31/2026","RTP","S","False","ALL","Actual","Dana Whitfield","8/7/2026 3:00:26 PM","True","Sales Rep"
"35105","3/25/2026","Mallard, Carlton","Surname233, Given233","333 Sample St","Lake Mary","3/31/2026","6314.98","6430","Win","ORL","","6430","0.0000","4746","3/1/2026","3/31/2026","RTP","S","False","ALL","Actual","Dana Whitfield","8/7/2026 3:00:26 PM","True","Sales Rep"
"34690","2/26/2026","Manieri, Mike","Surname234, Given234","334 Sample St","Venice","3/4/2026","23239.1","25190","Win","SAR","","25190","0.0000","4798","3/1/2026","3/31/2026","RTP","S","False","ALL","Actual","Dana Whitfield","8/7/2026 3:00:26 PM","True","Sales Rep"
"34720","2/28/2026","Manieri, Mike","Surname235, Given235","335 Sample St","Bradenton","3/5/2026","53996.58","59830","Win","SAR","","59830","0.0000","4798","3/1/2026","3/31/2026","RTP","S","False","ALL","Actual","Dana Whitfield","8/7/2026 3:00:26 PM","True","Sales Rep"
"34762","3/3/2026","Manieri, Mike","Surname236, Given236","336 Sample St","Englewood","3/9/2026","24802","24827","Win","SAR","","24827","0.0000","4798","3/1/2026","3/31/2026","RTP","S","False","ALL","Actual","Dana Whitfield","8/7/2026 3:00:26 PM","True","Sales Rep"
"34839","3/7/2026","Manieri, Mike","Surname237, Given237","337 Sample St","Bradenton","3/12/2026","20472","20500","Win","SAR","","20432","68","4798","3/1/2026","3/31/2026","RTP","S","False","ALL","Actual","Dana Whitfield","8/7/2026 3:00:26 PM","True","Sales Rep"
"34779","3/5/2026","Manieri, Mike","Surname238, Given238","338 Sample St","Englewood","3/16/2026","23225.44","24520","Win","SAR","","24520","0.0000","4798","3/1/2026","3/31/2026","RTP","S","False","ALL","Actual","Dana Whitfield","8/7/2026 3:00:26 PM","True","Sales Rep"
"34681","2/25/2026","Manieri, Mike","Surname239, Given239","339 Sample St","Venice","3/16/2026","19000","19000","Win","SAR","","19000","0.0000","4798","3/1/2026","3/31/2026","RTP","S","False","ALL","Actual","Dana Whitfield","8/7/2026 3:00:26 PM","True","Sales Rep"
"34775","3/4/2026","Manieri, Mike","Surname240, Given240","340 Sample St","NORTH PORT","3/17/2026","26308","26308","Win","SAR","","26308","0.0000","4798","3/1/2026","3/31/2026","RTP","S","False","ALL","Actual","Dana Whitfield","8/7/2026 3:00:26 PM","True","Sales Rep"
"34934","3/13/2026","Manieri, Mike","Surname241, Given241","341 Sample St","Sarasota","3/23/2026","28500","28500","Win","SAR","","28500","0.0000","4798","3/1/2026","3/31/2026","RTP","S","False","ALL","Actual","Dana Whitfield","8/7/2026 3:00:26 PM","True","Sales Rep"
"34958","3/13/2026","Manieri, Mike","Surname242, Given242","342 Sample St","Sarasota","3/23/2026","10201.16","10346","Win","SAR","","10346","0.0000","4798","3/1/2026","3/31/2026","RTP","S","False","ALL","Actual","Dana Whitfield","8/7/2026 3:00:26 PM","True","Sales Rep"
"35001","3/18/2026","Manieri, Mike","Surname243, Given243","343 Sample St","Bradenton","3/24/2026","11307.9","11776","Win","SAR","","11776","0.0000","4798","3/1/2026","3/31/2026","RTP","S","False","ALL","Actual","Dana Whitfield","8/7/2026 3:00:26 PM","True","Sales Rep"
"35019","3/18/2026","Manieri, Mike","Surname244, Given244","344 Sample St","Bradenton","3/26/2026","11261.9","11271","SGD","SAR","","11271","0.0000","4798","3/1/2026","3/31/2026","RTP","S","False","ALL","Actual","Dana Whitfield","8/7/2026 3:00:26 PM","True","Sales Rep"
"35104","3/24/2026","Manieri, Mike","Surname245, Given245","345 Sample St","Sarasota","3/30/2026","30898.01","33046","Win","SAR","","33046","0.0000","4798","3/1/2026","3/31/2026","RTP","S","False","ALL","Actual","Dana Whitfield","8/7/2026 3:00:26 PM","True","Sales Rep"
"35126","3/25/2026","Manieri, Mike","Surname246, Given246","346 Sample St","Sarasota","3/30/2026","16302.66","17436","Win","SAR","","17436","0.0000","4798","3/1/2026","3/31/2026","RTP","S","False","ALL","Actual","Dana Whitfield","8/7/2026 3:00:26 PM","True","Sales Rep"
"35127","3/25/2026","Manieri, Mike","Surname247, Given247","347 Sample St","PARRISH","3/31/2026","105000","105000","Win","SAR","0.0000","105000","0.0000","4798","3/1/2026","3/31/2026","RTP","S","False","ALL","Actual","Dana Whitfield","8/7/2026 3:00:26 PM","True","Sales Rep"
"34649","2/25/2026","Marinaro, Jesse","Surname248, Given248","348 Sample St","North Port","3/2/2026","4800","4800","Win","SAR","","4800","0.0000","4798","3/1/2026","3/31/2026","RTP","S","False","ALL","Actual","Dana Whitfield","8/7/2026 3:00:26 PM","True","Sales Rep"
"34776","3/4/2026","Marinaro, Jesse","Surname249, Given249","349 Sample St","North Port","3/9/2026","21000","21000","Win","SAR","","21000","0.0000","4798","3/1/2026","3/31/2026","RTP","S","False","ALL","Actual","Dana Whitfield","8/7/2026 3:00:26 PM","True","Sales Rep"
"34761","3/3/2026","Marinaro, Jesse","Surname250, Given250","350 Sample St","Nokomis","3/9/2026","5746.46","5912","Win","SAR","","5912","0.0000","4798","3/1/2026","3/31/2026","RTP","S","False","ALL","Actual","Dana Whitfield","8/7/2026 3:00:26 PM","True","Sales Rep"
"34808","3/7/2026","Marinaro, Jesse","Surname251, Given251","351 Sample St","Fort Myers","3/16/2026","4750","4750","Win","FTMYR","1371.74","4750","0.0000","4798","3/1/2026","3/31/2026","RTP","S","False","ALL","Actual","Dana Whitfield","8/7/2026 3:00:26 PM","True","Sales Rep"
"34915","3/13/2026","Marinaro, Jesse","Surname252, Given252","352 Sample St","Rotonda West","3/20/2026","43300","43300","Win","FTMYR","14504.78","43300","0.0000","4798","3/1/2026","3/31/2026","RTP","S","False","ALL","Actual","Dana Whitfield","8/7/2026 3:00:26 PM","True","Sales Rep"
"35044","3/21/2026","Marinaro, Jesse","Surname253, Given253","353 Sample St","Port Charlotte","3/30/2026","17990","17990","Win","FTMYR","5966.72","17990","0.0000","4798","3/1/2026","3/31/2026","RTP","S","False","ALL","Actual","Dana Whitfield","8/7/2026 3:00:26 PM","True","Sales Rep"
"34722","2/28/2026","Marino, Ethan","Surname254, Given254","354 Sample St","North Port","3/5/2026","38220","38220","Win","SAR","","38220","0.0000","4798","3/1/2026","3/31/2026","RTP","S","False","ALL","Actual","Dana Whitfield","8/7/2026 3:00:26 PM","True","Sales Rep"
"34484","2/12/2026","Marino, Ethan","Surname255, Given255","355 Sample St","Venice","3/5/2026","13094.2","13930","Win","SAR","","13930","0.0000","4798","3/1/2026","3/31/2026","RTP","S","False","ALL","Actual","Dana Whitfield","8/7/2026 3:00:26 PM","True","Sales Rep"
"34504","2/14/2026","Marino, Ethan","Surname256, Given256","356 Sample St","Venice","3/6/2026","9222","9222","Win","SAR","","9222","0.0000","4798","3/1/2026","3/31/2026","RTP","S","False","ALL","Actual","Dana Whitfield","8/7/2026 3:00:26 PM","True","Sales Rep"
"33887","1/8/2026","Marino, Ethan","Surname257, Given257","357 Sample St","Ellenton","3/9/2026","58915","58915","Win","SAR","0.0000","58915","0.0000","4798","3/1/2026","3/31/2026","RTP","S","False","ALL","Actual","Dana Whitfield","8/7/2026 3:00:26 PM","True","Sales Rep"
"34710","2/27/2026","Marino, Ethan","Surname258, Given258","358 Sample St","Venice","3/11/2026","10223","10223","Win","SAR","","10223","0.0000","4798","3/1/2026","3/31/2026","RTP","S","False","ALL","Actual","Dana Whitfield","8/7/2026 3:00:26 PM","True","Sales Rep"
"34947","3/12/2026","Marino, Ethan","Surname259, Given259","359 Sample St","Bradenton","3/18/2026","8963","8963","Win","SAR","","8963","0.0000","4798","3/1/2026","3/31/2026","RTP","S","False","ALL","Actual","Dana Whitfield","8/7/2026 3:00:26 PM","True","Sales Rep"
"34997","3/17/2026","Marino, Ethan","Surname260, Given260","360 Sample St","Bradenton","3/23/2026","5963","5963","Win","SAR","","5963","0.0000","4798","3/1/2026","3/31/2026","RTP","S","False","ALL","Actual","Dana Whitfield","8/7/2026 3:00:26 PM","True","Sales Rep"
"34923","3/14/2026","Marino, Ethan","Surname261, Given261","361 Sample St","FORT MYERS","3/27/2026","18925.96","20134","Win","FTMYR","680","20134","0.0000","4798","3/1/2026","3/31/2026","RTP","S","False","ALL","Actual","Dana Whitfield","8/7/2026 3:00:26 PM","True","Sales Rep"
"34597","2/18/2026","Marino, Ethan","Surname262, Given262","362 Sample St","Bradenton","3/31/2026","39975","40000","Win","SAR","","40000","0.0000","4798","3/1/2026","3/31/2026","RTP","S","False","ALL","Actual","Dana Whitfield","8/7/2026 3:00:26 PM","True","Sales Rep"
"35178","3/26/2026","Marino, Ethan","Surname263, Given263","363 Sample St","Bradenton","3/31/2026","22889","24350","","SAR","","24350","0.0000","4798","3/1/2026","3/31/2026","RTP","S","False","ALL","Actual","Dana Whitfield","8/7/2026 3:00:26 PM","True","Sales Rep"
"34819","3/5/2026","Medeiros, Julio","Surname264, Given264","364 Sample St","Tampa","3/13/2026","8429.92","8968","Win","STPET","","8968","0.0000","4798","3/1/2026","3/31/2026","RTP","S","False","ALL","Actual","Dana Whitfield","8/7/2026 3:00:26 PM","True","Sales Rep"
"34613","2/20/2026","Mitchell, Ryan","Surname265, Given265","365 Sample St","Oldsmar","3/2/2026","43549","43549","Win","STPET","","43549","0.0000","4033","3/1/2026","3/31/2026","RTP","S","False","ALL","Actual","Dana Whitfield","8/7/2026 3:00:26 PM","True","Sales Rep"
"34771","3/4/2026","Mitchell, Ryan","Surname266, Given266","366 Sample St","Clearwater","3/9/2026","109981","109981","Win","STPET","","54990","54991","4033","3/1/2026","3/31/2026","RTP","S","False","ALL","Actual","Dana Whitfield","8/7/2026 3:00:26 PM","True","Sales Rep"
"35022","3/10/2026","Mitchell, Ryan","Surname267, Given267","367 Sample St","Tampa","3/25/2026","12692","12692","Win","STPET","","12692","0.0000","4033","3/1/2026","3/31/2026","RTP","S","False","ALL","Actual","Dana Whitfield","8/7/2026 3:00:26 PM","True","Sales Rep"
"35063","3/19/2026","Mitchell, Ryan","Surname268, Given268","368 Sample St","Lutz","3/30/2026","43876.38","46677","Win","STPET","","46677","0.0000","4033","3/1/2026","3/31/2026","RTP","S","False","ALL","Actual","Dana Whitfield","8/7/2026 3:00:26 PM","True","Sales Rep"
"35085","3/20/2026","Mitchell, Ryan","Surname269, Given269","369 Sample St","Tarpon Springs","3/30/2026","13157.6","13820","Win","STPET","","13820","0.0000","4033","3/1/2026","3/31/2026","RTP","S","False","ALL","Actual","Dana Whitfield","8/7/2026 3:00:26 PM","True","Sales Rep"
"34305","2/5/2026","Monty, Shawn","Surname270, Given270","370 Sample St","Minneola","3/5/2026","18123","18123","Win","ORL","","18123","0.0000","4746","3/1/2026","3/31/2026","RTP","S","False","ALL","Actual","Dana Whitfield","8/7/2026 3:00:26 PM","True","Sales Rep"
"34912","3/13/2026","Monty, Shawn","Surname271, Given271","371 Sample St","Ocala","3/20/2026","28641","28641","Win","ORL","","28641","0.0000","4746","3/1/2026","3/31/2026","RTP","S","False","ALL","Actual","Dana Whitfield","8/7/2026 3:00:26 PM","True","Sales Rep"
"34987","3/18/2026","Monty, Shawn","Surname272, Given272","372 Sample St","LADY LAKE","3/23/2026","18000","18000","Win","ORL","751.74","18000","0.0000","4746","3/1/2026","3/31/2026","RTP","S","False","ALL","Actual","Dana Whitfield","8/7/2026 3:00:26 PM","True","Sales Rep"
"34908","3/13/2026","Monty, Shawn","Surname273, Given273","373 Sample St","The Villages","3/26/2026","8136","8136","Win","ORL","","8136","0.0000","4746","3/1/2026","3/31/2026","RTP","S","False","ALL","Actual","Dana Whitfield","8/7/2026 3:00:26 PM","True","Sales Rep"
"34437","2/13/2026","Monty, Shawn","Surname274, Given274","374 Sample St","Ocala","3/26/2026","15101.1","16065","Win","ORL","","16065","0.0000","4746","3/1/2026","3/31/2026","RTP","S","False","ALL","Actual","Dana Whitfield","8/7/2026 3:00:26 PM","True","Sales Rep"
"34679","2/24/2026","Newton, Jennah","Surname275, Given275","375 Sample St","Brandon","3/2/2026","4860","5000","","STPET","","5000","0.0000","4033","3/1/2026","3/31/2026","RTP","S","False","ALL","Actual","Dana Whitfield","8/7/2026 3:00:26 PM","True","Sales Rep"
"34728","2/28/2026","Newton, Jennah","Surname276, Given276","376 Sample St","Saint Petersburg","3/5/2026","12800","12800","Win","STPET","","12800","0.0000","4033","3/1/2026","3/31/2026","RTP","S","False","ALL","Actual","Dana Whitfield","8/7/2026 3:00:26 PM","True","Sales Rep"
"34758","3/2/2026","Newton, Jennah","Surname277, Given277","377 Sample St","Saint Petersburg","3/6/2026","18500","18500","Win","STPET","","18500","0.0000","4033","3/1/2026","3/31/2026","RTP","S","False","ALL","Actual","Dana Whitfield","8/7/2026 3:00:26 PM","True","Sales Rep"
"34659","2/23/2026","Newton, Jennah","Surname278, Given278","378 Sample St","New Port Richey","3/9/2026","11000","11000","Win","STPET","","11000","0.0000","4033","3/1/2026","3/31/2026","RTP","S","False","ALL","Actual","Dana Whitfield","8/7/2026 3:00:26 PM","True","Sales Rep"
"34350","2/5/2026","Newton, Jennah","Surname279, Given279","379 Sample St","Seminole","3/9/2026","17155","17155","","STPET","","17155","0.0000","4033","3/1/2026","3/31/2026","RTP","S","False","ALL","Actual","Dana Whitfield","8/7/2026 3:00:26 PM","True","Sales Rep"
"34663","2/26/2026","Newton, Jennah","Surname280, Given280","380 Sample St","New Port Richey","3/16/2026","34940","34940","","STPET","","34940","0.0000","4033","3/1/2026","3/31/2026","RTP","S","False","ALL","Actual","Dana Whitfield","8/7/2026 3:00:26 PM","True","Sales Rep"
"34957","3/13/2026","Newton, Jennah","Surname281, Given281","381 Sample St","ZEPHYRHILLS","3/20/2026","6952","6952","Win","STPET","","6952","0.0000","4033","3/1/2026","3/31/2026","RTP","S","False","ALL","Actual","Dana Whitfield","8/7/2026 3:00:26 PM","True","Sales Rep"
"34615","2/21/2026","Normandin, Tyler","Surname282, Given282","382 Sample St","tampa","3/12/2026","17440","17440","Win","STPET","","17440","0.0000","4033","3/1/2026","3/31/2026","RTP","S","False","ALL","Actual","Dana Whitfield","8/7/2026 3:00:26 PM","True","Sales Rep"
"34993","3/16/2026","Normandin, Tyler","Surname283, Given283","383 Sample St","HUDSON","3/27/2026","29547","29572","Win","STPET","","29572","0.0000","4033","3/1/2026","3/31/2026","RTP","S","False","ALL","Actual","Dana Whitfield","8/7/2026 3:00:26 PM","True","Sales Rep"
"35122","3/24/2026","Normandin, Tyler","Surname284, Given284","384 Sample St","Spring Hill","3/30/2026","14890","14890","SGD","STPET","","14890","0.0000","4033","3/1/2026","3/31/2026","RTP","S","False","ALL","Actual","Dana Whitfield","8/7/2026 3:00:26 PM","True","Sales Rep"
"34662","2/21/2026","O'Connor, Tim","Surname285, Given285","385 Sample St","Sun City Center","3/3/2026","50085.36","52944","Win","STPET","","52944","0.0000","4033","3/1/2026","3/31/2026","RTP","S","False","ALL","Actual","Dana Whitfield","8/7/2026 3:00:26 PM","True","Sales Rep"
"34523","2/19/2026","O'Connor, Tim","Surname286, Given286","386 Sample St","Largo","3/6/2026","18942.86","19979","Win","STPET","","19979","0.0000","4033","3/1/2026","3/31/2026","RTP","S","False","ALL","Actual","Dana Whitfield","8/7/2026 3:00:26 PM","True","Sales Rep"
"34379","2/8/2026","O'Connor, Tim","Surname287, Given287","387 Sample St","Tampa","3/6/2026","36521","36521","Win","STPET","930.43","36521","0.0000","4033","3/1/2026","3/31/2026","RTP","S","False","ALL","Actual","Dana Whitfield","8/7/2026 3:00:26 PM","True","Sales Rep"
"34772","2/17/2026","O'Connor, Tim","Surname288, Given288","388 Sample St","Zephyrhills","3/11/2026","11188.06","11849","Win","STPET","","11849","0.0000","4033","3/1/2026","3/31/2026","RTP","S","False","ALL","Actual","Dana Whitfield","8/7/2026 3:00:26 PM","True","Sales Rep"
"34764","3/3/2026","O'Connor, Tim","Surname289, Given289","389 Sample St","Holliday","3/11/2026","12313.82","12851","Win","STPET","","12851","0.0000","4033","3/1/2026","3/31/2026","RTP","S","False","ALL","Actual","Dana Whitfield","8/7/2026 3:00:26 PM","True","Sales Rep"
"34770","3/4/2026","O'Connor, Tim","Surname290, Given290","390 Sample St","Dunedin","3/12/2026","12629.4","13020","Win","STPET","","13020","0.0000","4033","3/1/2026","3/31/2026","RTP","S","False","ALL","Actual","Dana Whitfield","8/7/2026 3:00:26 PM","True","Sales Rep"
"34880","3/10/2026","O'Connor, Tim","Surname291, Given291","391 Sample St","Tampa","3/16/2026","17522","17522","Win","STPET","","17522","0.0000","4033","3/1/2026","3/31/2026","RTP","S","False","ALL","Actual","Dana Whitfield","8/7/2026 3:00:26 PM","True","Sales Rep"
"34225","1/31/2026","O'Connor, Tim","Surname292, Given292","392 Sample St","New Port Richey","3/20/2026","15767.7","16172","Win","STPET","","16172","0.0000","4033","3/1/2026","3/31/2026","RTP","S","False","ALL","Actual","Dana Whitfield","8/7/2026 3:00:26 PM","True","Sales Rep"
"34706","2/27/2026","O'Connor, Tim","Surname293, Given293","393 Sample St","Tampa","3/20/2026","6091","6175","Door","STPET","","6175","0.0000","4033","3/1/2026","3/31/2026","RTP","S","False","ALL","Actual","Dana Whitfield","8/7/2026 3:00:26 PM","True","Sales Rep"
"34995","3/17/2026","O'Connor, Tim","Surname294, Given294","394 Sample St","Tampa","3/23/2026","10634.22","11313","Win","STPET","","11313","0.0000","4033","3/1/2026","3/31/2026","RTP","S","False","ALL","Actual","Dana Whitfield","8/7/2026 3:00:26 PM","True","Sales Rep"
"34818","3/5/2026","O'Connor, Tim","Surname295, Given295","395 Sample St","Tampa","3/25/2026","14726.06","15105","Win","STPET","","15105","0.0000","4033","3/1/2026","3/31/2026","RTP","S","False","ALL","Actual","Dana Whitfield","8/7/2026 3:00:26 PM","True","Sales Rep"
"34699","2/26/2026","O'Connor, Tim","Surname296, Given296","396 Sample St","Seminole","3/26/2026","33942.74","35471","Win","STPET","","35471","0.0000","4033","3/1/2026","3/31/2026","RTP","S","False","ALL","Actual","Dana Whitfield","8/7/2026 3:00:26 PM","True","Sales Rep"
"35084","3/20/2026","O'Connor, Tim","Surname297, Given297","397 Sample St","Pinellas Park","3/30/2026","9209.3","9694","Win","STPET","","9694","0.0000","4033","3/1/2026","3/31/2026","RTP","S","False","ALL","Actual","Dana Whitfield","8/7/2026 3:00:26 PM","True","Sales Rep"
"35192","3/26/2026","O'Connor, Tim","Surname298, Given298","398 Sample St","Spring Hill","3/31/2026","10975","10975","Win","STPET","","10975","0.0000","4033","3/1/2026","3/31/2026","RTP","S","False","ALL","Actual","Dana Whitfield","8/7/2026 3:00:26 PM","True","Sales Rep"
"34120","1/24/2026","O'Connor, Tim","Surname299, Given299","399 Sample St","Seffner","3/31/2026","13568.07","14294","Win","STPET","","14294","0.0000","4033","3/1/2026","3/31/2026","RTP","S","False","ALL","Actual","Dana Whitfield","8/7/2026 3:00:26 PM","True","Sales Rep"
"34660","2/27/2026","Palko, Thomas","Surname300, Given300","400 Sample St","Lehigh Acres","3/4/2026","11180","11180","Win","FTMYR","3655.34","11180","0.0000","2315","3/1/2026","3/31/2026","RTP","S","False","ALL","Actual","Dana Whitfield","8/7/2026 3:00:26 PM","True","Sales Rep"
"34634","2/25/2026","Palko, Thomas","Surname301, Given301","401 Sample St"," Lehigh Acres","3/13/2026","66323","66323","Win","FTMYR","22174.76","66323","0.0000","2315","3/1/2026","3/31/2026","RTP","S","False","ALL","Actual","Dana Whitfield","8/7/2026 3:00:26 PM","True","Sales Rep"
"34424","2/13/2026","Palko, Thomas","Surname302, Given302","402 Sample St","Naples","3/16/2026","17213","17213","SGD","FTMYR","6698.02","17213","0.0000","2315","3/1/2026","3/31/2026","RTP","S","False","ALL","Actual","Dana Whitfield","8/7/2026 3:00:26 PM","True","Sales Rep"
"34814","3/9/2026","Palko, Thomas","Surname303, Given303","403 Sample St","Cape Coral","3/16/2026","16590","16590","Win","FTMYR","5112.17","16590","0.0000","2315","3/1/2026","3/31/2026","RTP","S","False","ALL","Actual","Dana Whitfield","8/7/2026 3:00:26 PM","True","Sales Rep"
"34886","3/12/2026","Palko, Thomas","Surname304, Given304","404 Sample St","Cape Coral","3/20/2026","11587","11587","Win","FTMYR","3085.57","11587","0.0000","2315","3/1/2026","3/31/2026","RTP","S","False","ALL","Actual","Dana Whitfield","8/7/2026 3:00:26 PM","True","Sales Rep"
"34963","3/17/2026","Palko, Thomas","Surname305, Given305","405 Sample St","Port Charlotte","3/23/2026","19106","19106","Win","FTMYR","5839.96","19106","0.0000","2315","3/1/2026","3/31/2026","RTP","S","False","ALL","Actual","Dana Whitfield","8/7/2026 3:00:26 PM","True","Sales Rep"
"35059","3/23/2026","Palko, Thomas","Surname306, Given306","406 Sample St","Sanibel","3/27/2026","11469","11469","Win","FTMYR","3373.06","11469","0.0000","2315","3/1/2026","3/31/2026","RTP","S","False","ALL","Actual","Dana Whitfield","8/7/2026 3:00:26 PM","True","Sales Rep"
"35036","3/21/2026","Palko, Thomas","Surname307, Given307","407 Sample St","Lehigh Acres","3/27/2026","24556","24556","Win","FTMYR","8784.9","24556","0.0000","2315","3/1/2026","3/31/2026","RTP","S","False","ALL","Actual","Dana Whitfield","8/7/2026 3:00:26 PM","True","Sales Rep"
"34860","3/11/2026","Passoff, Payton","Surname308, Given308","408 Sample St","Punta Gorda","3/16/2026","12000","12000","Win","FTMYR","","6000","6000","2315","3/1/2026","3/31/2026","RTP","S","False","ALL","Actual","Dana Whitfield","8/7/2026 3:00:26 PM","True","Sales Rep"
"34960","3/14/2026","Passoff, Payton","Surname309, Given309","409 Sample St","Naples","3/20/2026","44000","44000","Win","FTMYR","14257.46","44000","0.0000","2315","3/1/2026","3/31/2026","RTP","S","False","ALL","Actual","Dana Whitfield","8/7/2026 3:00:26 PM","True","Sales Rep"
"34034","1/21/2026","Passoff, Payton","Surname310, Given310","410 Sample St","Naples","3/20/2026","21000","21000","Win","FTMYR","6264.25","21000","0.0000","2315","3/1/2026","3/31/2026","RTP","S","False","ALL","Actual","Dana Whitfield","8/7/2026 3:00:26 PM","True","Sales Rep"
"35030","3/20/2026","Passoff, Payton","Surname311, Given311","411 Sample St","Marco Island","3/30/2026","41000","41000","Win","FTMYR","15940.38","41000","0.0000","2315","3/1/2026","3/31/2026","RTP","S","False","ALL","Actual","Dana Whitfield","8/7/2026 3:00:26 PM","True","Sales Rep"
"34874","3/10/2026","Patten, Wyman","Surname312, Given312","412 Sample St","Riverview","3/16/2026","9000","9000","Win","STPET","","9000","0.0000","4033","3/1/2026","3/31/2026","RTP","S","False","ALL","Actual","Dana Whitfield","8/7/2026 3:00:26 PM","True","Sales Rep"
"34774","3/4/2026","Patten, Wyman","Surname313, Given313","413 Sample St","SUN CITY CENTER","3/17/2026","10000","10000","Win","STPET","","10000","0.0000","4033","3/1/2026","3/31/2026","RTP","S","False","ALL","Actual","Dana Whitfield","8/7/2026 3:00:26 PM","True","Sales Rep"
"35043","3/18/2026","Patten, Wyman","Surname314, Given314","414 Sample St"," Saint Petersburg","3/25/2026","27436","27450","Win","STPET","","27450","0.0000","4033","3/1/2026","3/31/2026","RTP","S","False","ALL","Actual","Dana Whitfield","8/7/2026 3:00:26 PM","True","Sales Rep"
"35034","3/18/2026","Patten, Wyman","Surname315, Given315","415 Sample St","Largo","3/27/2026","21955","21955","Win","STPET","","21955","0.0000","4033","3/1/2026","3/31/2026","RTP","S","False","ALL","Actual","Dana Whitfield","8/7/2026 3:00:26 PM","True","Sales Rep"
"34592","2/23/2026","Pereira, Carlos","Surname316, Given316","416 Sample St","Apopka","3/16/2026","45000","45000","Win","ORL","","45001","-1","4746","3/1/2026","3/31/2026","RTP","S","False","ALL","Actual","Dana Whitfield","8/7/2026 3:00:26 PM","True","Sales Rep"
"34907","3/13/2026","Pereira, Carlos","Surname317, Given317","417 Sample St","Salt Springs","3/20/2026","10200","10200","Win","ORL","","10200","0.0000","4746","3/1/2026","3/31/2026","RTP","S","False","ALL","Actual","Dana Whitfield","8/7/2026 3:00:26 PM","True","Sales Rep"
"34981","3/17/2026","Pereira, Carlos","Surname318, Given318","418 Sample St","Longwood","3/20/2026","18000","18000","Win","ORL","","18000","0.0000","4746","3/1/2026","3/31/2026","RTP","S","False","ALL","Actual","Dana Whitfield","8/7/2026 3:00:26 PM","True","Sales Rep"
"34985","3/17/2026","Pereira, Carlos","Surname319, Given319","419 Sample St","Leesburg","3/23/2026","22648","22648","Win","ORL","","22648","0.0000","4746","3/1/2026","3/31/2026","RTP","S","False","ALL","Actual","Dana Whitfield","8/7/2026 3:00:26 PM","True","Sales Rep"
"34400","2/11/2026","Perez, Anthony","Surname320, Given320","420 Sample St","Fort myers","3/6/2026","24023.12","25548","Win","FTMYR","6431.64","25548","0.0000","2315","3/1/2026","3/31/2026","RTP","S","False","ALL","Actual","Dana Whitfield","8/7/2026 3:00:26 PM","True","Sales Rep"
"34939","3/16/2026","Perez, Anthony","Surname321, Given321","421 Sample St","Cape Coral","3/20/2026","13580.35","13715","Win","FTMYR","3557.26","13715","0.0000","2315","3/1/2026","3/31/2026","RTP","S","False","ALL","Actual","Dana Whitfield","8/7/2026 3:00:26 PM","True","Sales Rep"
"34768","3/5/2026","Perez, Anthony","Surname322, Given322","422 Sample St","Cape coral","3/20/2026","26099.58","27757","Win","FTMYR","9205.52","27757","0.0000","2315","3/1/2026","3/31/2026","RTP","S","False","ALL","Actual","Dana Whitfield","8/7/2026 3:00:26 PM","True","Sales Rep"
"34913","3/13/2026","Perez, Anthony","Surname323, Given323","423 Sample St","Cape Coral","3/30/2026","11232","11839","Win","FTMYR","4296.85","11839","0.0000","2315","3/1/2026","3/31/2026","RTP","S","False","ALL","Actual","Dana Whitfield","8/7/2026 3:00:26 PM","True","Sales Rep"
"34358","2/9/2026","Perez, Anthony","Surname324, Given324","424 Sample St","Lehigh Acres","3/31/2026","22894","22894","Win","FTMYR","6267.05","22894","0.0000","2315","3/1/2026","3/31/2026","RTP","S","False","ALL","Actual","Dana Whitfield","8/7/2026 3:00:26 PM","True","Sales Rep"
"34759","3/2/2026","Pettit, Jordan","Surname325, Given325","425 Sample St","Bradenton","3/6/2026","15937.7","16955","Win","SAR","","16955","0.0000","4798","3/1/2026","3/31/2026","RTP","S","False","ALL","Actual","Dana Whitfield","8/7/2026 3:00:26 PM","True","Sales Rep"
"34724","2/28/2026","Pettit, Jordan","Surname326, Given326","426 Sample St","Sarasota","3/16/2026","24590.5","26300","Win","SAR","","26300","0.0000","4798","3/1/2026","3/31/2026","RTP","S","False","ALL","Actual","Dana Whitfield","8/7/2026 3:00:26 PM","True","Sales Rep"
"33719","12/19/2025","Pettit, Jordan","Surname327, Given327","427 Sample St","Sarasota","3/18/2026","21631.43","22830","Win","SAR","","22830","0.0000","4798","3/1/2026","3/31/2026","RTP","S","False","ALL","Actual","Dana Whitfield","8/7/2026 3:00:26 PM","True","Sales Rep"
"34769","3/4/2026","Pettit, Jordan","Surname328, Given328","428 Sample St","Sarasota","3/18/2026","4080","4080","Win","SAR","","4080","0.0000","4798","3/1/2026","3/31/2026","RTP","S","False","ALL","Actual","Dana Whitfield","8/7/2026 3:00:26 PM","True","Sales Rep"
"35041","3/18/2026","Pettit, Jordan","Surname329, Given329","429 Sample St","Palmetto","3/23/2026","22288.34","23711","Win","SAR","","23711","0.0000","4798","3/1/2026","3/31/2026","RTP","S","False","ALL","Actual","Dana Whitfield","8/7/2026 3:00:26 PM","True","Sales Rep"
"34530","2/14/2026","Pettit, Jordan","Surname330, Given330","430 Sample St","VENICE","3/25/2026","12626.28","12990","Win","SAR","","12990","0.0000","4798","3/1/2026","3/31/2026","RTP","S","False","ALL","Actual","Dana Whitfield","8/7/2026 3:00:26 PM","True","Sales Rep"
"34836","3/6/2026","Pettit, Jordan","Surname331, Given331","431 Sample St","Sarasota","3/30/2026","27730","29500","Win","SAR","","29500","0.0000","4798","3/1/2026","3/31/2026","RTP","S","False","ALL","Actual","Dana Whitfield","8/7/2026 3:00:26 PM","True","Sales Rep"
"34841","3/7/2026","Pettit, Jordan","Surname332, Given332","432 Sample St","Venice","3/30/2026","49999","49999","Win","SAR","","49999","0.0000","4798","3/1/2026","3/31/2026","RTP","S","False","ALL","Actual","Dana Whitfield","8/7/2026 3:00:26 PM","True","Sales Rep"
"34674","2/28/2026","Pignotti, Joel","Surname333, Given333","433 Sample St","Estero","3/12/2026","29847","29847","Win","FTMYR","8974.34","29847","0.0000","2315","3/1/2026","3/31/2026","RTP","S","False","ALL","Actual","Dana Whitfield","8/7/2026 3:00:26 PM","True","Sales Rep"
"34807","3/7/2026","Pignotti, Joel","Surname334, Given334","434 Sample St","Bonita Springs","3/16/2026","58541","58541","Win","FTMYR","18281.33","58541","0.0000","2315","3/1/2026","3/31/2026","RTP","S","False","ALL","Actual","Dana Whitfield","8/7/2026 3:00:26 PM","True","Sales Rep"
"34961","3/17/2026","Pignotti, Joel","Surname335, Given335","435 Sample St","Bonita Springs","3/20/2026","17826","17826","Win","FTMYR","5624.72","17826","0.0000","2315","3/1/2026","3/31/2026","RTP","S","False","ALL","Actual","Dana Whitfield","8/7/2026 3:00:26 PM","True","Sales Rep"
"34917","3/14/2026","Pignotti, Joel","Surname336, Given336","436 Sample St","Naples","3/26/2026","23502","23527","Win","FTMYR","0.0000","23527","0.0000","2315","3/1/2026","3/31/2026","RTP","S","False","ALL","Actual","Dana Whitfield","8/7/2026 3:00:26 PM","True","Sales Rep"
"34909","3/13/2026","Pignotti, Joel","Surname337, Given337","437 Sample St","Naples","3/27/2026","20624.64","21484","Win","FTMYR","6604.86","21484","0.0000","2315","3/1/2026","3/31/2026","RTP","S","False","ALL","Actual","Dana Whitfield","8/7/2026 3:00:26 PM","True","Sales Rep"
"35045","3/22/2026","Pignotti, Joel","Surname338, Given338","438 Sample St","Cape Coral","3/27/2026","27000","27000","Win","FTMYR","10431.01","27000","0.0000","2315","3/1/2026","3/31/2026","RTP","S","False","ALL","Actual","Dana Whitfield","8/7/2026 3:00:26 PM","True","Sales Rep"
"34760","3/2/2026","Sanchez, Victor","Surname339, Given339","439 Sample St","Saint Petersburg","3/6/2026","16000","16000","Win","STPET","","16000","0.0000","4033","3/1/2026","3/31/2026","RTP","S","False","ALL","Actual","Dana Whitfield","8/7/2026 3:00:26 PM","True","Sales Rep"
"34274","2/3/2026","Sanchez, Victor","Surname340, Given340","440 Sample St","BRANDON","3/6/2026","25400","25400","Win","STPET","","25400","0.0000","4033","3/1/2026","3/31/2026","RTP","S","False","ALL","Actual","Dana Whitfield","8/7/2026 3:00:26 PM","True","Sales Rep"
"34595","2/17/2026","Sanchez, Victor","Surname341, Given341","441 Sample St","Tarpon Springs","3/11/2026","16564.8","16800","Win","STPET","","16800","0.0000","4033","3/1/2026","3/31/2026","RTP","S","False","ALL","Actual","Dana Whitfield","8/7/2026 3:00:26 PM","True","Sales Rep"
"34231","1/31/2026","Sanchez, Victor","Surname342, Given342","442 Sample St","New Port Richey","3/16/2026","14172","14200","Win","STPET","","14200","0.0000","4033","3/1/2026","3/31/2026","RTP","S","False","ALL","Actual","Dana Whitfield","8/7/2026 3:00:26 PM","True","Sales Rep"
"34898","3/11/2026","Sanchez, Victor","Surname343, Given343","443 Sample St","Spring Hill","3/23/2026","38300","38300","Win","STPET","","38300","0.0000","4033","3/1/2026","3/31/2026","RTP","S","False","ALL","Actual","Dana Whitfield","8/7/2026 3:00:26 PM","True","Sales Rep"
"35118","3/23/2026","Scerbo, Scott","Surname344, Given344","444 Sample St","Saint Petersburg","3/31/2026","8000","8000","Win","STPET","","8000","0.0000","4033","3/1/2026","3/31/2026","RTP","S","False","ALL","Actual","Dana Whitfield","8/7/2026 3:00:26 PM","True","Sales Rep"
"35156","3/26/2026","Schroeder, Jason","Surname345, Given345","445 Sample St","Lithia","3/31/2026","34065.43","35119","Win","STPET","0.0000","35119","0.0000","4033","3/1/2026","3/31/2026","RTP","S","False","ALL","Actual","Dana Whitfield","8/7/2026 3:00:26 PM","True","Sales Rep"
"34629","2/25/2026","Snowden, Starr","Surname346, Given346","446 Sample St","Punta Gorda","3/2/2026","37825","42500","Win","FTMYR","12019.77","42500","0.0000","2315","3/1/2026","3/31/2026","RTP","S","False","ALL","Actual","Dana Whitfield","8/7/2026 3:00:26 PM","True","Sales Rep"
"34641","2/26/2026","Snowden, Starr","Surname347, Given347","447 Sample St","Cape Coral","3/16/2026","20737","23300","Win","FTMYR","5617.96","23300","0.0000","2315","3/1/2026","3/31/2026","RTP","S","False","ALL","Actual","Dana Whitfield","8/7/2026 3:00:26 PM","True","Sales Rep"
"34911","3/13/2026","Snowden, Starr","Surname348, Given348","448 Sample St","Cape Coral","3/19/2026","29557.26","31195","Win","FTMYR","11591.83","31195","0.0000","2315","3/1/2026","3/31/2026","RTP","S","False","ALL","Actual","Dana Whitfield","8/7/2026 3:00:26 PM","True","Sales Rep"
"34889","3/12/2026","Snowden, Starr","Surname349, Given349","449 Sample St","Fort Myers","3/20/2026","16465","18500","Win","FTMYR","5324.24","18500","0.0000","2315","3/1/2026","3/31/2026","RTP","S","False","ALL","Actual","Dana Whitfield","8/7/2026 3:00:26 PM","True","Sales Rep"
"34402","2/11/2026","Stegemoller, Jeff","Surname350, Given350","450 Sample St","Winter Garden","3/26/2026","13113.8","13300","Win","ORL","","13300","0.0000","4746","3/1/2026","3/31/2026","RTP","S","False","ALL","Actual","Dana Whitfield","8/7/2026 3:00:26 PM","True","Sales Rep"
"34749","3/4/2026","Toledo, Pedro","Surname351, Given351","451 Sample St","Plantation","3/9/2026","10000","10500","Door","FTLAU","3699.32","10500","0.0000","5617","3/1/2026","3/31/2026","RTP","S","False","ALL","Actual","Dana Whitfield","8/7/2026 3:00:26 PM","True","Sales Rep"
"34242","2/2/2026","Toledo, Pedro","Surname352, Given352","452 Sample St","Riviera Beach","3/13/2026","38000","38000","Win","BOCA","11544.35","38000","0.0000","5617","3/1/2026","3/31/2026","RTP","S","False","ALL","Actual","Dana Whitfield","8/7/2026 3:00:26 PM","True","Sales Rep"
"34263","2/3/2026","Toledo, Pedro","Surname353, Given353","453 Sample St","Margate","3/26/2026","19568","19568","Win","FTLAU","5386.46","19568","0.0000","5617","3/1/2026","3/31/2026","RTP","S","False","ALL","Actual","Dana Whitfield","8/7/2026 3:00:26 PM","True","Sales Rep"
"34693","2/26/2026","Vallin, Gabriell","Surname354, Given354","454 Sample St","Spring Hill","3/6/2026","6550","6550","Win","STPET","","6550","0.0000","4033","3/1/2026","3/31/2026","RTP","S","False","ALL","Actual","Dana Whitfield","8/7/2026 3:00:26 PM","True","Sales Rep"
"34642","2/26/2026","Varnadore, Brian","Surname355, Given355","455 Sample St","Punta Gorda","3/18/2026","16804.95","17647","Win","FTMYR","5210.89","17647","0.0000","2315","3/1/2026","3/31/2026","RTP","S","False","ALL","Actual","Dana Whitfield","8/7/2026 3:00:26 PM","True","Sales Rep"
"34983","3/18/2026","Varnadore, Brian","Surname356, Given356","456 Sample St","Cape Coral","3/23/2026","26700","26700","Win","FTMYR","9046.61","26700","0.0000","2315","3/1/2026","3/31/2026","RTP","S","False","ALL","Actual","Dana Whitfield","8/7/2026 3:00:26 PM","True","Sales Rep"
"34605","2/20/2026","Wheat, Chris","Surname357, Given357","457 Sample St","Brandon","3/6/2026","14573.8","16004","Door","STPET","","16004","0.0000","4033","3/1/2026","3/31/2026","RTP","S","False","ALL","Actual","Dana Whitfield","8/7/2026 3:00:26 PM","True","Sales Rep"
"34614","2/21/2026","Wheat, Chris","Surname358, Given358","458 Sample St","Valrico","3/25/2026","40416.4","40422","Win","STPET","","40422","0.0000","4033","3/1/2026","3/31/2026","RTP","S","False","ALL","Actual","Dana Whitfield","8/7/2026 3:00:26 PM","True","Sales Rep"
"34969","3/17/2026","Wheeler, Donte","Surname359, Given359","459 Sample St","Jacksonville","3/23/2026","22682.41","23353","Win","JAX","6614.9","23353","0.0000","5556","3/1/2026","3/31/2026","RTP","S","False","ALL","Actual","Dana Whitfield","8/7/2026 3:00:26 PM","True","Sales Rep"
"35003","3/18/2026","Wheeler, Donte","Surname360, Given360","460 Sample St","Orange Park","3/25/2026","10587","10587","Win","JAX","3260.31","10587","0.0000","5556","3/1/2026","3/31/2026","RTP","S","False","ALL","Actual","Dana Whitfield","8/7/2026 3:00:26 PM","True","Sales Rep"
"34787","3/6/2026","Wheeler, Donte","Surname361, Given361","461 Sample St","Jacksonville","3/26/2026","27861","27861","Win","JAX","9849.28","27861","0.0000","5556","3/1/2026","3/31/2026","RTP","S","False","ALL","Actual","Dana Whitfield","8/7/2026 3:00:26 PM","True","Sales Rep"
"34315","2/6/2026","Zidek, Rick","Surname362, Given362","462 Sample St","OCALA","3/23/2026","17500","17500","Win","ORL","","17500","0.0000","4746","3/1/2026","3/31/2026","RTP","S","False","ALL","Actual","Dana Whitfield","8/7/2026 3:00:26 PM","True","Sales Rep"
"34885","3/12/2026","Zidek, Rick","Surname363, Given363","463 Sample St","The Villages","3/26/2026","11640","12000","Win","ORL","","12000","0.0000","4746","3/1/2026","3/31/2026","RTP","S","False","ALL","Actual","Dana Whitfield","8/7/2026 3:00:26 PM","True","Sales Rep"
"34938","3/14/2026","Zidek, Rick","Surname364, Given364","464 Sample St","Maitland","3/31/2026","6165.78","6406","Win","ORL","","6406","0.0000","4746","3/1/2026","3/31/2026","RTP","S","False","ALL","Actual","Dana Whitfield","8/7/2026 3:00:26 PM","True","Sales Rep"
