"Category","lastname","FirstName","id","Phone","Address1","city","state","Zip","CSZ","Email","entrydate","productid","lastresult","clq_id","cqd_id","dsp_id","src_id","sds_id","brn_id","PromoterName","SourceSubDescr","lr","dspdescr","NumDials","NumSuperseded","LastCallDescr","GSA","NetAmount","ApptDate","JobStatus","FullName","SDate","EDate","xsrc_id","xbrn_id","xSourceSubDescr","xPromoter","CurrentDateTime","UseColor","xGrade"
"Out-of-Area","Surname0000","Given0000","396783","","","","","",",","person0000@example.com","2/1/2026","","","1","26","Data","Internet","","","Internet, Chat (REECE WEBSITE)","Chat (REECE WEBSITE)","","Data-Data Only - No Appt","0","0","","0.0000","0.0000","","","Dana Whitfield","2/1/2026","2/28/2026","ALL","ALL","ALL","ALL","8/7/2026 3:00:58 PM","True","ALL"
"Out-of-Area","Surname0001","Given0001","396725","(555)555-0001","","","nu","",", nu","","2/1/2026","","DNC","0","0","DNC","Internet","Nash","","Internet, Chat (REECE WEBSITE)","Chat (REECE WEBSITE)","DNC","DNC-Do Not Call","4","0","Asked DNC","0.0000","0.0000","","","Dana Whitfield","2/1/2026","2/28/2026","ALL","ALL","ALL","ALL","8/7/2026 3:00:58 PM","True","ALL"
"Out-of-Area","Surname0002","Given0002","396852","(555)555-0002","","","","32904",",     32904","person0002@example.com","2/1/2026","","HU","0","0","Data","Website","","","Internet, Socius Marketing","Instagram","HU","Data-Data Only - No Appt","17","0","Hung Up","0.0000","0.0000","","","Dana Whitfield","2/1/2026","2/28/2026","ALL","ALL","ALL","ALL","8/7/2026 3:00:58 PM","True","ALL"
"Out-of-Area","Surname0003","Given0003","396757","(555)555-0003","","","nu","",", nu","person0003@example.com","2/1/2026","","DNC","0","0","Data","Internet","","","Internet, Chat (REECE WEBSITE)","Chat (REECE WEBSITE)","DNC","Data-Data Only - No Appt","6","0","Asked DNC","0.0000","0.0000","","","Dana Whitfield","2/1/2026","2/28/2026","ALL","ALL","ALL","ALL","8/7/2026 3:00:58 PM","True","ALL"
"Out-of-Area","Surname0004","Given0004","396698","(555)555-0004","104 Example St","City0000","FL","33876","City0000, FL  33876","person0004@example.com","2/1/2026","","DNC","0","0","Data","Internet","","","Internet, Lead Gurus","Lead Gurus","DNC","Data-Data Only - No Appt","7","0","Asked DNC","0.0000","0.0000","","","Dana Whitfield","2/1/2026","2/28/2026","ALL","ALL","ALL","ALL","8/7/2026 3:00:58 PM","True","ALL"
"Out-of-Area","Surname0005","Given0005","396699","(555)555-0005","","","","32926",",     32926","person0005@example.com","2/1/2026","","NI","0","0","Data","Website","","","Internet, Socius Marketing","Facebook","NI","Data-Data Only - No Appt","3","0","No Interest Now","0.0000","0.0000","","","Dana Whitfield","2/1/2026","2/28/2026","ALL","ALL","ALL","ALL","8/7/2026 3:00:58 PM","True","ALL"
"Out-of-Area","Surname0006","Given0006","396707","(555)555-0006","106 Example St","City0001","FL","32304","City0001, FL  32304","person0006@example.com","2/1/2026","","NI","0","0","Data","Internet","","","Internet, Lead Gurus","Lead Gurus","NI","Data-Data Only - No Appt","2","0","No Interest Now","0.0000","0.0000","","","Dana Whitfield","2/1/2026","2/28/2026","ALL","ALL","ALL","ALL","8/7/2026 3:00:58 PM","True","ALL"
"Out-of-Area","Surname0007","Given0007","396846","(555)555-0007","","","","",",","person0007@example.com","2/1/2026","","OS","0","0","Data","Internet","","","Internet, Chat (REECE WEBSITE)","Chat (REECE WEBSITE)","OS","Data-Data Only - No Appt","1","0","Can't Do Project","0.0000","0.0000","","","Dana Whitfield","2/1/2026","2/28/2026","ALL","ALL","ALL","ALL","8/7/2026 3:00:58 PM","True","ALL"
"Out-of-Area","","Given0008","396869","(555)555-0008","","","","",",","","2/2/2026","","NA","0","0","Data","Iheart","","","","Simpletext","NA","Data-Data Only - No Appt","29","0","No Answer","0.0000","0.0000","","","Dana Whitfield","2/1/2026","2/28/2026","ALL","ALL","ALL","ALL","8/7/2026 3:00:58 PM","True","ALL"
"Out-of-Area","","","396884","(555)555-0009","","","","",",","","2/2/2026","","HU","0","0","Data","Iheart","","","","Simpletext","HU","Data-Data Only - No Appt","7","0","Hung Up","0.0000","0.0000","","","Dana Whitfield","2/1/2026","2/28/2026","ALL","ALL","ALL","ALL","8/7/2026 3:00:58 PM","True","ALL"
"Out-of-Area","","","396885","(555)555-0010","","","","",",","","2/2/2026","","NA","0","0","Data","Iheart","","","","Simpletext","NA","Data-Data Only - No Appt","32","0","No Answer","0.0000","0.0000","","","Dana Whitfield","2/1/2026","2/28/2026","ALL","ALL","ALL","ALL","8/7/2026 3:00:58 PM","True","ALL"
"Superseded","","Given0011","376591","(555)555-0011","","","","",",","","2/2/2026","","NA","0","","Data","Iheart","","","","Simpletext","NA","Data-Data Only - No Appt","69","1","No Answer","0.0000","0.0000","","","Dana Whitfield","2/1/2026","2/28/2026","ALL","ALL","ALL","ALL","8/7/2026 3:00:58 PM","True","ALL"
"Out-of-Area","","Given0012","396898","(555)555-0012","","","","",",","","2/2/2026","","DNC","0","0","Data","Iheart","","","","Simpletext","DNC","Data-Data Only - No Appt","12","0","Asked DNC","0.0000","0.0000","","","Dana Whitfield","2/1/2026","2/28/2026","ALL","ALL","ALL","ALL","8/7/2026 3:00:58 PM","True","ALL"
"Out-of-Area","","","396976","(555)555-0013","","","","",",","","2/2/2026","","NA","0","0","Data","Iheart","","","","Simpletext","NA","Data-Data Only - No Appt","32","0","No Answer","0.0000","0.0000","","","Dana Whitfield","2/1/2026","2/28/2026","ALL","ALL","ALL","ALL","8/7/2026 3:00:58 PM","True","ALL"
"Out-of-Area","","","396995","(555)555-0014","","","","",",","","2/2/2026","","NA","0","0","Data","Iheart","","","","Simpletext","NA","Data-Data Only - No Appt","33","0","No Answer","0.0000","0.0000","","","Dana Whitfield","2/1/2026","2/28/2026","ALL","ALL","ALL","ALL","8/7/2026 3:00:58 PM","True","ALL"
"Out-of-Area","","","396995","(555)555-0015","","","","",",","","2/2/2026","","NA","0","0","Data","Iheart","","","","Simpletext","NA","Data-Data Only - No Appt","33","0","No Answer","0.0000","0.0000","","","Dana Whitfield","2/1/2026","2/28/2026","ALL","ALL","ALL","ALL","8/7/2026 3:00:58 PM","True","ALL"
"Out-of-Area","","","397020","(555)555-0016","","","","",",","","2/2/2026","","DNC","0","0","Data","Internet","Nash","","Internet, Googgle PPC Windows","Google PPC Windows","DNC","Data-Data Only - No Appt","2","0","Asked DNC","0.0000","0.0000","","","Dana Whitfield","2/1/2026","2/28/2026","ALL","ALL","ALL","ALL","8/7/2026 3:00:58 PM","True","ALL"
"Out-of-Area","","Given0017","397021","(555)555-0017","","","","",",","","2/2/2026","","NA","0","0","Data","Iheart","","","","Simpletext","NA","Data-Data Only - No Appt","32","0","No Answer","0.0000","0.0000","","","Dana Whitfield","2/1/2026","2/28/2026","ALL","ALL","ALL","ALL","8/7/2026 3:00:58 PM","True","ALL"
"Out-of-Area","","","397023","(555)555-0018","","","","",",","","2/2/2026","","NI","0","0","Data","Internet","Nash","","Internet, Googgle PPC Windows","Google PPC Windows","NI","Data-Data Only - No Appt","3","0","No Interest Now","0.0000","0.0000","","","Dana Whitfield","2/1/2026","2/28/2026","ALL","ALL","ALL","ALL","8/7/2026 3:00:58 PM","True","ALL"
"Out-of-Area","","","397029","(555)555-0019","","","","",",","","2/2/2026","","AM","0","0","Data","Iheart","","","","Simpletext","AM","Data-Data Only - No Appt","25","0","Answering Machine","0.0000","0.0000","","","Dana Whitfield","2/1/2026","2/28/2026","ALL","ALL","ALL","ALL","8/7/2026 3:00:58 PM","True","ALL"
"Out-of-Area","","Given0020","397032","(555)555-0020","","","","",",","","2/2/2026","Win","OS","0","0","DNC","Canvass","Nash","","Bock, Myron - STP","Canvass","OS","DNC-Do Not Call","1","0","Can't Do Project","0.0000","0.0000","","","Dana Whitfield","2/1/2026","2/28/2026","ALL","ALL","ALL","ALL","8/7/2026 3:00:58 PM","True","ALL"
"Out-of-Area","","Given0021","397052","(555)555-0021","","","","",",","","2/2/2026","","HU","0","0","Data","Iheart","","","","Simpletext","HU","Data-Data Only - No Appt","23","0","Hung Up","0.0000","0.0000","","","Dana Whitfield","2/1/2026","2/28/2026","ALL","ALL","ALL","ALL","8/7/2026 3:00:58 PM","True","ALL"
"Out-of-Area","","","397075","(555)555-0022","","","","",",","","2/2/2026","","DNC","0","0","Data","Iheart","","","","Simpletext","DNC","Data-Data Only - No Appt","1","0","Asked DNC","0.0000","0.0000","","","Dana Whitfield","2/1/2026","2/28/2026","ALL","ALL","ALL","ALL","8/7/2026 3:00:58 PM","True","ALL"
"Out-of-Area","","","372885","(555)555-0023","123 Example St","City0002","FL","34737","City0002, FL  34737","","2/2/2026","","NA","0","0","Data","Iheart","","","","Simpletext","NA","Data-Data Only - No Appt","2","0","No Answer","0.0000","0.0000","","","Dana Whitfield","2/1/2026","2/28/2026","ALL","ALL","ALL","ALL","8/7/2026 3:00:58 PM","True","ALL"
"Out-of-Area","","Given0024","397113","(555)555-0024","","","","",",","","2/2/2026","","AM","0","0","Data","Iheart","","","","Simpletext","AM","Data-Data Only - No Appt","32","0","Answering Machine","0.0000","0.0000","","","Dana Whitfield","2/1/2026","2/28/2026","ALL","ALL","ALL","ALL","8/7/2026 3:00:58 PM","True","ALL"
"Out-of-Area","","Given0025","397113","(555)555-0025","","","","",",","","2/2/2026","","AM","0","0","Data","Iheart","","","","Simpletext","AM","Data-Data Only - No Appt","32","0","Answering Machine","0.0000","0.0000","","","Dana Whitfield","2/1/2026","2/28/2026","ALL","ALL","ALL","ALL","8/7/2026 3:00:58 PM","True","ALL"
"Out-of-Area","","","397146","(555)555-0026","","","","",",","","2/2/2026","","NA","0","0","Data","Iheart","","","","Simpletext","NA","Data-Data Only - No Appt","28","0","No Answer","0.0000","0.0000","","","Dana Whitfield","2/1/2026","2/28/2026","ALL","ALL","ALL","ALL","8/7/2026 3:00:58 PM","True","ALL"
"Out-of-Area","","Given0027","397164","(555)555-0027","","","","",",","","2/2/2026","","AM","0","0","Data","Iheart","","","","Simpletext","AM","Data-Data Only - No Appt","32","0","Answering Machine","0.0000","0.0000","","","Dana Whitfield","2/1/2026","2/28/2026","ALL","ALL","ALL","ALL","8/7/2026 3:00:58 PM","True","ALL"
"Out-of-Area","","Given0028","397165","(555)555-0028","","","","",",","","2/2/2026","","NA","0","0","Data","Iheart","","","","Simpletext","NA","Data-Data Only - No Appt","33","0","No Answer","0.0000","0.0000","","","Dana Whitfield","2/1/2026","2/28/2026","ALL","ALL","ALL","ALL","8/7/2026 3:00:58 PM","True","ALL"
"Out-of-Area","","","397166","(555)555-0029","","","","",",","","2/2/2026","","AM","0","0","Data","Iheart","","","","Simpletext","AM","Data-Data Only - No Appt","32","0","Answering Machine","0.0000","0.0000","","","Dana Whitfield","2/1/2026","2/28/2026","ALL","ALL","ALL","ALL","8/7/2026 3:00:58 PM","True","ALL"
"Out-of-Area","","","397167","(555)555-0030","","","","",",","","2/2/2026","","NA","0","0","Data","Iheart","","","","Simpletext","NA","Data-Data Only - No Appt","21","0","No Answer","0.0000","0.0000","","","Dana Whitfield","2/1/2026","2/28/2026","ALL","ALL","ALL","ALL","8/7/2026 3:00:58 PM","True","ALL"
"Superseded","","","397168","(555)555-0031","","","nu","",", nu","","2/2/2026","","NA","0","","Data","Iheart","","","","Simpletext","NA","Data-Data Only - No Appt","79","1","No Answer","0.0000","0.0000","","","Dana Whitfield","2/1/2026","2/28/2026","ALL","ALL","ALL","ALL","8/7/2026 3:00:58 PM","True","ALL"
"Out-of-Area","","","397169","(555)555-0032","","","nu","",", nu","","2/2/2026","","NA","0","0","Data","Iheart","","","","Simpletext","NA","Data-Data Only - No Appt","16","0","No Answer","0.0000","0.0000","","","Dana Whitfield","2/1/2026","2/28/2026","ALL","ALL","ALL","ALL","8/7/2026 3:00:58 PM","True","ALL"
"Out-of-Area","","","397170","(555)555-0033","","","","",",","","2/2/2026","","NA","0","0","Data","Iheart","","","","Simpletext","NA","Data-Data Only - No Appt","26","0","No Answer","0.0000","0.0000","","","Dana Whitfield","2/1/2026","2/28/2026","ALL","ALL","ALL","ALL","8/7/2026 3:00:58 PM","True","ALL"
"Out-of-Area","","Given0034","397171","(555)555-0034","","","","",",","","2/2/2026","","NA","0","0","Data","Iheart","","","","Simpletext","NA","Data-Data Only - No Appt","27","0","No Answer","0.0000","0.0000","","","Dana Whitfield","2/1/2026","2/28/2026","ALL","ALL","ALL","ALL","8/7/2026 3:00:58 PM","True","ALL"
"Out-of-Area","","","397173","(555)555-0035","","","","",",","","2/2/2026","","AM","0","0","Data","Iheart","","","","Simpletext","AM","Data-Data Only - No Appt","29","0","Answering Machine","0.0000","0.0000","","","Dana Whitfield","2/1/2026","2/28/2026","ALL","ALL","ALL","ALL","8/7/2026 3:00:58 PM","True","ALL"
"Out-of-Area","","","397197","(555)555-0036","","","","",",","","2/2/2026","","BD","0","0","Data","Magazine","Nash","","Magazine, The Home Mag","TheHomeMag","BD","Data-Data Only - No Appt","1","0","Bad Data","0.0000","0.0000","","","Dana Whitfield","2/1/2026","2/28/2026","ALL","ALL","ALL","ALL","8/7/2026 3:00:58 PM","True","ALL"
"Out-of-Area","","","397203","(555)555-0037","","","","",",","","2/2/2026","","AM","0","0","Data","Iheart","","","","Simpletext","AM","Data-Data Only - No Appt","28","0","Answering Machine","0.0000","0.0000","","","Dana Whitfield","2/1/2026","2/28/2026","ALL","ALL","ALL","ALL","8/7/2026 3:00:58 PM","True","ALL"
"Out-of-Area","","","397227","(555)555-0038","","","","",",","","2/2/2026","","NA","0","0","Data","Iheart","","","","Simpletext","NA","Data-Data Only - No Appt","24","0","No Answer","0.0000","0.0000","","","Dana Whitfield","2/1/2026","2/28/2026","ALL","ALL","ALL","ALL","8/7/2026 3:00:58 PM","True","ALL"
"Out-of-Area","","","397254","(555)555-0039","","","","",",","","2/2/2026","","HU","0","0","Data","Internet","Nash","","Internet, Googgle PPC Windows","Google PPC Windows","HU","Data-Data Only - No Appt","18","0","Hung Up","0.0000","0.0000","","","Dana Whitfield","2/1/2026","2/28/2026","ALL","ALL","ALL","ALL","8/7/2026 3:00:58 PM","True","ALL"
"Out-of-Area","","","397256","(555)555-0040","","","","",",","","2/2/2026","","DNC","0","0","Data","Iheart","","","","Simpletext","DNC","Data-Data Only - No Appt","9","0","Asked DNC","0.0000","0.0000","","","Dana Whitfield","2/1/2026","2/28/2026","ALL","ALL","ALL","ALL","8/7/2026 3:00:58 PM","True","ALL"
"Out-of-Area","","","397257","(555)555-0041","","","","",",","","2/2/2026","","AM","0","0","Data","Iheart","","","","Simpletext","AM","Data-Data Only - No Appt","26","0","Answering Machine","0.0000","0.0000","","","Dana Whitfield","2/1/2026","2/28/2026","ALL","ALL","ALL","ALL","8/7/2026 3:00:58 PM","True","ALL"
"Out-of-Area","","","397259","(555)555-0042","","","","",",","","2/2/2026","","AM","0","0","Data","Iheart","","","","Simpletext","AM","Data-Data Only - No Appt","18","0","Answering Machine","0.0000","0.0000","","","Dana Whitfield","2/1/2026","2/28/2026","ALL","ALL","ALL","ALL","8/7/2026 3:00:58 PM","True","ALL"
"Out-of-Area","Surname0043","Given0043","397022","(555)555-0043","143 Example St","City0003","FL","32905","City0003, FL  32905","","2/2/2026","","OOA","0","0","DNC","Iheart","","","","Simpletext","OOA","DNC-Do Not Call","2","0","Out of Area","0.0000","0.0000","","","Dana Whitfield","2/1/2026","2/28/2026","ALL","ALL","ALL","ALL","8/7/2026 3:00:58 PM","True","ALL"
"Out-of-Area","Surname0044","Given0044","397035","(555)555-0044","144 Example St","City0004","FL","32064","City0004, FL  32064","","2/2/2026","","BM","0","0","CXL","Affiliates","Nash","","Affiliate, MVP Marketing","MVP Marketing","BM","CXL-Cancelled Appointment","2","0","Below Minimum","0.0000","0.0000","2/7/2026 10:00:00 AM","","Dana Whitfield","2/1/2026","2/28/2026","ALL","ALL","ALL","ALL","8/7/2026 3:00:58 PM","True","ALL"
"Out-of-Area","Surname0045","Given0045","397297","(555)555-0045","145 Example St","City0005","FL","34448","City0005, FL  34448","","2/2/2026","Roof","","0","0","CXL","Affiliates","","","Affiliate, LeadPilot","LeadPilot","","CXL-Cancelled Appointment","0","0","","0.0000","0.0000","2/3/2026 10:00:00 AM","","Dana Whitfield","2/1/2026","2/28/2026","ALL","ALL","ALL","ALL","8/7/2026 3:00:58 PM","True","ALL"
"Out-of-Area","Surname0046","Given0046","396944","(555)555-0046","","","","",",","person0046@example.com","2/2/2026","","OOA","0","0","DNC","Internet","Nash","","Internet, Chat (REECE WEBSITE)","Chat (REECE WEBSITE)","OOA","DNC-Do Not Call","3","0","Out of Area","0.0000","0.0000","","","Dana Whitfield","2/1/2026","2/28/2026","ALL","ALL","ALL","ALL","8/7/2026 3:00:58 PM","True","ALL"
"Out-of-Area","Surname0047","Given0047","287069","(555)555-0047","147 Example St","City0006","FL","34231","City0006, FL  34231","person0047@example.com","2/2/2026","","Verif","0","0","Data","Internet","","","Internet, Chat (REECE WEBSITE)","Chat (REECE WEBSITE)","Verif","Data-Data Only - No Appt","2","0","Verified","0.0000","0.0000","","","Dana Whitfield","2/1/2026","2/28/2026","ALL","ALL","ALL","ALL","8/7/2026 3:00:58 PM","True","ALL"
"Out-of-Area","Surname0048","Given0048","397067","(555)555-0048","148 Example St","City0007","FL","32955","City0007, FL  32955","person0048@example.com","2/2/2026","Win","NA","0","0","Data","Internet","","","Internet, Lead Gurus","Lead Gurus","NA","Data-Data Only - No Appt","27","0","No Answer","0.0000","0.0000","","","Dana Whitfield","2/1/2026","2/28/2026","ALL","ALL","ALL","ALL","8/7/2026 3:00:58 PM","True","ALL"
"Out-of-Area","Surname0049","Given0049","120859","(555)555-0049","149 Example St","City0008","FL","33948","City0008, FL  33948","person0049@example.com","2/2/2026","","AM","0","0","Set","Canvass","","","Wilcox, Dylan - FTM","Canvass","AM","Set-Appointment Date Set","31","0","Answering Machine","0.0000","0.0000","2/3/2026 10:00:00 AM","","Dana Whitfield","2/1/2026","2/28/2026","ALL","ALL","ALL","ALL","8/7/2026 3:00:58 PM","True","ALL"
"Out-of-Area","Surname0050","Given0050","397160","(555)555-0050","","","","",",","","2/2/2026","","AM","0","0","Data","Internet","","","Internet, Chat (REECE WEBSITE)","Chat (REECE WEBSITE)","AM","Data-Data Only - No Appt","25","0","Answering Machine","0.0000","0.0000","","","Dana Whitfield","2/1/2026","2/28/2026","ALL","ALL","ALL","ALL","8/7/2026 3:00:58 PM","True","ALL"
"Out-of-Area","Surname0051","Given0051","397028","(555)555-0051","","City0009","FL","34433","City0009, FL  34433","person0051@example.com","2/2/2026","","OS","0","0","Data","Internet","","","Internet, Lead Gurus","Lead Gurus","OS","Data-Data Only - No Appt","1","0","Can't Do Project","0.0000","0.0000","","","Dana Whitfield","2/1/2026","2/28/2026","ALL","ALL","ALL","ALL","8/7/2026 3:00:58 PM","True","ALL"
"Out-of-Area","Surname0052","Given0052","397090","(555)555-0052","152 Example St","City0010","FL","33615","City0010, FL  33615","","2/2/2026","Roof","OOA","0","0","CXL","Affiliates","STPET","","Affiliate, LeadPilot","LeadPilot","OOA","CXL-Cancelled Appointment","2","0","Out of Area","0.0000","0.0000","2/3/2026 6:00:00 PM","","Dana Whitfield","2/1/2026","2/28/2026","ALL","ALL","ALL","ALL","8/7/2026 3:00:58 PM","True","ALL"
"Out-of-Area","Surname0053","Given0053","397225","(555)555-0053","","","","",",","","2/2/2026","","HU","0","0","Data","Iheart","","","","Simpletext","HU","Data-Data Only - No Appt","23","0","Hung Up","0.0000","0.0000","","","Dana Whitfield","2/1/2026","2/28/2026","ALL","ALL","ALL","ALL","8/7/2026 3:00:58 PM","True","ALL"
"Out-of-Area","Surname0054","Given0054","397345","(555)555-0054","154 Example St","City0011","FL","32668","City0011, FL  32668","person0054@example.com","2/2/2026","Win","NA","0","0","Data","Internet","","","Internet, Lead Gurus","Lead Gurus","NA","Data-Data Only - No Appt","22","0","No Answer","0.0000","0.0000","","","Dana Whitfield","2/1/2026","2/28/2026","ALL","ALL","ALL","ALL","8/7/2026 3:00:58 PM","True","ALL"
"Out-of-Area","Surname0055","Given0055","397013","(555)555-0055","155 Example St","City0012","FL","34951","City0012, FL  34951","","2/2/2026","Door","BD","0","0","Data","Internet","Nash","","Internet, Googgle PPC Windows","Google PPC Windows","BD","Data-Data Only - No Appt","2","0","Bad Data","0.0000","0.0000","","","Dana Whitfield","2/1/2026","2/28/2026","ALL","ALL","ALL","ALL","8/7/2026 3:00:58 PM","True","ALL"
"Out-of-Area","Surname0056","Given0056","258548","(555)555-0056","156 Example St","City0013","FL","33928","City0013, FL  33928","person0056@example.com","2/2/2026","","NA","0","0","Data","Internet","","","Internet, Lead Gurus","Lead Gurus","NA","Data-Data Only - No Appt","2","0","No Answer","0.0000","0.0000","","","Dana Whitfield","2/1/2026","2/28/2026","ALL","ALL","ALL","ALL","8/7/2026 3:00:58 PM","True","ALL"
"Out-of-Area","","","397370","(555)555-0057","","","","",",","","2/3/2026","","DNC","0","0","Data","Internet","Nash","","Internet, Googgle PPC Windows","Google PPC Windows","DNC","Data-Data Only - No Appt","1","0","Asked DNC","0.0000","0.0000","","","Dana Whitfield","2/1/2026","2/28/2026","ALL","ALL","ALL","ALL","8/7/2026 3:00:58 PM","True","ALL"
"Out-of-Area","","","397384","(555)555-0058","","","","",",","","2/3/2026","","AM","0","0","Data","Iheart","","","","Simpletext","AM","Data-Data Only - No Appt","35","0","Answering Machine","0.0000","0.0000","","","Dana Whitfield","2/1/2026","2/28/2026","ALL","ALL","ALL","ALL","8/7/2026 3:00:58 PM","True","ALL"
"Out-of-Area","","","397382","(555)555-0059","","","","",",","","2/3/2026","","DNC","0","0","Data","Internet","Nash","","Internet, Googgle PPC Windows","Google PPC Windows","DNC","Data-Data Only - No Appt","1","0","Asked DNC","0.0000","0.0000","","","Dana Whitfield","2/1/2026","2/28/2026","ALL","ALL","ALL","ALL","8/7/2026 3:00:58 PM","True","ALL"
"Out-of-Area","","Given0060","397413","(555)555-0060","","","","",",","","2/3/2026","","NI","0","0","Data","Canvass Sticky","Nash","","Canvasser Tampa, New","Canvass Sticky","NI","Data-Data Only - No Appt","1","0","No Interest Now","0.0000","0.0000","","","Dana Whitfield","2/1/2026","2/28/2026","ALL","ALL","ALL","ALL","8/7/2026 3:00:58 PM","True","ALL"
"Out-of-Area","","","397439","(555)555-0061","","","","",",","","2/3/2026","","AM","0","0","Data","Iheart","","","","Simpletext","AM","Data-Data Only - No Appt","32","0","Answering Machine","0.0000","0.0000","","","Dana Whitfield","2/1/2026","2/28/2026","ALL","ALL","ALL","ALL","8/7/2026 3:00:58 PM","True","ALL"
"Out-of-Area","","","397444","(555)555-0062","","","","",",","","2/3/2026","","NA","0","0","Data","Iheart","","","","Simpletext","NA","Data-Data Only - No Appt","34","0","No Answer","0.0000","0.0000","","","Dana Whitfield","2/1/2026","2/28/2026","ALL","ALL","ALL","ALL","8/7/2026 3:00:58 PM","True","ALL"
"Out-of-Area","","","397447","(555)555-0063","","","","",",","","2/3/2026","","AM","0","0","Data","Iheart","","","","Simpletext","AM","Data-Data Only - No Appt","33","0","Answering Machine","0.0000","0.0000","","","Dana Whitfield","2/1/2026","2/28/2026","ALL","ALL","ALL","ALL","8/7/2026 3:00:58 PM","True","ALL"
"Out-of-Area","","Given0064","397456","(555)555-0064","","","","",",","","2/3/2026","","NA","0","0","Data","Iheart","","","","Simpletext","NA","Data-Data Only - No Appt","36","0","No Answer","0.0000","0.0000","","","Dana Whitfield","2/1/2026","2/28/2026","ALL","ALL","ALL","ALL","8/7/2026 3:00:58 PM","True","ALL"
"Out-of-Area","","Given0065","397474","(555)555-0065","","","","",",","","2/3/2026","","DNC","0","0","Data","Internet","","","Internet, Googgle PPC Windows","Google PPC Windows","DNC","Data-Data Only - No Appt","1","0","Asked DNC","0.0000","0.0000","","","Dana Whitfield","2/1/2026","2/28/2026","ALL","ALL","ALL","ALL","8/7/2026 3:00:58 PM","True","ALL"
"Out-of-Area","","Given0066","397487","(555)555-0066","","","","",",","","2/3/2026","","NA","0","0","Data","Iheart","","","","Simpletext","NA","Data-Data Only - No Appt","36","0","No Answer","0.0000","0.0000","","","Dana Whitfield","2/1/2026","2/28/2026","ALL","ALL","ALL","ALL","8/7/2026 3:00:58 PM","True","ALL"
"Out-of-Area","","","397494","(555)555-0067","","","","",",","","2/3/2026","","RMH","0","0","Data","Iheart","","","","Simpletext","RMH","Data-Data Only - No Appt","8","0","Renter/Mobile Home","0.0000","0.0000","","","Dana Whitfield","2/1/2026","2/28/2026","ALL","ALL","ALL","ALL","8/7/2026 3:00:58 PM","True","ALL"
"Out-of-Area","","Given0068","397495","(555)555-0068","168 Example St","","","19096",",     19096","","2/3/2026","","OS","0","0","Data","Iheart","","","","Simpletext","OS","Data-Data Only - No Appt","28","0","Can't Do Project","0.0000","0.0000","","","Dana Whitfield","2/1/2026","2/28/2026","ALL","ALL","ALL","ALL","8/7/2026 3:00:58 PM","True","ALL"
"Out-of-Area","","Given0069","397321","(555)555-0069","","","","",",","","2/3/2026","","NA","0","0","Data","Iheart","","","","Simpletext","NA","Data-Data Only - No Appt","24","0","No Answer","0.0000","0.0000","","","Dana Whitfield","2/1/2026","2/28/2026","ALL","ALL","ALL","ALL","8/7/2026 3:00:58 PM","True","ALL"
"Superseded","","","393313","(555)555-0070","","","","",",","","2/3/2026","","","0","","Data","Iheart","","","","Simpletext","","Data-Data Only - No Appt","0","1","","0.0000","0.0000","","","Dana Whitfield","2/1/2026","2/28/2026","ALL","ALL","ALL","ALL","8/7/2026 3:00:58 PM","True","ALL"
"Out-of-Area","","Given0071","397545","(555)555-0071","","","","",",","","2/3/2026","","NA","0","0","Data","Iheart","","","","Simpletext","NA","Data-Data Only - No Appt","33","0","No Answer","0.0000","0.0000","","","Dana Whitfield","2/1/2026","2/28/2026","ALL","ALL","ALL","ALL","8/7/2026 3:00:58 PM","True","ALL"
"Out-of-Area","","","397553","(555)555-0072","","","","",",","","2/3/2026","","NI","0","0","Data","Iheart","","","","Simpletext","NI","Data-Data Only - No Appt","2","0","No Interest Now","0.0000","0.0000","","","Dana Whitfield","2/1/2026","2/28/2026","ALL","ALL","ALL","ALL","8/7/2026 3:00:58 PM","True","ALL"
"Out-of-Area","","","397554","(555)555-0073","","","","",",","","2/3/2026","","AM","0","0","Data","Iheart","","","","Simpletext","AM","Data-Data Only - No Appt","31","0","Answering Machine","0.0000","0.0000","","","Dana Whitfield","2/1/2026","2/28/2026","ALL","ALL","ALL","ALL","8/7/2026 3:00:58 PM","True","ALL"
"Out-of-Area","","Given0074","397555","(555)555-0074","","","","",",","","2/3/2026","","NA","0","0","Data","Iheart","","","","Simpletext","NA","Data-Data Only - No Appt","33","0","No Answer","0.0000","0.0000","","","Dana Whitfield","2/1/2026","2/28/2026","ALL","ALL","ALL","ALL","8/7/2026 3:00:58 PM","True","ALL"
"Out-of-Area","","","397556","(555)555-0075","","","","",",","","2/3/2026","","HU","0","0","Data","Iheart","","","","Simpletext","HU","Data-Data Only - No Appt","28","0","Hung Up","0.0000","0.0000","","","Dana Whitfield","2/1/2026","2/28/2026","ALL","ALL","ALL","ALL","8/7/2026 3:00:58 PM","True","ALL"
"Out-of-Area","","","397557","(555)555-0076","","","","",",","","2/3/2026","","AM","0","0","Data","Iheart","","","","Simpletext","AM","Data-Data Only - No Appt","21","0","Answering Machine","0.0000","0.0000","","","Dana Whitfield","2/1/2026","2/28/2026","ALL","ALL","ALL","ALL","8/7/2026 3:00:58 PM","True","ALL"
"Out-of-Area","","","397558","","","","","",",","","2/3/2026","","AM","1","26","Data","Iheart","","","","Simpletext","AM","Data-Data Only - No Appt","16","0","Answering Machine","0.0000","0.0000","","","Dana Whitfield","2/1/2026","2/28/2026","ALL","ALL","ALL","ALL","8/7/2026 3:00:58 PM","True","ALL"
"Out-of-Area","","Given0078","397559","(555)555-0078","","","","",",","","2/3/2026","","NA","0","0","Data","Iheart","","","","Simpletext","NA","Data-Data Only - No Appt","34","0","No Answer","0.0000","0.0000","","","Dana Whitfield","2/1/2026","2/28/2026","ALL","ALL","ALL","ALL","8/7/2026 3:00:58 PM","True","ALL"
"Out-of-Area","","Given0079","397573","(555)555-0079","","","","",",","","2/3/2026","","NA","0","0","Data","Iheart","","","","Simpletext","NA","Data-Data Only - No Appt","35","0","No Answer","0.0000","0.0000","","","Dana Whitfield","2/1/2026","2/28/2026","ALL","ALL","ALL","ALL","8/7/2026 3:00:58 PM","True","ALL"
"Out-of-Area","","Given0080","397610","(555)555-0080","","","","",",","","2/3/2026","","AM","0","0","Data","Iheart","","","","Simpletext","AM","Data-Data Only - No Appt","29","0","Answering Machine","0.0000","0.0000","","","Dana Whitfield","2/1/2026","2/28/2026","ALL","ALL","ALL","ALL","8/7/2026 3:00:58 PM","True","ALL"
"Out-of-Area","","Given0081","397611","(555)555-0081","","","","",",","","2/3/2026","","DNC","0","0","Data","Iheart","","","","Simpletext","DNC","Data-Data Only - No Appt","24","0","Asked DNC","0.0000","0.0000","","","Dana Whitfield","2/1/2026","2/28/2026","ALL","ALL","ALL","ALL","8/7/2026 3:00:58 PM","True","ALL"
"Out-of-Area","","Given0082","397612","(555)555-0082","","","","",",","","2/3/2026","","NI","0","0","Data","Iheart","","","","Simpletext","NI","Data-Data Only - No Appt","10","0","No Interest Now","0.0000","0.0000","","","Dana Whitfield","2/1/2026","2/28/2026","ALL","ALL","ALL","ALL","8/7/2026 3:00:58 PM","True","ALL"
"Out-of-Area","","","397675","(555)555-0083","","","","",",","","2/3/2026","","AM","0","0","Data","Iheart","","","","Simpletext","AM","Data-Data Only - No Appt","29","0","Answering Machine","0.0000","0.0000","","","Dana Whitfield","2/1/2026","2/28/2026","ALL","ALL","ALL","ALL","8/7/2026 3:00:58 PM","True","ALL"
"Out-of-Area","","Given0084","397676","(555)555-0084","","","","",",","","2/3/2026","","AM","0","0","Data","Iheart","","","","Simpletext","AM","Data-Data Only - No Appt","30","0","Answering Machine","0.0000","0.0000","","","Dana Whitfield","2/1/2026","2/28/2026","ALL","ALL","ALL","ALL","8/7/2026 3:00:58 PM","True","ALL"
"Out-of-Area","","","397729","(555)555-0085","","","","",",","","2/3/2026","","AM","0","0","Data","Iheart","","","","Simpletext","AM","Data-Data Only - No Appt","27","0","Answering Machine","0.0000","0.0000","","","Dana Whitfield","2/1/2026","2/28/2026","ALL","ALL","ALL","ALL","8/7/2026 3:00:58 PM","True","ALL"
"Out-of-Area","Surname0086","Given0086","397347","(555)555-0086","","City0014","FL","32141","City0014, FL  32141","person0086@example.com","2/3/2026","Win","NA","0","0","Data","Internet","Nash","","Internet, Lead Gurus","Lead Gurus","NA","Data-Data Only - No Appt","28","0","No Answer","0.0000","0.0000","","","Dana Whitfield","2/1/2026","2/28/2026","ALL","ALL","ALL","ALL","8/7/2026 3:00:58 PM","True","ALL"
"Out-of-Area","Surname0087","Given0087","397633","(555)555-0087","","City0003","FL","32909","City0003, FL  32909","person0087@example.com","2/3/2026","","OOA","0","0","Data","Internet","","","Internet, Lead Gurus","Lead Gurus","OOA","Data-Data Only - No Appt","5","0","Out of Area","0.0000","0.0000","","","Dana Whitfield","2/1/2026","2/28/2026","ALL","ALL","ALL","ALL","8/7/2026 3:00:58 PM","True","ALL"
"Out-of-Area","Surname0088","Given0088","350850","(555)555-0088","188 Example St","City0015","FL","33909","City0015, FL  33909","person0088@example.com","2/3/2026","","DNC","0","0","Data","Internet","","","Internet, Chat (REECE WEBSITE)","Chat (REECE WEBSITE)","DNC","Data-Data Only - No Appt","3","0","Asked DNC","0.0000","0.0000","","","Dana Whitfield","2/1/2026","2/28/2026","ALL","ALL","ALL","ALL","8/7/2026 3:00:58 PM","True","ALL"
"Out-of-Area","Surname0089","Given0089","397536","(555)555-0089","189 Example St","City0016","FL","32408","City0016, FL  32408","","2/3/2026","","","0","0","Data","Affiliates","Nash","","Affiliate, LeadPilot","LeadPilot","","Data-Data Only - No Appt","0","0","","0.0000","0.0000","","","Dana Whitfield","2/1/2026","2/28/2026","ALL","ALL","ALL","ALL","8/7/2026 3:00:58 PM","True","ALL"
"Out-of-Area","Surname0090","Given0090","397728","(555)555-0090","190 Example St","City0012","FL","34949","City0012, FL  34949","person0090@example.com","2/3/2026","Win","COMP","0","0","Data","Internet","","","Internet, Lead Gurus","Lead Gurus","COMP","Data-Data Only - No Appt","22","0","Bought Competition","0.0000","0.0000","","","Dana Whitfield","2/1/2026","2/28/2026","ALL","ALL","ALL","ALL","8/7/2026 3:00:58 PM","True","ALL"
"Out-of-Area","Surname0091","Given0091","397623","(555)555-0091","","City0017","FL","32440","City0017, FL  32440","person0091@example.com","2/3/2026","","AM","0","0","Data","Internet","","","Internet, Lead Gurus","Lead Gurus","AM","Data-Data Only - No Appt","31","0","Answering Machine","0.0000","0.0000","","","Dana Whitfield","2/1/2026","2/28/2026","ALL","ALL","ALL","ALL","8/7/2026 3:00:58 PM","True","ALL"
"Out-of-Area","Surname0092","Given0092","352049","(555)555-0092","192 Example St","City0018","FL","34207","City0018, FL  34207","person0092@example.com","2/3/2026","","","0","0","Data","Iheart","","","","Simpletext","","Data-Data Only - No Appt","0","0","","0.0000","0.0000","","","Dana Whitfield","2/1/2026","2/28/2026","ALL","ALL","ALL","ALL","8/7/2026 3:00:58 PM","True","ALL"
"Out-of-Area","Surname0093","Given0093","397547","(555)555-0093","","","","32327",",     32327","person0093@example.com","2/3/2026","","HU","0","0","Data","Website","","","Internet, Socius Marketing","Google","HU","Data-Data Only - No Appt","4","0","Hung Up","0.0000","0.0000","","","Dana Whitfield","2/1/2026","2/28/2026","ALL","ALL","ALL","ALL","8/7/2026 3:00:58 PM","True","ALL"
"Out-of-Area","Surname0094","Given0094","397499","","194 Example St","City0019","FL","32828","City0019, FL  32828","","2/3/2026","Roof","","4","","CXL","Affiliates","ORL","","Affiliate, LeadPilot","LeadPilot","","CXL-Cancelled Appointment","0","0","","0.0000","0.0000","2/4/2026 10:00:00 AM","","Dana Whitfield","2/1/2026","2/28/2026","ALL","ALL","ALL","ALL","8/7/2026 3:00:58 PM","True","ALL"
"Out-of-Area","Surname0095","Given0095","397394","","","","nu","",", nu","person0095@example.com","2/3/2026","","","1","26","Data","Internet","","","Internet, Chat (REECE WEBSITE)","Chat (REECE WEBSITE)","","Data-Data Only - No Appt","0","0","","0.0000","0.0000","","","Dana Whitfield","2/1/2026","2/28/2026","ALL","ALL","ALL","ALL","8/7/2026 3:00:58 PM","True","ALL"
"Out-of-Area","Surname0096","Given0096","397433","","","","nu","",", nu","person0096@example.com","2/3/2026","","","1","26","Data","Internet","","","Internet, Chat (REECE WEBSITE)","Chat (REECE WEBSITE)","","Data-Data Only - No Appt","0","0","","0.0000","0.0000","","","Dana Whitfield","2/1/2026","2/28/2026","ALL","ALL","ALL","ALL","8/7/2026 3:00:58 PM","True","ALL"
"Out-of-Area","Surname0097","Given0097","397602","(555)555-0097","","","nu","",", nu","","2/3/2026","","AM","0","0","Data","Internet","","","Internet, Chat (REECE WEBSITE)","Chat (REECE WEBSITE)","AM","Data-Data Only - No Appt","24","0","Answering Machine","0.0000","0.0000","","","Dana Whitfield","2/1/2026","2/28/2026","ALL","ALL","ALL","ALL","8/7/2026 3:00:58 PM","True","ALL"
"Out-of-Area","Surname0098","Given0098","397707","(555)555-0098","","","nu","",", nu","","2/3/2026","","","0","0","Data","Internet","","","Internet, Chat (REECE WEBSITE)","Chat (REECE WEBSITE)","","Data-Data Only - No Appt","0","0","","0.0000","0.0000","","","Dana Whitfield","2/1/2026","2/28/2026","ALL","ALL","ALL","ALL","8/7/2026 3:00:58 PM","True","ALL"
"Out-of-Area","Surname0099","Given0099","397685","(555)555-0099","","","nu","",", nu","person0099@example.com","2/3/2026","","AM","0","0","Data","Internet","","","Internet, Chat (REECE WEBSITE)","Chat (REECE WEBSITE)","AM","Data-Data Only - No Appt","27","0","Answering Machine","0.0000","0.0000","","","Dana Whitfield","2/1/2026","2/28/2026","ALL","ALL","ALL","ALL","8/7/2026 3:00:58 PM","True","ALL"
"Superseded","Surname0100","Given0100","397489","(555)555-0100","","","","",",","person0100@example.com","2/3/2026","","RMH","0","0","Data","Internet","","","Internet, Chat (REECE WEBSITE)","Chat (REECE WEBSITE)","RMH","Data-Data Only - No Appt","2","1","Renter/Mobile Home","0.0000","0.0000","","","Dana Whitfield","2/1/2026","2/28/2026","ALL","ALL","ALL","ALL","8/7/2026 3:00:58 PM","True","ALL"
"Out-of-Area","Surname0101","Given0101","397357","","","","","",",","person0101@example.com","2/3/2026","","","1","26","Data","Internet","","","Internet, Chat (REECE WEBSITE)","Chat (REECE WEBSITE)","","Data-Data Only - No Appt","0","0","","0.0000","0.0000","","","Dana Whitfield","2/1/2026","2/28/2026","ALL","ALL","ALL","ALL","8/7/2026 3:00:58 PM","True","ALL"
"Out-of-Area","Surname0102","Given0102","397507","","202 Example St","City0020","FL","33569","City0020, FL  33569","","2/3/2026","Roof","","4","","CXL","Affiliates","STPET","","Affiliate, LeadPilot","LeadPilot","","CXL-Cancelled Appointment","0","0","","0.0000","0.0000","2/4/2026 2:00:00 PM","","Dana Whitfield","2/1/2026","2/28/2026","ALL","ALL","ALL","ALL","8/7/2026 3:00:58 PM","True","ALL"
"Out-of-Area","Surname0103","Given0103","378202","(555)555-0103","203 Example St","City0018","FL","34212","City0018, FL  34212","person0103@example.com","2/3/2026","","NA","1","26","Data","Iheart","","","","Simpletext","NA","Data-Data Only - No Appt","38","0","No Answer","0.0000","0.0000","","","Dana Whitfield","2/1/2026","2/28/2026","ALL","ALL","ALL","ALL","8/7/2026 3:00:58 PM","True","ALL"
"Out-of-Area","Surname0104","Given0104","397596","(555)555-0104","204 Example St","City0021","FL","32620","City0022, FL  32620","","2/3/2026","Win","NA","0","0","CXL","Affiliates","","","Affiliate, MVP Marketing","MVP Marketing","NA","CXL-Cancelled Appointment","7","0","No Answer","0.0000","0.0000","2/4/2026 2:00:00 AM","","Dana Whitfield","2/1/2026","2/28/2026","ALL","ALL","ALL","ALL","8/7/2026 3:00:58 PM","True","ALL"
"Out-of-Area","","","397969","(555)555-0105","","","","",",","","2/4/2026","","NA","0","0","Data","Iheart","","","","Simpletext","NA","Data-Data Only - No Appt","25","0","No Answer","0.0000","0.0000","","","Dana Whitfield","2/1/2026","2/28/2026","ALL","ALL","ALL","ALL","8/7/2026 3:00:58 PM","True","ALL"
"Out-of-Area","","","397973","(555)555-0106","","","","",",","","2/4/2026","","AM","0","0","Data","Iheart","","","","Simpletext","AM","Data-Data Only - No Appt","21","0","Answering Machine","0.0000","0.0000","","","Dana Whitfield","2/1/2026","2/28/2026","ALL","ALL","ALL","ALL","8/7/2026 3:00:58 PM","True","ALL"
"Out-of-Area","","","397973","(555)555-0107","","","","",",","","2/4/2026","","AM","0","0","Data","Iheart","","","","Simpletext","AM","Data-Data Only - No Appt","21","0","Answering Machine","0.0000","0.0000","","","Dana Whitfield","2/1/2026","2/28/2026","ALL","ALL","ALL","ALL","8/7/2026 3:00:58 PM","True","ALL"
"Out-of-Area","","","397985","(555)555-0108","","","","",",","","2/4/2026","","NI","0","0","Data","Iheart","","","","Simpletext","NI","Data-Data Only - No Appt","3","0","No Interest Now","0.0000","0.0000","","","Dana Whitfield","2/1/2026","2/28/2026","ALL","ALL","ALL","ALL","8/7/2026 3:00:58 PM","True","ALL"
"Out-of-Area","","Given0109","397989","(555)555-0109","","","","",",","","2/4/2026","","NA","0","0","Data","Iheart","","","","Simpletext","NA","Data-Data Only - No Appt","35","0","No Answer","0.0000","0.0000","","","Dana Whitfield","2/1/2026","2/28/2026","ALL","ALL","ALL","ALL","8/7/2026 3:00:58 PM","True","ALL"
"Out-of-Area","","","397996","(555)555-0110","","","","",",","","2/4/2026","","DNC","0","0","Data","Iheart","","","","Simpletext","DNC","Data-Data Only - No Appt","8","0","Asked DNC","0.0000","0.0000","","","Dana Whitfield","2/1/2026","2/28/2026","ALL","ALL","ALL","ALL","8/7/2026 3:00:58 PM","True","ALL"
"Out-of-Area","","Given0111","397997","(555)555-0111","","","","",",","","2/4/2026","","NA","0","0","Data","Iheart","","","","Simpletext","NA","Data-Data Only - No Appt","34","0","No Answer","0.0000","0.0000","","","Dana Whitfield","2/1/2026","2/28/2026","ALL","ALL","ALL","ALL","8/7/2026 3:00:58 PM","True","ALL"
"Out-of-Area","","","397998","(555)555-0112","","","","",",","","2/4/2026","","AM","0","0","Data","Iheart","","","","Simpletext","AM","Data-Data Only - No Appt","25","0","Answering Machine","0.0000","0.0000","","","Dana Whitfield","2/1/2026","2/28/2026","ALL","ALL","ALL","ALL","8/7/2026 3:00:58 PM","True","ALL"
"Out-of-Area","","Given0113","397999","(555)555-0113","","","","",",","","2/4/2026","","NA","0","0","Data","Iheart","","","","Simpletext","NA","Data-Data Only - No Appt","33","0","No Answer","0.0000","0.0000","","","Dana Whitfield","2/1/2026","2/28/2026","ALL","ALL","ALL","ALL","8/7/2026 3:00:58 PM","True","ALL"
"Out-of-Area","","","398000","(555)555-0114","","","","",",","","2/4/2026","","BD","0","0","Data","Iheart","","","","Simpletext","BD","Data-Data Only - No Appt","16","0","Bad Data","0.0000","0.0000","","","Dana Whitfield","2/1/2026","2/28/2026","ALL","ALL","ALL","ALL","8/7/2026 3:00:58 PM","True","ALL"
"Out-of-Area","","Given0115","398001","(555)555-0115","","","","",",","","2/4/2026","","NA","0","0","Data","Iheart","","","","Simpletext","NA","Data-Data Only - No Appt","36","0","No Answer","0.0000","0.0000","","","Dana Whitfield","2/1/2026","2/28/2026","ALL","ALL","ALL","ALL","8/7/2026 3:00:58 PM","True","ALL"
"Out-of-Area","","","398002","(555)555-0116","","","","",",","","2/4/2026","","NA","0","0","Data","Iheart","","","","Simpletext","NA","Data-Data Only - No Appt","31","0","No Answer","0.0000","0.0000","","","Dana Whitfield","2/1/2026","2/28/2026","ALL","ALL","ALL","ALL","8/7/2026 3:00:58 PM","True","ALL"
"Out-of-Area","","","398003","(555)555-0117","","","","",",","","2/4/2026","","DNC","0","0","Data","Iheart","","","","Simpletext","DNC","Data-Data Only - No Appt","8","0","Asked DNC","0.0000","0.0000","","","Dana Whitfield","2/1/2026","2/28/2026","ALL","ALL","ALL","ALL","8/7/2026 3:00:58 PM","True","ALL"
"Out-of-Area","","","398004","(555)555-0118","","","","",",","","2/4/2026","","DNC","0","0","Data","Iheart","","","","Simpletext","DNC","Data-Data Only - No Appt","24","0","Asked DNC","0.0000","0.0000","","","Dana Whitfield","2/1/2026","2/28/2026","ALL","ALL","ALL","ALL","8/7/2026 3:00:58 PM","True","ALL"
"Out-of-Area","","","398005","(555)555-0119","","","","",",","","2/4/2026","","AM","0","0","Data","Iheart","","","","Simpletext","AM","Data-Data Only - No Appt","30","0","Answering Machine","0.0000","0.0000","","","Dana Whitfield","2/1/2026","2/28/2026","ALL","ALL","ALL","ALL","8/7/2026 3:00:58 PM","True","ALL"
"Out-of-Area","","","398006","(555)555-0120","","","","",",","","2/4/2026","","AM","0","0","Data","Iheart","","","","Simpletext","AM","Data-Data Only - No Appt","30","0","Answering Machine","0.0000","0.0000","","","Dana Whitfield","2/1/2026","2/28/2026","ALL","ALL","ALL","ALL","8/7/2026 3:00:58 PM","True","ALL"
"Out-of-Area","","Given0121","398007","(555)555-0121","","","","",",","","2/4/2026","","OS","0","0","Data","Iheart","","","","Simpletext","OS","Data-Data Only - No Appt","27","0","Can't Do Project","0.0000","0.0000","","","Dana Whitfield","2/1/2026","2/28/2026","ALL","ALL","ALL","ALL","8/7/2026 3:00:58 PM","True","ALL"
"Superseded","","","398009","(555)555-0122","","","","",",","","2/4/2026","","DNC","0","0","Data","Iheart","","","","Simpletext","DNC","Data-Data Only - No Appt","29","1","Asked DNC","0.0000","0.0000","","","Dana Whitfield","2/1/2026","2/28/2026","ALL","ALL","ALL","ALL","8/7/2026 3:00:58 PM","True","ALL"
"Out-of-Area","","","398010","(555)555-0123","","","","",",","","2/4/2026","","NI","0","0","Data","Iheart","","","","Simpletext","NI","Data-Data Only - No Appt","9","0","No Interest Now","0.0000","0.0000","","","Dana Whitfield","2/1/2026","2/28/2026","ALL","ALL","ALL","ALL","8/7/2026 3:00:58 PM","True","ALL"
"Out-of-Area","","Given0124","398011","(555)555-0124","","","","",",","","2/4/2026","Win","NA","0","0","Data","Iheart","","","","Simpletext","NA","Data-Data Only - No Appt","36","0","No Answer","0.0000","0.0000","","","Dana Whitfield","2/1/2026","2/28/2026","ALL","ALL","ALL","ALL","8/7/2026 3:00:58 PM","True","ALL"
"Out-of-Area","","Given0125","398012","(555)555-0125","","","","",",","","2/4/2026","","NA","0","0","Data","Iheart","","","","Simpletext","NA","Data-Data Only - No Appt","24","0","No Answer","0.0000","0.0000","","","Dana Whitfield","2/1/2026","2/28/2026","ALL","ALL","ALL","ALL","8/7/2026 3:00:58 PM","True","ALL"
"Out-of-Area","","Given0126","398013","(555)555-0126","","","","",",","","2/4/2026","","NA","0","0","Data","Iheart","","","","Simpletext","NA","Data-Data Only - No Appt","33","0","No Answer","0.0000","0.0000","","","Dana Whitfield","2/1/2026","2/28/2026","ALL","ALL","ALL","ALL","8/7/2026 3:00:58 PM","True","ALL"
"Out-of-Area","","Given0127","398014","(555)555-0127","","","","",",","","2/4/2026","","NA","0","0","Data","Iheart","","","","Simpletext","NA","Data-Data Only - No Appt","34","0","No Answer","0.0000","0.0000","","","Dana Whitfield","2/1/2026","2/28/2026","ALL","ALL","ALL","ALL","8/7/2026 3:00:58 PM","True","ALL"
"Out-of-Area","","","398015","(555)555-0128","","","","",",","","2/4/2026","","NI","0","0","Data","Iheart","","","","Simpletext","NI","Data-Data Only - No Appt","2","0","No Interest Now","0.0000","0.0000","","","Dana Whitfield","2/1/2026","2/28/2026","ALL","ALL","ALL","ALL","8/7/2026 3:00:58 PM","True","ALL"
"Out-of-Area","","Given0129","398016","(555)555-0129","","","","",",","","2/4/2026","","AM","0","0","Data","Iheart","","","","Simpletext","AM","Data-Data Only - No Appt","28","0","Answering Machine","0.0000","0.0000","","","Dana Whitfield","2/1/2026","2/28/2026","ALL","ALL","ALL","ALL","8/7/2026 3:00:58 PM","True","ALL"
"Out-of-Area","","","398017","(555)555-0130","","","","",",","","2/4/2026","","NA","0","0","Data","Iheart","","","","Simpletext","NA","Data-Data Only - No Appt","32","0","No Answer","0.0000","0.0000","","","Dana Whitfield","2/1/2026","2/28/2026","ALL","ALL","ALL","ALL","8/7/2026 3:00:58 PM","True","ALL"
"Out-of-Area","","","398018","(555)555-0131","","","","",",","","2/4/2026","","AM","0","0","Data","Iheart","","","","Simpletext","AM","Data-Data Only - No Appt","30","0","Answering Machine","0.0000","0.0000","","","Dana Whitfield","2/1/2026","2/28/2026","ALL","ALL","ALL","ALL","8/7/2026 3:00:58 PM","True","ALL"
"Out-of-Area","","","398020","(555)555-0132","","","","",",","","2/4/2026","","NA","0","0","Data","Iheart","","","","Simpletext","NA","Data-Data Only - No Appt","33","0","No Answer","0.0000","0.0000","","","Dana Whitfield","2/1/2026","2/28/2026","ALL","ALL","ALL","ALL","8/7/2026 3:00:58 PM","True","ALL"
"Out-of-Area","","","398026","(555)555-0133","","","","",",","","2/4/2026","","AM","0","0","Data","Iheart","","","","Simpletext","AM","Data-Data Only - No Appt","30","0","Answering Machine","0.0000","0.0000","","","Dana Whitfield","2/1/2026","2/28/2026","ALL","ALL","ALL","ALL","8/7/2026 3:00:58 PM","True","ALL"
"Out-of-Area","","Given0134","398035","(555)555-0134","","","","",",","","2/4/2026","","NA","0","0","Data","Iheart","","","","Simpletext","NA","Data-Data Only - No Appt","33","0","No Answer","0.0000","0.0000","","","Dana Whitfield","2/1/2026","2/28/2026","ALL","ALL","ALL","ALL","8/7/2026 3:00:58 PM","True","ALL"
"Out-of-Area","","","398036","(555)555-0135","","","","",",","","2/4/2026","","NA","0","0","Data","Iheart","","","","Simpletext","NA","Data-Data Only - No Appt","31","0","No Answer","0.0000","0.0000","","","Dana Whitfield","2/1/2026","2/28/2026","ALL","ALL","ALL","ALL","8/7/2026 3:00:58 PM","True","ALL"
"Out-of-Area","","Given0136","398039","(555)555-0136","","","","",",","","2/4/2026","","NA","0","0","Data","Iheart","","","","Simpletext","NA","Data-Data Only - No Appt","35","0","No Answer","0.0000","0.0000","","","Dana Whitfield","2/1/2026","2/28/2026","ALL","ALL","ALL","ALL","8/7/2026 3:00:58 PM","True","ALL"
"Out-of-Area","","Given0137","398039","(555)555-0137","","","","",",","","2/4/2026","","NA","0","0","Data","Iheart","","","","Simpletext","NA","Data-Data Only - No Appt","35","0","No Answer","0.0000","0.0000","","","Dana Whitfield","2/1/2026","2/28/2026","ALL","ALL","ALL","ALL","8/7/2026 3:00:58 PM","True","ALL"
"Out-of-Area","","Given0138","398042","(555)555-0138","","","","",",","","2/4/2026","","NI","0","0","Data","Internet","Nash","","Internet, Googgle PPC Windows","Google PPC Windows","NI","Data-Data Only - No Appt","1","0","No Interest Now","0.0000","0.0000","","","Dana Whitfield","2/1/2026","2/28/2026","ALL","ALL","ALL","ALL","8/7/2026 3:00:58 PM","True","ALL"
"Out-of-Area","","","398043","(555)555-0139","","","","",",","","2/4/2026","","NA","0","0","Data","Iheart","","","","Simpletext","NA","Data-Data Only - No Appt","29","0","No Answer","0.0000","0.0000","","","Dana Whitfield","2/1/2026","2/28/2026","ALL","ALL","ALL","ALL","8/7/2026 3:00:58 PM","True","ALL"
"Out-of-Area","","Given0140","398114","(555)555-0140","","","","",",","","2/4/2026","","NA","0","0","Data","Iheart","","","","Simpletext","NA","Data-Data Only - No Appt","31","0","No Answer","0.0000","0.0000","","","Dana Whitfield","2/1/2026","2/28/2026","ALL","ALL","ALL","ALL","8/7/2026 3:00:58 PM","True","ALL"
"Out-of-Area","","","398180","(555)555-0141","","","","",",","","2/4/2026","","AM","0","0","Data","Iheart","","","","Simpletext","AM","Data-Data Only - No Appt","7","0","Answering Machine","0.0000","0.0000","","","Dana Whitfield","2/1/2026","2/28/2026","ALL","ALL","ALL","ALL","8/7/2026 3:00:58 PM","True","ALL"
"Out-of-Area","","","397743","(555)555-0142","","","","",",","","2/4/2026","","NA","0","0","Data","Iheart","","","","Simpletext","NA","Data-Data Only - No Appt","36","0","No Answer","0.0000","0.0000","","","Dana Whitfield","2/1/2026","2/28/2026","ALL","ALL","ALL","ALL","8/7/2026 3:00:58 PM","True","ALL"
"Out-of-Area","","Given0143","397744","(555)555-0143","","","","",",","","2/4/2026","","NA","0","0","Data","Iheart","","","","Simpletext","NA","Data-Data Only - No Appt","33","0","No Answer","0.0000","0.0000","","","Dana Whitfield","2/1/2026","2/28/2026","ALL","ALL","ALL","ALL","8/7/2026 3:00:58 PM","True","ALL"
"Out-of-Area","","Given0144","397740","(555)555-0144","","","","",",","","2/4/2026","","NA","0","0","Data","Iheart","","","","Simpletext","NA","Data-Data Only - No Appt","34","0","No Answer","0.0000","0.0000","","","Dana Whitfield","2/1/2026","2/28/2026","ALL","ALL","ALL","ALL","8/7/2026 3:00:58 PM","True","ALL"
"Out-of-Area","","","397760","(555)555-0145","","","","",",","","2/4/2026","","AM","0","0","Data","Iheart","","","","Simpletext","AM","Data-Data Only - No Appt","36","0","Answering Machine","0.0000","0.0000","","","Dana Whitfield","2/1/2026","2/28/2026","ALL","ALL","ALL","ALL","8/7/2026 3:00:58 PM","True","ALL"
"Out-of-Area","","Given0146","397789","(555)555-0146","","","","",",","","2/4/2026","","DNC","0","0","Data","Internet","Nash","","Internet, Google PPC Roof","Google PPC Roofs","DNC","Data-Data Only - No Appt","1","0","Asked DNC","0.0000","0.0000","","","Dana Whitfield","2/1/2026","2/28/2026","ALL","ALL","ALL","ALL","8/7/2026 3:00:58 PM","True","ALL"
"Out-of-Area","","Given0147","397804","(555)555-0147","","","","",",","","2/4/2026","","DNC","0","0","Data","Internet","Nash","","Internet, Googgle PPC Windows","Google PPC Windows","DNC","Data-Data Only - No Appt","1","0","Asked DNC","0.0000","0.0000","","","Dana Whitfield","2/1/2026","2/28/2026","ALL","ALL","ALL","ALL","8/7/2026 3:00:58 PM","True","ALL"
"Out-of-Area","","","397808","(555)555-0148","","","","",",","","2/4/2026","","HU","0","0","Data","Internet","Nash","","Internet, Googgle PPC Windows","Google PPC Windows","HU","Data-Data Only - No Appt","14","0","Hung Up","0.0000","0.0000","","","Dana Whitfield","2/1/2026","2/28/2026","ALL","ALL","ALL","ALL","8/7/2026 3:00:58 PM","True","ALL"
"Out-of-Area","","","397817","(555)555-0149","","","","",",","","2/4/2026","","DNC","0","0","Data","Iheart","","","","Simpletext","DNC","Data-Data Only - No Appt","5","0","Asked DNC","0.0000","0.0000","","","Dana Whitfield","2/1/2026","2/28/2026","ALL","ALL","ALL","ALL","8/7/2026 3:00:58 PM","True","ALL"
"Out-of-Area","","","397825","(555)555-0150","","","","",",","","2/4/2026","","AM","0","0","Data","Iheart","","","","Simpletext","AM","Data-Data Only - No Appt","34","0","Answering Machine","0.0000","0.0000","","","Dana Whitfield","2/1/2026","2/28/2026","ALL","ALL","ALL","ALL","8/7/2026 3:00:58 PM","True","ALL"
"Out-of-Area","","Given0151","397826","(555)555-0151","","","","",",","","2/4/2026","","NA","0","0","Data","Iheart","","","","Simpletext","NA","Data-Data Only - No Appt","37","0","No Answer","0.0000","0.0000","","","Dana Whitfield","2/1/2026","2/28/2026","ALL","ALL","ALL","ALL","8/7/2026 3:00:58 PM","True","ALL"
"Out-of-Area","","Given0152","397832","(555)555-0152","","","","",",","","2/4/2026","","NA","0","0","Data","Iheart","","","","Simpletext","NA","Data-Data Only - No Appt","35","0","No Answer","0.0000","0.0000","","","Dana Whitfield","2/1/2026","2/28/2026","ALL","ALL","ALL","ALL","8/7/2026 3:00:58 PM","True","ALL"
"Out-of-Area","","","397860","(555)555-0153","","","","",",","","2/4/2026","","OS","0","0","Data","Iheart","","","","Simpletext","OS","Data-Data Only - No Appt","13","0","Can't Do Project","0.0000","0.0000","","","Dana Whitfield","2/1/2026","2/28/2026","ALL","ALL","ALL","ALL","8/7/2026 3:00:58 PM","True","ALL"
"Out-of-Area","","Given0154","397935","(555)555-0154","","","","",",","","2/4/2026","","NA","0","0","Data","Iheart","","","","Simpletext","NA","Data-Data Only - No Appt","20","0","No Answer","0.0000","0.0000","","","Dana Whitfield","2/1/2026","2/28/2026","ALL","ALL","ALL","ALL","8/7/2026 3:00:58 PM","True","ALL"
"Out-of-Area","","","193151","(555)555-0155","","","","",",","","2/4/2026","","AM","0","","DNC","Iheart","Nash","","","Simpletext","AM","DNC-Do Not Call","12","0","Answering Machine","0.0000","0.0000","","","Dana Whitfield","2/1/2026","2/28/2026","ALL","ALL","ALL","ALL","8/7/2026 3:00:58 PM","True","ALL"
"Out-of-Area","Surname0156","Given0156","397803","(555)555-0156","256 Example St","City0023","FL","32168","City0023, FL  32168","person0156@example.com","2/4/2026","","AM","0","0","Data","Internet","","","Internet, Lead Gurus","Lead Gurus","AM","Data-Data Only - No Appt","18","0","Answering Machine","0.0000","0.0000","","","Dana Whitfield","2/1/2026","2/28/2026","ALL","ALL","ALL","ALL","8/7/2026 3:00:58 PM","True","ALL"
"Out-of-Area","Surname0157","Given0157","397942","(555)555-0157","257 Example St","City0021","FL","","City0021, FL","person0157@example.com","2/4/2026","","NA","0","0","Data","Internet","","","Internet, Lead Gurus","Lead Gurus","NA","Data-Data Only - No Appt","32","0","No Answer","0.0000","0.0000","","","Dana Whitfield","2/1/2026","2/28/2026","ALL","ALL","ALL","ALL","8/7/2026 3:00:58 PM","True","ALL"
"Out-of-Area","Surname0158","Given0158","398033","(555)555-0158","258 Example St","City0024","FL","32693","City0024, FL  32693","","2/4/2026","","NA","0","0","Set","Affiliates","","","Affiliate, MVP Marketing","MVP Marketing","NA","Set-Appointment Date Set","4","0","No Answer","0.0000","0.0000","2/10/2026 6:00:00 PM","","Dana Whitfield","2/1/2026","2/28/2026","ALL","ALL","ALL","ALL","8/7/2026 3:00:58 PM","True","ALL"
"Out-of-Area","Surname0159","Given0159","397881","(555)555-0159","","","","32903",",     32903","person0159@example.com","2/4/2026","","OS","0","0","Data","Internet","","","Internet, Socius Marketing","Google PPC Windows","OS","Data-Data Only - No Appt","1","0","Can't Do Project","0.0000","0.0000","","","Dana Whitfield","2/1/2026","2/28/2026","ALL","ALL","ALL","ALL","8/7/2026 3:00:58 PM","True","ALL"
"Out-of-Area","Surname0160","Given0160","397890","(555)555-0160","","","","",",","","2/4/2026","","OpInt","0","0","Data","Internet","","","Internet, Chat (REECE WEBSITE)","Chat (REECE WEBSITE)","OpInt","Data-Data Only - No Appt","21","0","Op Intercept","0.0000","0.0000","","","Dana Whitfield","2/1/2026","2/28/2026","ALL","ALL","ALL","ALL","8/7/2026 3:00:58 PM","True","ALL"
"Out-of-Area","Surname0161","Given0161","397732","(555)555-0161","","","","42319",",     42319","person0161@example.com","2/4/2026","","DOH","0","0","Data","Internet","","","Internet, Lead Gurus","Lead Gurus","DOH","Data-Data Only - No Appt","10","0","Dropped on Hold","0.0000","0.0000","","","Dana Whitfield","2/1/2026","2/28/2026","ALL","ALL","ALL","ALL","8/7/2026 3:00:58 PM","True","ALL"
"Out-of-Area","Surname0162","Given0162","397777","(555)555-0162","262 Example St","City0006","FL","","City0006, FL","","2/4/2026","Win","DNC","0","0","Data","Internet","","","Internet, Googgle PPC Windows","Google PPC Windows","DNC","Data-Data Only - No Appt","32","0","Asked DNC","0.0000","0.0000","","","Dana Whitfield","2/1/2026","2/28/2026","ALL","ALL","ALL","ALL","8/7/2026 3:00:58 PM","True","ALL"
"Out-of-Area","Surname0163","Given0163","398061","(555)555-0163","","","nu","",", nu","","2/4/2026","","AM","0","0","Data","Internet","","","Internet, Chat (REECE WEBSITE)","Chat (REECE WEBSITE)","AM","Data-Data Only - No Appt","24","0","Answering Machine","0.0000","0.0000","","","Dana Whitfield","2/1/2026","2/28/2026","ALL","ALL","ALL","ALL","8/7/2026 3:00:58 PM","True","ALL"
"Out-of-Area","Surname0164","Given0164","398076","(555)555-0164","","","nu","",", nu","","2/4/2026","Win","NI","0","0","Data","Internet","Nash","","Internet, Chat (REECE WEBSITE)","Chat (REECE WEBSITE)","NI","Data-Data Only - No Appt","1","0","No Interest Now","0.0000","0.0000","","","Dana Whitfield","2/1/2026","2/28/2026","ALL","ALL","ALL","ALL","8/7/2026 3:00:58 PM","True","ALL"
"Out-of-Area","Surname0165","Given0165","398169","(555)555-0165","265 Example St","City0025","FL","32619","City0025, FL  32619","person0165@example.com","2/4/2026","","AM","0","0","Data","Internet","","","Internet, Lead Gurus","Lead Gurus","AM","Data-Data Only - No Appt","18","0","Answering Machine","0.0000","0.0000","","","Dana Whitfield","2/1/2026","2/28/2026","ALL","ALL","ALL","ALL","8/7/2026 3:00:58 PM","True","ALL"
"Out-of-Area","Surname0166","Given0166","398048","(555)555-0166","266 Example St","City0007","FL","32955","City0007, FL  32955","person0166@example.com","2/4/2026","","OS","0","0","Data","Internet","","","Internet, Lead Gurus","Lead Gurus","OS","Data-Data Only - No Appt","1","0","Can't Do Project","0.0000","0.0000","","","Dana Whitfield","2/1/2026","2/28/2026","ALL","ALL","ALL","ALL","8/7/2026 3:00:58 PM","True","ALL"
"Out-of-Area","Surname0167","Given0167","398191","(555)555-0167","267 Example St","City0015","FL","33814","City0015, FL  33814","person0167@example.com","2/4/2026","","","0","0","Set","Canvass","","","Mangione, Steven - FTM","Canvass","","Set-Appointment Date Set","0","0","","0.0000","0.0000","2/9/2026 7:02:00 PM","","Dana Whitfield","2/1/2026","2/28/2026","ALL","ALL","ALL","ALL","8/7/2026 3:00:58 PM","True","ALL"
"Out-of-Area","Surname0168","Given0168","397853","(555)555-0168","268 Example St","City0026","FL","33133","City0026, FL  33133","person0168@example.com","2/4/2026","Windows","OpInt","0","0","CXL","Affiliates","Nash","","Affiliate, Prolific Marketing","Prolific Marketing","OpInt","CXL-Cancelled Appointment","3","0","Op Intercept","0.0000","0.0000","2/5/2026 9:00:00 AM","","Dana Whitfield","2/1/2026","2/28/2026","ALL","ALL","ALL","ALL","8/7/2026 3:00:58 PM","True","ALL"
"Out-of-Area","Surname0169","Given0169","397758","(555)555-0169","269 Example St","City0027","FL","","City0027, FL","person0169@example.com","2/4/2026","Win","NA","0","0","Data","Internet","Nash","","Internet, Lead Gurus","Lead Gurus","NA","Data-Data Only - No Appt","32","0","No Answer","0.0000","0.0000","","","Dana Whitfield","2/1/2026","2/28/2026","ALL","ALL","ALL","ALL","8/7/2026 3:00:58 PM","True","ALL"
"Out-of-Area","Surname0170","Given0170","380013","(555)555-0170","270 Example St","City0028","FL","33584","City0028, FL  33584","person0170@example.com","2/4/2026","","COMP","0","0","Data","Internet","","","Internet, Chat (REECE WEBSITE)","Chat (REECE WEBSITE)","COMP","Data-Data Only - No Appt","1","0","Bought Competition","0.0000","0.0000","","","Dana Whitfield","2/1/2026","2/28/2026","ALL","ALL","ALL","ALL","8/7/2026 3:00:58 PM","True","ALL"
"Out-of-Area","Surname0171","Given0171","397781","(555)555-0171","","City0029","FL","32669","City0029, FL  32669","person0171@example.com","2/4/2026","","DNC","0","0","Data","Internet","","","Internet, Lead Gurus","Lead Gurus","DNC","Data-Data Only - No Appt","21","0","Asked DNC","0.0000","0.0000","","","Dana Whitfield","2/1/2026","2/28/2026","ALL","ALL","ALL","ALL","8/7/2026 3:00:58 PM","True","ALL"
"Out-of-Area","Surname0172","Given0172","223787","(555)555-0172","272 Example St","City0030","FL","33559","City0030, FL  33559","person0172@example.com","2/4/2026","","AM","0","0","Data","Iheart","","","","Simpletext","AM","Data-Data Only - No Appt","28","0","Answering Machine","0.0000","0.0000","","","Dana Whitfield","2/1/2026","2/28/2026","ALL","ALL","ALL","ALL","8/7/2026 3:00:58 PM","True","ALL"
"Out-of-Area","Surname0173","Given0173","397993","","273 Example St","","","",",","","2/4/2026","","","1","26","Data","Website","","","Reece ChatBot, Website","Reece ChatBot","","Data-Data Only - No Appt","0","0","","0.0000","0.0000","","","Dana Whitfield","2/1/2026","2/28/2026","ALL","ALL","ALL","ALL","8/7/2026 3:00:58 PM","True","ALL"
"Out-of-Area","","Given0174","398204","(555)555-0174","","","","",",","","2/5/2026","","NA","0","0","Data","Iheart","","","","Simpletext","NA","Data-Data Only - No Appt","33","0","No Answer","0.0000","0.0000","","","Dana Whitfield","2/1/2026","2/28/2026","ALL","ALL","ALL","ALL","8/7/2026 3:00:58 PM","True","ALL"
"Out-of-Area","","Given0175","398209","(555)555-0175","","","","",",","","2/5/2026","","NA","0","0","Data","Iheart","","","","Simpletext","NA","Data-Data Only - No Appt","31","0","No Answer","0.0000","0.0000","","","Dana Whitfield","2/1/2026","2/28/2026","ALL","ALL","ALL","ALL","8/7/2026 3:00:58 PM","True","ALL"
"Out-of-Area","","","398211","(555)555-0176","","","","",",","","2/5/2026","","NA","0","0","Data","Iheart","","","","Simpletext","NA","Data-Data Only - No Appt","34","0","No Answer","0.0000","0.0000","","","Dana Whitfield","2/1/2026","2/28/2026","ALL","ALL","ALL","ALL","8/7/2026 3:00:58 PM","True","ALL"
"Out-of-Area","","Given0177","398237","(555)555-0177","","","","",",","","2/5/2026","","AM","0","0","Data","Iheart","","","","Simpletext","AM","Data-Data Only - No Appt","38","0","Answering Machine","0.0000","0.0000","","","Dana Whitfield","2/1/2026","2/28/2026","ALL","ALL","ALL","ALL","8/7/2026 3:00:58 PM","True","ALL"
"Out-of-Area","","","398243","(555)555-0178","","","","",",","","2/5/2026","Win","BM","0","0","Data","Magazine","Nash","","Magazine, Five Star","5 Star","BM","Data-Data Only - No Appt","1","0","Below Minimum","0.0000","0.0000","","","Dana Whitfield","2/1/2026","2/28/2026","ALL","ALL","ALL","ALL","8/7/2026 3:00:58 PM","True","ALL"
"Out-of-Area","","","398262","(555)555-0179","","","","",",","","2/5/2026","","DNC","0","0","Data","Internet","Nash","","Internet, Googgle PPC Windows","Google PPC Windows","DNC","Data-Data Only - No Appt","1","0","Asked DNC","0.0000","0.0000","","","Dana Whitfield","2/1/2026","2/28/2026","ALL","ALL","ALL","ALL","8/7/2026 3:00:58 PM","True","ALL"
"Out-of-Area","","","398282","(555)555-0180","","","","",",","","2/5/2026","","HU","0","0","Data","","","","","","HU","Data-Data Only - No Appt","8","0","Hung Up","0.0000","0.0000","","","Dana Whitfield","2/1/2026","2/28/2026","ALL","ALL","ALL","ALL","8/7/2026 3:00:58 PM","True","ALL"
"Out-of-Area","","Given0181","398296","(555)555-0181","","","","",",","","2/5/2026","","NA","0","0","Data","Iheart","","","","Simpletext","NA","Data-Data Only - No Appt","34","0","No Answer","0.0000","0.0000","","","Dana Whitfield","2/1/2026","2/28/2026","ALL","ALL","ALL","ALL","8/7/2026 3:00:58 PM","True","ALL"
"Out-of-Area","","Given0182","398297","(555)555-0182","","","","",",","","2/5/2026","","AM","0","0","Data","Iheart","","","","Simpletext","AM","Data-Data Only - No Appt","31","0","Answering Machine","0.0000","0.0000","","","Dana Whitfield","2/1/2026","2/28/2026","ALL","ALL","ALL","ALL","8/7/2026 3:00:58 PM","True","ALL"
"Superseded","","","398416","(555)555-0183","","","","",",","","2/5/2026","","NA","0","","Data","Iheart","","","","Simpletext","NA","Data-Data Only - No Appt","72","6","No Answer","0.0000","0.0000","","","Dana Whitfield","2/1/2026","2/28/2026","ALL","ALL","ALL","ALL","8/7/2026 3:00:58 PM","True","ALL"
"Out-of-Area","","","398432","(555)555-0184","","","","",",","","2/5/2026","","NI","0","0","Data","Iheart","","","","Simpletext","NI","Data-Data Only - No Appt","12","0","No Interest Now","0.0000","0.0000","","","Dana Whitfield","2/1/2026","2/28/2026","ALL","ALL","ALL","ALL","8/7/2026 3:00:58 PM","True","ALL"
"Out-of-Area","","","398436","(555)555-0185","","","","",",","","2/5/2026","","AM","0","0","Data","Iheart","","","","Simpletext","AM","Data-Data Only - No Appt","30","0","Answering Machine","0.0000","0.0000","","","Dana Whitfield","2/1/2026","2/28/2026","ALL","ALL","ALL","ALL","8/7/2026 3:00:58 PM","True","ALL"
"Out-of-Area","","","398437","(555)555-0186","","","","",",","","2/5/2026","","NA","0","0","Data","Iheart","","","","Simpletext","NA","Data-Data Only - No Appt","15","0","No Answer","0.0000","0.0000","","","Dana Whitfield","2/1/2026","2/28/2026","ALL","ALL","ALL","ALL","8/7/2026 3:00:58 PM","True","ALL"
"Out-of-Area","","","398440","(555)555-0187","","","","",",","","2/5/2026","","NI","0","0","Data","Iheart","","","","Simpletext","NI","Data-Data Only - No Appt","11","0","No Interest Now","0.0000","0.0000","","","Dana Whitfield","2/1/2026","2/28/2026","ALL","ALL","ALL","ALL","8/7/2026 3:00:58 PM","True","ALL"
"Out-of-Area","","","398441","(555)555-0188","","","","",",","","2/5/2026","","NA","0","0","Data","Iheart","","","","Simpletext","NA","Data-Data Only - No Appt","33","0","No Answer","0.0000","0.0000","","","Dana Whitfield","2/1/2026","2/28/2026","ALL","ALL","ALL","ALL","8/7/2026 3:00:58 PM","True","ALL"
"Out-of-Area","","","398442","(555)555-0189","","","","",",","","2/5/2026","","NA","0","0","Data","Iheart","","","","Simpletext","NA","Data-Data Only - No Appt","28","0","No Answer","0.0000","0.0000","","","Dana Whitfield","2/1/2026","2/28/2026","ALL","ALL","ALL","ALL","8/7/2026 3:00:58 PM","True","ALL"
"Out-of-Area","","Given0190","398443","(555)555-0190","","","","",",","","2/5/2026","","NA","0","0","Data","Iheart","","","","Simpletext","NA","Data-Data Only - No Appt","30","0","No Answer","0.0000","0.0000","","","Dana Whitfield","2/1/2026","2/28/2026","ALL","ALL","ALL","ALL","8/7/2026 3:00:58 PM","True","ALL"
"Out-of-Area","","Given0191","398444","(555)555-0191","","","","",",","","2/5/2026","","DNC","0","0","Data","Iheart","","","","Simpletext","DNC","Data-Data Only - No Appt","7","0","Asked DNC","0.0000","0.0000","","","Dana Whitfield","2/1/2026","2/28/2026","ALL","ALL","ALL","ALL","8/7/2026 3:00:58 PM","True","ALL"
"Out-of-Area","","Given0192","398434","(555)555-0192","","","","",",","","2/5/2026","","NA","0","0","Data","Iheart","","","","Simpletext","NA","Data-Data Only - No Appt","33","0","No Answer","0.0000","0.0000","","","Dana Whitfield","2/1/2026","2/28/2026","ALL","ALL","ALL","ALL","8/7/2026 3:00:58 PM","True","ALL"
"Out-of-Area","","Given0193","398447","(555)555-0193","","","","",",","","2/5/2026","","NA","0","0","Data","Iheart","","","","Simpletext","NA","Data-Data Only - No Appt","34","0","No Answer","0.0000","0.0000","","","Dana Whitfield","2/1/2026","2/28/2026","ALL","ALL","ALL","ALL","8/7/2026 3:00:58 PM","True","ALL"
"Out-of-Area","","","398448","(555)555-0194","","","","",",","","2/5/2026","","DNC","0","0","Data","Iheart","","","","Simpletext","DNC","Data-Data Only - No Appt","33","0","Asked DNC","0.0000","0.0000","","","Dana Whitfield","2/1/2026","2/28/2026","ALL","ALL","ALL","ALL","8/7/2026 3:00:58 PM","True","ALL"
"Out-of-Area","","Given0195","398449","(555)555-0195","","","","",",","","2/5/2026","","NA","0","0","Data","Iheart","","","","Simpletext","NA","Data-Data Only - No Appt","28","0","No Answer","0.0000","0.0000","","","Dana Whitfield","2/1/2026","2/28/2026","ALL","ALL","ALL","ALL","8/7/2026 3:00:58 PM","True","ALL"
"Out-of-Area","","","398451","(555)555-0196","","","","",",","","2/5/2026","","NI","0","0","Data","Iheart","","","","Simpletext","NI","Data-Data Only - No Appt","6","0","No Interest Now","0.0000","0.0000","","","Dana Whitfield","2/1/2026","2/28/2026","ALL","ALL","ALL","ALL","8/7/2026 3:00:58 PM","True","ALL"
"Out-of-Area","","","398453","(555)555-0197","","","","",",","","2/5/2026","","NI","0","0","Data","Iheart","","","","Simpletext","NI","Data-Data Only - No Appt","1","0","No Interest Now","0.0000","0.0000","","","Dana Whitfield","2/1/2026","2/28/2026","ALL","ALL","ALL","ALL","8/7/2026 3:00:58 PM","True","ALL"
"Out-of-Area","","Given0198","398454","(555)555-0198","","","","",",","","2/5/2026","","NA","0","0","Data","Iheart","","","","Simpletext","NA","Data-Data Only - No Appt","34","0","No Answer","0.0000","0.0000","","","Dana Whitfield","2/1/2026","2/28/2026","ALL","ALL","ALL","ALL","8/7/2026 3:00:58 PM","True","ALL"
"Out-of-Area","","Given0199","398456","(555)555-0199","","","","",",","","2/5/2026","","HU","1","26","Data","Iheart","","","","Simpletext","HU","Data-Data Only - No Appt","38","0","Hung Up","0.0000","0.0000","","","Dana Whitfield","2/1/2026","2/28/2026","ALL","ALL","ALL","ALL","8/7/2026 3:00:58 PM","True","ALL"
"Out-of-Area","","","398488","(555)555-0200","","","","",",","","2/5/2026","","NI","0","0","Data","Iheart","","","","Simpletext","NI","Data-Data Only - No Appt","1","0","No Interest Now","0.0000","0.0000","","","Dana Whitfield","2/1/2026","2/28/2026","ALL","ALL","ALL","ALL","8/7/2026 3:00:58 PM","True","ALL"
"Out-of-Area","","","398526","(555)555-0201","","","","",",","","2/5/2026","","AM","0","0","Data","Iheart","","","","Simpletext","AM","Data-Data Only - No Appt","27","0","Answering Machine","0.0000","0.0000","","","Dana Whitfield","2/1/2026","2/28/2026","ALL","ALL","ALL","ALL","8/7/2026 3:00:58 PM","True","ALL"
"Out-of-Area","","","398534","(555)555-0202","","","","",",","","2/5/2026","","RMH","0","0","Data","Iheart","","","","Simpletext","RMH","Data-Data Only - No Appt","11","0","Renter/Mobile Home","0.0000","0.0000","","","Dana Whitfield","2/1/2026","2/28/2026","ALL","ALL","ALL","ALL","8/7/2026 3:00:58 PM","True","ALL"
"Out-of-Area","","","398571","(555)555-0203","","","","",",","","2/5/2026","","OS","0","0","Data","Internet","Nash","","Internet, Google PPC Roof","Google PPC Roofs","OS","Data-Data Only - No Appt","1","0","Can't Do Project","0.0000","0.0000","","","Dana Whitfield","2/1/2026","2/28/2026","ALL","ALL","ALL","ALL","8/7/2026 3:00:58 PM","True","ALL"
"Superseded","","","365216","(555)555-0204","","","","",",","","2/5/2026","","","0","","Data","Iheart","","","","Simpletext","","Data-Data Only - No Appt","0","1","","0.0000","0.0000","","","Dana Whitfield","2/1/2026","2/28/2026","ALL","ALL","ALL","ALL","8/7/2026 3:00:58 PM","True","ALL"
"Out-of-Area","","","393015","(555)555-0205","","","","",",","","2/5/2026","","HU","0","0","Data","Iheart","","","","Simpletext","HU","Data-Data Only - No Appt","26","0","Hung Up","0.0000","0.0000","","","Dana Whitfield","2/1/2026","2/28/2026","ALL","ALL","ALL","ALL","8/7/2026 3:00:58 PM","True","ALL"
"Out-of-Area","Surname0206","Given0206","398572","(555)555-0206","","","","",",","","2/5/2026","","","0","0","Data","Internet","","","Internet, Chat (REECE WEBSITE)","Chat (REECE WEBSITE)","","Data-Data Only - No Appt","0","0","","0.0000","0.0000","","","Dana Whitfield","2/1/2026","2/28/2026","ALL","ALL","ALL","ALL","8/7/2026 3:00:58 PM","True","ALL"
"Out-of-Area","Surname0207","Given0207","398573","(555)555-0207","307 Example St","City0031","FL","32776","City0031, FL  32776","","2/5/2026","Sliding Do","AM","0","0","Set","Affiliates","","","Affiliate, Prolific Marketing","Prolific Marketing","AM","Set-Appointment Date Set","34","0","Answering Machine","0.0000","0.0000","2/6/2026 6:00:00 PM","","Dana Whitfield","2/1/2026","2/28/2026","ALL","ALL","ALL","ALL","8/7/2026 3:00:58 PM","True","ALL"
"Out-of-Area","Surname0208","Given0208","92560","(555)555-0208","308 Example St","City0032","FL","33881","City0032, FL  33881","person0208@example.com","2/5/2026","","NA","0","","Data","Internet","","","Internet, Chat (REECE WEBSITE)","Chat (REECE WEBSITE)","NA","Data-Data Only - No Appt","10","0","No Answer","0.0000","0.0000","","","Dana Whitfield","2/1/2026","2/28/2026","ALL","ALL","ALL","ALL","8/7/2026 3:00:58 PM","True","ALL"
"Superseded","Surname0209","Given0209","381799","(555)555-0209","","","","92618",",     92618","person0209@example.com","2/5/2026","","","0","","Data","Website","","","Internet, Socius Marketing","Radio","","Data-Data Only - No Appt","0","1","","0.0000","0.0000","","","Dana Whitfield","2/1/2026","2/28/2026","ALL","ALL","ALL","ALL","8/7/2026 3:00:58 PM","True","ALL"
"Out-of-Area","Surname0210","Given0210","398247","(555)555-0210","","","","",",","person0210@example.com","2/5/2026","","OS","0","0","Data","Internet","","","Internet, Chat (REECE WEBSITE)","Chat (REECE WEBSITE)","OS","Data-Data Only - No Appt","1","0","Can't Do Project","0.0000","0.0000","","","Dana Whitfield","2/1/2026","2/28/2026","ALL","ALL","ALL","ALL","8/7/2026 3:00:58 PM","True","ALL"
"Out-of-Area","Surname0211","Given0211","398478","(555)555-0211","311 Example St","City0033","FL","","City0033, FL","person0211@example.com","2/5/2026","","AM","0","0","Data","Internet","","","Internet, Lead Gurus","Lead Gurus","AM","Data-Data Only - No Appt","26","0","Answering Machine","0.0000","0.0000","","","Dana Whitfield","2/1/2026","2/28/2026","ALL","ALL","ALL","ALL","8/7/2026 3:00:58 PM","True","ALL"
"Out-of-Area","Surname0212","Given0212","398481","(555)555-0212","312 Example St","City0034","FL","32962","City0034, FL  32962","person0212@example.com","2/5/2026","","AM","0","0","Data","Internet","","","Internet, Lead Gurus","Lead Gurus","AM","Data-Data Only - No Appt","28","0","Answering Machine","0.0000","0.0000","","","Dana Whitfield","2/1/2026","2/28/2026","ALL","ALL","ALL","ALL","8/7/2026 3:00:58 PM","True","ALL"
"Out-of-Area","Surname0213","Given0213","398584","(555)555-0213","313 Example St","City0035","FL","32129","City0035, FL  32129","person0213@example.com","2/5/2026","Win","OS","0","0","Data","Internet","","","Internet, MyHomePros","MyHomePros","OS","Data-Data Only - No Appt","1","0","Can't Do Project","0.0000","0.0000","","","Dana Whitfield","2/1/2026","2/28/2026","ALL","ALL","ALL","ALL","8/7/2026 3:00:58 PM","True","ALL"
"Out-of-Area","Surname0214","Given0214","398465","(555)555-0214","","","nu","",", nu","person0214@example.com","2/5/2026","","NI","0","0","Data","Internet","","","Internet, Chat (REECE WEBSITE)","Chat (REECE WEBSITE)","NI","Data-Data Only - No Appt","1","0","No Interest Now","0.0000","0.0000","","","Dana Whitfield","2/1/2026","2/28/2026","ALL","ALL","ALL","ALL","8/7/2026 3:00:58 PM","True","ALL"
"Out-of-Area","Surname0215","Given0215","398506","(555)555-0215","","","nu","",", nu","","2/5/2026","","DNC","0","0","Data","Internet","","","Internet, Chat (REECE WEBSITE)","Chat (REECE WEBSITE)","DNC","Data-Data Only - No Appt","10","0","Asked DNC","0.0000","0.0000","","","Dana Whitfield","2/1/2026","2/28/2026","ALL","ALL","ALL","ALL","8/7/2026 3:00:58 PM","True","ALL"
"Out-of-Area","Surname0216","Given0216","398520","(555)555-0216","","","nu","",", nu","","2/5/2026","","DNC","0","0","Data","Internet","Nash","","Internet, Chat (REECE WEBSITE)","Chat (REECE WEBSITE)","DNC","Data-Data Only - No Appt","2","0","Asked DNC","0.0000","0.0000","","","Dana Whitfield","2/1/2026","2/28/2026","ALL","ALL","ALL","ALL","8/7/2026 3:00:58 PM","True","ALL"
"Out-of-Area","Surname0217","Given0217","216272","(555)555-0217","317 Example St","City0036","FL","33186","City0036, FL  33186","person0217@example.com","2/5/2026","","NA","0","0","Data","Internet","","","Internet, Chat (REECE WEBSITE)","Chat (REECE WEBSITE)","NA","Data-Data Only - No Appt","29","0","No Answer","0.0000","0.0000","","","Dana Whitfield","2/1/2026","2/28/2026","ALL","ALL","ALL","ALL","8/7/2026 3:00:58 PM","True","ALL"
"Superseded","Surname0218","Given0218","398604","(555)555-0218","","","","32684",",     32684","person0218@example.com","2/5/2026","","DOH","0","","Data","Website","","","Internet, Socius Marketing","Magazine","DOH","Data-Data Only - No Appt","84","1","Dropped on Hold","0.0000","0.0000","","","Dana Whitfield","2/1/2026","2/28/2026","ALL","ALL","ALL","ALL","8/7/2026 3:00:58 PM","True","ALL"
"Out-of-Area","Surname0219","Given0219","398405","(555)555-0219","","City0037","FL","33040","City0037, FL  33040","person0219@example.com","2/5/2026","Win","AM","0","0","Data","Internet","Nash","","Internet, Lead Gurus","Lead Gurus","AM","Data-Data Only - No Appt","29","0","Answering Machine","0.0000","0.0000","","","Dana Whitfield","2/1/2026","2/28/2026","ALL","ALL","ALL","ALL","8/7/2026 3:00:58 PM","True","ALL"
"Out-of-Area","Surname0220","Given0220","398283","(555)555-0220","","","","",",","person0220@example.com","2/5/2026","","NA","0","0","Data","Internet","","","Internet, Chat (REECE WEBSITE)","Chat (REECE WEBSITE)","NA","Data-Data Only - No Appt","33","0","No Answer","0.0000","0.0000","","","Dana Whitfield","2/1/2026","2/28/2026","ALL","ALL","ALL","ALL","8/7/2026 3:00:58 PM","True","ALL"
"Out-of-Area","Surname0221","Given0221","398408","(555)555-0221","321 Example St","City0027","FL","34974","City0027, FL  34974","person0221@example.com","2/5/2026","","OOA","0","0","DNC","Internet","Nash","","Internet, Lead Gurus","Lead Gurus","OOA","DNC-Do Not Call","3","0","Out of Area","0.0000","0.0000","","","Dana Whitfield","2/1/2026","2/28/2026","ALL","ALL","ALL","ALL","8/7/2026 3:00:58 PM","True","ALL"
"Out-of-Area","Surname0222","Given0222","398438","(555)555-0222","","","","",",","","2/5/2026","","NI","0","0","Data","Iheart","","","","Simpletext","NI","Data-Data Only - No Appt","14","0","No Interest Now","0.0000","0.0000","","","Dana Whitfield","2/1/2026","2/28/2026","ALL","ALL","ALL","ALL","8/7/2026 3:00:58 PM","True","ALL"
"Out-of-Area","Surname0223","Given0223","398231","(555)555-0223","","","","",",","person0223@example.com","2/5/2026","","NA","0","0","Data","Internet","","","Internet, Chat (REECE WEBSITE)","Chat (REECE WEBSITE)","NA","Data-Data Only - No Appt","34","0","No Answer","0.0000","0.0000","","","Dana Whitfield","2/1/2026","2/28/2026","ALL","ALL","ALL","ALL","8/7/2026 3:00:58 PM","True","ALL"
"Out-of-Area","Surname0224","Given0224","398557","(555)555-0224","","","","",",","","2/5/2026","","NI","0","","DNC","Internet","Nash","","Internet, Chat (REECE WEBSITE)","Chat (REECE WEBSITE)","NI","DNC-Do Not Call","2","0","No Interest Now","0.0000","0.0000","","","Dana Whitfield","2/1/2026","2/28/2026","ALL","ALL","ALL","ALL","8/7/2026 3:00:58 PM","True","ALL"
"Out-of-Area","","Given0225","398659","(555)555-0225","","","","",",","","2/6/2026","","DNC","0","0","Data","Iheart","","","","Simpletext","DNC","Data-Data Only - No Appt","36","0","Asked DNC","0.0000","0.0000","","","Dana Whitfield","2/1/2026","2/28/2026","ALL","ALL","ALL","ALL","8/7/2026 3:00:58 PM","True","ALL"
"Out-of-Area","","Given0226","398667","(555)555-0226","","","","",",","","2/6/2026","","NA","0","0","Data","Iheart","","","","Simpletext","NA","Data-Data Only - No Appt","37","0","No Answer","0.0000","0.0000","","","Dana Whitfield","2/1/2026","2/28/2026","ALL","ALL","ALL","ALL","8/7/2026 3:00:58 PM","True","ALL"
"Out-of-Area","","","398705","(555)555-0227","","","","",",","","2/6/2026","","AM","0","0","Data","Iheart","","","","Simpletext","AM","Data-Data Only - No Appt","32","0","Answering Machine","0.0000","0.0000","","","Dana Whitfield","2/1/2026","2/28/2026","ALL","ALL","ALL","ALL","8/7/2026 3:00:58 PM","True","ALL"
"Out-of-Area","","Given0228","398713","(555)555-0228","","","","",",","","2/6/2026","","AM","0","0","Data","Iheart","","","","Simpletext","AM","Data-Data Only - No Appt","34","0","Answering Machine","0.0000","0.0000","","","Dana Whitfield","2/1/2026","2/28/2026","ALL","ALL","ALL","ALL","8/7/2026 3:00:58 PM","True","ALL"
"Out-of-Area","","","398416","(555)555-0229","","","","",",","","2/6/2026","","NA","0","0","Data","Iheart","","","","Simpletext","NA","Data-Data Only - No Appt","67","0","No Answer","0.0000","0.0000","","","Dana Whitfield","2/1/2026","2/28/2026","ALL","ALL","ALL","ALL","8/7/2026 3:00:58 PM","True","ALL"
"Out-of-Area","","","398416","(555)555-0230","","","","",",","","2/6/2026","","NA","0","0","Data","Iheart","","","","Simpletext","NA","Data-Data Only - No Appt","67","0","No Answer","0.0000","0.0000","","","Dana Whitfield","2/1/2026","2/28/2026","ALL","ALL","ALL","ALL","8/7/2026 3:00:58 PM","True","ALL"
"Out-of-Area","","","398416","(555)555-0231","","","","",",","","2/6/2026","","NA","0","0","Data","Iheart","","","","Simpletext","NA","Data-Data Only - No Appt","67","0","No Answer","0.0000","0.0000","","","Dana Whitfield","2/1/2026","2/28/2026","ALL","ALL","ALL","ALL","8/7/2026 3:00:58 PM","True","ALL"
"Out-of-Area","","","398416","(555)555-0232","","","","",",","","2/6/2026","","NA","0","0","Data","Iheart","","","","Simpletext","NA","Data-Data Only - No Appt","67","0","No Answer","0.0000","0.0000","","","Dana Whitfield","2/1/2026","2/28/2026","ALL","ALL","ALL","ALL","8/7/2026 3:00:58 PM","True","ALL"
"Out-of-Area","","","398416","(555)555-0233","","","","",",","","2/6/2026","","NA","0","0","Data","Iheart","","","","Simpletext","NA","Data-Data Only - No Appt","67","0","No Answer","0.0000","0.0000","","","Dana Whitfield","2/1/2026","2/28/2026","ALL","ALL","ALL","ALL","8/7/2026 3:00:58 PM","True","ALL"
"Out-of-Area","","","398416","(555)555-0234","","","","",",","","2/6/2026","","NA","0","0","Data","Iheart","","","","Simpletext","NA","Data-Data Only - No Appt","67","0","No Answer","0.0000","0.0000","","","Dana Whitfield","2/1/2026","2/28/2026","ALL","ALL","ALL","ALL","8/7/2026 3:00:58 PM","True","ALL"
"Out-of-Area","","Given0235","378927","(555)555-0235","","","","",",","person0235@example.com","2/6/2026","Win","NI","0","0","Data","Internet","FTLAU","","Internet, Lead Gurus","Lead Gurus","NI","Data-Data Only - No Appt","14","0","No Interest Now","0.0000","0.0000","","","Dana Whitfield","2/1/2026","2/28/2026","ALL","ALL","ALL","ALL","8/7/2026 3:00:58 PM","True","ALL"
"Out-of-Area","","","398868","(555)555-0236","","","","",",","","2/6/2026","","DNC","0","0","Data","Iheart","","","","Simpletext","DNC","Data-Data Only - No Appt","13","0","Asked DNC","0.0000","0.0000","","","Dana Whitfield","2/1/2026","2/28/2026","ALL","ALL","ALL","ALL","8/7/2026 3:00:58 PM","True","ALL"
"Out-of-Area","","","398869","(555)555-0237","","","","",",","","2/6/2026","","AM","0","0","Data","Iheart","","","","Simpletext","AM","Data-Data Only - No Appt","26","0","Answering Machine","0.0000","0.0000","","","Dana Whitfield","2/1/2026","2/28/2026","ALL","ALL","ALL","ALL","8/7/2026 3:00:58 PM","True","ALL"
"Out-of-Area","","","398870","(555)555-0238","","","","",",","","2/6/2026","","AM","0","0","Data","Iheart","","","","Simpletext","AM","Data-Data Only - No Appt","32","0","Answering Machine","0.0000","0.0000","","","Dana Whitfield","2/1/2026","2/28/2026","ALL","ALL","ALL","ALL","8/7/2026 3:00:58 PM","True","ALL"
"Out-of-Area","","","398871","(555)555-0239","","","","",",","","2/6/2026","","DNC","0","0","Data","Iheart","","","","Simpletext","DNC","Data-Data Only - No Appt","5","0","Asked DNC","0.0000","0.0000","","","Dana Whitfield","2/1/2026","2/28/2026","ALL","ALL","ALL","ALL","8/7/2026 3:00:58 PM","True","ALL"
"Out-of-Area","","","398872","(555)555-0240","","","","",",","","2/6/2026","","NI","0","0","Data","Iheart","","","","Simpletext","NI","Data-Data Only - No Appt","2","0","No Interest Now","0.0000","0.0000","","","Dana Whitfield","2/1/2026","2/28/2026","ALL","ALL","ALL","ALL","8/7/2026 3:00:58 PM","True","ALL"
"Superseded","","","398875","(555)555-0241","","","","",",","","2/6/2026","","AM","0","","Data","Iheart","","","","Simpletext","AM","Data-Data Only - No Appt","125","3","Answering Machine","0.0000","0.0000","","","Dana Whitfield","2/1/2026","2/28/2026","ALL","ALL","ALL","ALL","8/7/2026 3:00:58 PM","True","ALL"
"Out-of-Area","","Given0242","398994","(555)555-0242","","","","",",","","2/6/2026","","NA","0","0","Data","Iheart","","","","Simpletext","NA","Data-Data Only - No Appt","33","0","No Answer","0.0000","0.0000","","","Dana Whitfield","2/1/2026","2/28/2026","ALL","ALL","ALL","ALL","8/7/2026 3:00:58 PM","True","ALL"
"Out-of-Area","","Given0243","398995","(555)555-0243","","","","",",","","2/6/2026","","NA","0","0","Data","Iheart","","","","Simpletext","NA","Data-Data Only - No Appt","30","0","No Answer","0.0000","0.0000","","","Dana Whitfield","2/1/2026","2/28/2026","ALL","ALL","ALL","ALL","8/7/2026 3:00:58 PM","True","ALL"
"Out-of-Area","","Given0244","399002","(555)555-0244","","","","",",","","2/6/2026","","NA","0","0","Data","Iheart","","","","Simpletext","NA","Data-Data Only - No Appt","33","0","No Answer","0.0000","0.0000","","","Dana Whitfield","2/1/2026","2/28/2026","ALL","ALL","ALL","ALL","8/7/2026 3:00:58 PM","True","ALL"
"Out-of-Area","","Given0245","399041","(555)555-0245","","","","",",","","2/6/2026","","NI","0","0","Data","Iheart","","","","Simpletext","NI","Data-Data Only - No Appt","7","0","No Interest Now","0.0000","0.0000","","","Dana Whitfield","2/1/2026","2/28/2026","ALL","ALL","ALL","ALL","8/7/2026 3:00:58 PM","True","ALL"
"Out-of-Area","","Given0246","399041","(555)555-0246","","","","",",","","2/6/2026","","NI","0","0","Data","Iheart","","","","Simpletext","NI","Data-Data Only - No Appt","7","0","No Interest Now","0.0000","0.0000","","","Dana Whitfield","2/1/2026","2/28/2026","ALL","ALL","ALL","ALL","8/7/2026 3:00:58 PM","True","ALL"
"Out-of-Area","Surname0247","Given0247","398649","(555)555-0247","347 Example St","City0038","SC","90073","City0038, SC  90073","person0247@example.com","2/6/2026","","BZ","0","0","Data","Internet","","","Internet, Lead Gurus","Lead Gurus","BZ","Data-Data Only - No Appt","25","0","Busy","0.0000","0.0000","","","Dana Whitfield","2/1/2026","2/28/2026","ALL","ALL","ALL","ALL","8/7/2026 3:00:58 PM","True","ALL"
"Out-of-Area","Surname0248","Given0248","399011","(555)555-0248","348 Example St","City0005","FL","34446","City0005, FL  34446","person0248@example.com","2/6/2026","","AM","0","0","Data","Internet","","","Internet, Lead Gurus","Lead Gurus","AM","Data-Data Only - No Appt","28","0","Answering Machine","0.0000","0.0000","","","Dana Whitfield","2/1/2026","2/28/2026","ALL","ALL","ALL","ALL","8/7/2026 3:00:58 PM","True","ALL"
"Out-of-Area","Surname0249","Given0249","398792","(555)555-0249","349 Example St","City0039","FL","32119","City0039, FL  32119","person0249@example.com","2/6/2026","Win","AM","0","0","Data","Internet","","","Internet, MyHomePros","MyHomePros","AM","Data-Data Only - No Appt","33","0","Answering Machine","0.0000","0.0000","","","Dana Whitfield","2/1/2026","2/28/2026","ALL","ALL","ALL","ALL","8/7/2026 3:00:58 PM","True","ALL"
"Superseded","Surname0250","Given0250","371929","(555)555-0250","350 Example St","City0040","FL","33950","City0040, FL  33950","","2/6/2026","","OS","0","0","Data","Iheart","","","","Simpletext","OS","Data-Data Only - No Appt","44","2","Can't Do Project","0.0000","0.0000","","","Dana Whitfield","2/1/2026","2/28/2026","ALL","ALL","ALL","ALL","8/7/2026 3:00:58 PM","True","ALL"
"Out-of-Area","Surname0251","Given0251","398890","(555)555-0251","351 Example St","City0035","FL","32127","City0035, FL  32127","person0251@example.com","2/6/2026","Win","AM","0","0","Data","Internet","","","Internet, MyHomePros","MyHomePros","AM","Data-Data Only - No Appt","31","0","Answering Machine","0.0000","0.0000","","","Dana Whitfield","2/1/2026","2/28/2026","ALL","ALL","ALL","ALL","8/7/2026 3:00:58 PM","True","ALL"
"Out-of-Area","Surname0252","Given0252","398923","(555)555-0252","352 Example St","City0009","FL","34433","City0009, FL  34433","","2/6/2026","","","0","0","Data","Affiliates","Nash","","Affiliate, LeadPilot","LeadPilot","","Data-Data Only - No Appt","0","0","","0.0000","0.0000","","","Dana Whitfield","2/1/2026","2/28/2026","ALL","ALL","ALL","ALL","8/7/2026 3:00:58 PM","True","ALL"
"Out-of-Area","Surname0253","Given0253","398755","","","","","",",","person0253@example.com","2/6/2026","","","1","26","Data","Internet","","","Internet, Chat (REECE WEBSITE)","Chat (REECE WEBSITE)","","Data-Data Only - No Appt","0","0","","0.0000","0.0000","","","Dana Whitfield","2/1/2026","2/28/2026","ALL","ALL","ALL","ALL","8/7/2026 3:00:58 PM","True","ALL"
"Out-of-Area","Surname0254","Given0254","223219","(555)555-0254","354 Example St","City0041","FL","34736","City0041, FL  34736","person0254@example.com","2/6/2026","","DNC","0","0","Data","Internet","","","Internet, Chat (REECE WEBSITE)","Chat (REECE WEBSITE)","DNC","Data-Data Only - No Appt","5","0","Asked DNC","0.0000","0.0000","","","Dana Whitfield","2/1/2026","2/28/2026","ALL","ALL","ALL","ALL","8/7/2026 3:00:58 PM","True","ALL"
"Out-of-Area","Surname0255","Given0255","398865","(555)555-0255","355 Example St","City0042","FL","32931","City0042, FL  32931","person0255@example.com","2/6/2026","Win","OOA","0","0","Data","Internet","","","Internet, Lead Gurus","Lead Gurus","OOA","Data-Data Only - No Appt","3","0","Out of Area","0.0000","0.0000","","","Dana Whitfield","2/1/2026","2/28/2026","ALL","ALL","ALL","ALL","8/7/2026 3:00:58 PM","True","ALL"
"Out-of-Area","Surname0256","Given0256","363554","(555)555-0256","356 Example St","City0043","FL","32773","City0043, FL  32773","","2/6/2026","","AM","0","0","Data","Iheart","","","","Simpletext","AM","Data-Data Only - No Appt","2","0","Answering Machine","0.0000","0.0000","","","Dana Whitfield","2/1/2026","2/28/2026","ALL","ALL","ALL","ALL","8/7/2026 3:00:58 PM","True","ALL"
"Out-of-Area","","","266457","(555)555-0257","","","","",",","","2/7/2026","","AM","0","0","Data","Iheart","","","","Simpletext","AM","Data-Data Only - No Appt","29","0","Answering Machine","0.0000","0.0000","","","Dana Whitfield","2/1/2026","2/28/2026","ALL","ALL","ALL","ALL","8/7/2026 3:00:58 PM","True","ALL"
"Out-of-Area","","","399046","","","City0044","FL","","City0044, FL","person0258@example.com","2/7/2026","","","1","31","Data","Affiliates","","","","Prolific Marketing","","Data-Data Only - No Appt","0","0","","0.0000","0.0000","","","Dana Whitfield","2/1/2026","2/28/2026","ALL","ALL","ALL","ALL","8/7/2026 3:00:58 PM","True","ALL"
"Out-of-Area","","","399047","","","City0045","FL","","City0045, FL","person0259@example.com","2/7/2026","","","1","31","Data","Affiliates","","","","Prolific Marketing","","Data-Data Only - No Appt","0","0","","0.0000","0.0000","","","Dana Whitfield","2/1/2026","2/28/2026","ALL","ALL","ALL","ALL","8/7/2026 3:00:58 PM","True","ALL"
"Out-of-Area","","","399145","(555)555-0260","","","","",",","","2/7/2026","","NA","0","0","Data","Iheart","","","","Simpletext","NA","Data-Data Only - No Appt","34","0","No Answer","0.0000","0.0000","","","Dana Whitfield","2/1/2026","2/28/2026","ALL","ALL","ALL","ALL","8/7/2026 3:00:58 PM","True","ALL"
"Out-of-Area","","","399177","(555)555-0261","","","","",",","","2/7/2026","","AM","0","0","Data","Iheart","","","","Simpletext","AM","Data-Data Only - No Appt","34","0","Answering Machine","0.0000","0.0000","","","Dana Whitfield","2/1/2026","2/28/2026","ALL","ALL","ALL","ALL","8/7/2026 3:00:58 PM","True","ALL"
"Out-of-Area","","","399191","(555)555-0262","","","","",",","","2/7/2026","","DNC","0","0","Data","Internet","Nash","","Internet, Googgle PPC Windows","Google PPC Windows","DNC","Data-Data Only - No Appt","1","0","Asked DNC","0.0000","0.0000","","","Dana Whitfield","2/1/2026","2/28/2026","ALL","ALL","ALL","ALL","8/7/2026 3:00:58 PM","True","ALL"
"Out-of-Area","","Given0263","399195","(555)555-0263","","","","",",","","2/7/2026","","NA","0","0","Data","Iheart","","","","Simpletext","NA","Data-Data Only - No Appt","34","0","No Answer","0.0000","0.0000","","","Dana Whitfield","2/1/2026","2/28/2026","ALL","ALL","ALL","ALL","8/7/2026 3:00:58 PM","True","ALL"
"Out-of-Area","","Given0264","399195","(555)555-0264","","","","",",","","2/7/2026","","NA","0","0","Data","Iheart","","","","Simpletext","NA","Data-Data Only - No Appt","34","0","No Answer","0.0000","0.0000","","","Dana Whitfield","2/1/2026","2/28/2026","ALL","ALL","ALL","ALL","8/7/2026 3:00:58 PM","True","ALL"
"Out-of-Area","","","399265","(555)555-0265","","","","",",","","2/7/2026","","NI","0","0","Data","Iheart","","","","Simpletext","NI","Data-Data Only - No Appt","2","0","No Interest Now","0.0000","0.0000","","","Dana Whitfield","2/1/2026","2/28/2026","ALL","ALL","ALL","ALL","8/7/2026 3:00:58 PM","True","ALL"
"Out-of-Area","","","399277","(555)555-0266","","","","",",","","2/7/2026","","AM","0","0","Data","Iheart","","","","Simpletext","AM","Data-Data Only - No Appt","29","0","Answering Machine","0.0000","0.0000","","","Dana Whitfield","2/1/2026","2/28/2026","ALL","ALL","ALL","ALL","8/7/2026 3:00:58 PM","True","ALL"
"Out-of-Area","","Given0267","399278","(555)555-0267","","","","",",","","2/7/2026","","NA","0","0","Data","Iheart","","","","Simpletext","NA","Data-Data Only - No Appt","20","0","No Answer","0.0000","0.0000","","","Dana Whitfield","2/1/2026","2/28/2026","ALL","ALL","ALL","ALL","8/7/2026 3:00:58 PM","True","ALL"
"Out-of-Area","","","399303","(555)555-0268","","","","",",","","2/7/2026","","NA","0","0","Data","Iheart","","","","Simpletext","NA","Data-Data Only - No Appt","34","0","No Answer","0.0000","0.0000","","","Dana Whitfield","2/1/2026","2/28/2026","ALL","ALL","ALL","ALL","8/7/2026 3:00:58 PM","True","ALL"
"Out-of-Area","","","399317","(555)555-0269","","","","",",","","2/7/2026","","NI","0","0","Data","Iheart","","","","Simpletext","NI","Data-Data Only - No Appt","5","0","No Interest Now","0.0000","0.0000","","","Dana Whitfield","2/1/2026","2/28/2026","ALL","ALL","ALL","ALL","8/7/2026 3:00:58 PM","True","ALL"
"Superseded","Surname0270","Given0270","379788","(555)555-0270","370 Example St","City0046","FL","33511","City0046, FL  33511","person0270@example.com","2/7/2026","","NA","0","","Data","Iheart","","","","Simpletext","NA","Data-Data Only - No Appt","69","2","No Answer","0.0000","0.0000","","","Dana Whitfield","2/1/2026","2/28/2026","ALL","ALL","ALL","ALL","8/7/2026 3:00:58 PM","True","ALL"
"Out-of-Area","Surname0271","Given0271","399358","(555)555-0271","","","","",",","person0271@example.com","2/7/2026","","DNC","0","0","DNC","Internet","","","Internet, Chat (REECE WEBSITE)","Chat (REECE WEBSITE)","DNC","DNC-Do Not Call","7","0","Asked DNC","0.0000","0.0000","","","Dana Whitfield","2/1/2026","2/28/2026","ALL","ALL","ALL","ALL","8/7/2026 3:00:58 PM","True","ALL"
"Out-of-Area","Surname0272","Given0272","395773","(555)555-0272","372 Example St","City0047","FL","33563","City0047, FL  33563","person0272@example.com","2/7/2026","","HU","0","0","Data","Internet","","","Internet, Lead Gurus","Lead Gurus","HU","Data-Data Only - No Appt","3","0","Hung Up","0.0000","0.0000","","","Dana Whitfield","2/1/2026","2/28/2026","ALL","ALL","ALL","ALL","8/7/2026 3:00:58 PM","True","ALL"
"Out-of-Area","Surname0273","Given0273","34002","(555)555-0273","373 Example St","City0048","FL","33778","City0048, FL  33778","person0273@example.com","2/7/2026","","TX","1","26","Data","Internet","","","Internet, Chat (REECE WEBSITE)","Chat (REECE WEBSITE)","TX","Data-Data Only - No Appt","2","0","Trans to 3rd Party","0.0000","0.0000","","","Dana Whitfield","2/1/2026","2/28/2026","ALL","ALL","ALL","ALL","8/7/2026 3:00:58 PM","True","ALL"
"Out-of-Area","Surname0274","Given0274","399306","(555)555-0274","374 Example St","City0049","FL","39272","City0049, FL  39272","person0274@example.com","2/7/2026","","RMH","0","0","Data","Internet","","","Internet, Lead Gurus","Lead Gurus","RMH","Data-Data Only - No Appt","2","0","Renter/Mobile Home","0.0000","0.0000","","","Dana Whitfield","2/1/2026","2/28/2026","ALL","ALL","ALL","ALL","8/7/2026 3:00:58 PM","True","ALL"
"Out-of-Area","Surname0275","Given0275","399188","(555)555-0275","375 Example St","City0035","FL","32128","City0035, FL  32128","person0275@example.com","2/7/2026","Win","COMP","0","0","Data","Internet","","","Internet, MyHomePros","MyHomePros","COMP","Data-Data Only - No Appt","17","0","Bought Competition","0.0000","0.0000","","","Dana Whitfield","2/1/2026","2/28/2026","ALL","ALL","ALL","ALL","8/7/2026 3:00:58 PM","True","ALL"
"Out-of-Area","Surname0276","Given0276","183215","(555)555-0276","376 Example St","City0050","FL","34652","City0051, FL  34652","person0276@example.com","2/7/2026","","NI","0","","Data","Iheart","","","","Simpletext","NI","Data-Data Only - No Appt","12","0","No Interest Now","0.0000","0.0000","","","Dana Whitfield","2/1/2026","2/28/2026","ALL","ALL","ALL","ALL","8/7/2026 3:00:58 PM","True","ALL"
"Out-of-Area","Surname0277","Given0277","399313","(555)555-0277","377 Example St","City0034","FL","32968","City0034, FL  32968","person0277@example.com","2/7/2026","","HU","0","0","Data","Internet","","","Internet, Lead Gurus","Lead Gurus","HU","Data-Data Only - No Appt","10","0","Hung Up","0.0000","0.0000","","","Dana Whitfield","2/1/2026","2/28/2026","ALL","ALL","ALL","ALL","8/7/2026 3:00:58 PM","True","ALL"
"Out-of-Area","","","321727","(555)555-0278","","","","",",","","2/8/2026","","NA","0","0","Data","Iheart","","","","Simpletext","NA","Data-Data Only - No Appt","33","0","No Answer","0.0000","0.0000","","","Dana Whitfield","2/1/2026","2/28/2026","ALL","ALL","ALL","ALL","8/7/2026 3:00:58 PM","True","ALL"
"Out-of-Area","","","399348","(555)555-0279","","","","",",","","2/8/2026","","DNC","0","0","Data","Iheart","","","","Simpletext","DNC","Data-Data Only - No Appt","4","0","Asked DNC","0.0000","0.0000","","","Dana Whitfield","2/1/2026","2/28/2026","ALL","ALL","ALL","ALL","8/7/2026 3:00:58 PM","True","ALL"
"Out-of-Area","","","399348","(555)555-0280","","","","",",","","2/8/2026","","","0","0","Data","Iheart","","","","Simpletext","","Data-Data Only - No Appt","4","0","","0.0000","0.0000","","","Dana Whitfield","2/1/2026","2/28/2026","ALL","ALL","ALL","ALL","8/7/2026 3:00:58 PM","True","ALL"
"Out-of-Area","","","399418","(555)555-0281","","","","",",","","2/8/2026","","AM","0","0","Data","Iheart","","","","Simpletext","AM","Data-Data Only - No Appt","2","0","Answering Machine","0.0000","0.0000","","","Dana Whitfield","2/1/2026","2/28/2026","ALL","ALL","ALL","ALL","8/7/2026 3:00:58 PM","True","ALL"
"Out-of-Area","","","399418","(555)555-0282","","","","",",","","2/8/2026","","","0","0","Data","Iheart","","","","Simpletext","","Data-Data Only - No Appt","2","0","","0.0000","0.0000","","","Dana Whitfield","2/1/2026","2/28/2026","ALL","ALL","ALL","ALL","8/7/2026 3:00:58 PM","True","ALL"
"Out-of-Area","","Given0283","399446","(555)555-0283","","","","",",","","2/8/2026","","DNC","0","0","Data","Iheart","","","","Simpletext","DNC","Data-Data Only - No Appt","9","0","Asked DNC","0.0000","0.0000","","","Dana Whitfield","2/1/2026","2/28/2026","ALL","ALL","ALL","ALL","8/7/2026 3:00:58 PM","True","ALL"
"Out-of-Area","","Given0284","399448","(555)555-0284","","","","",",","","2/8/2026","","NA","0","0","Data","Iheart","","","","Simpletext","NA","Data-Data Only - No Appt","24","0","No Answer","0.0000","0.0000","","","Dana Whitfield","2/1/2026","2/28/2026","ALL","ALL","ALL","ALL","8/7/2026 3:00:58 PM","True","ALL"
"Out-of-Area","Surname0285","Given0285","399468","(555)555-0285","385 Example St","City0036","FL","33145","City0036, FL  33145","person0285@example.com","2/8/2026","","NI","0","0","Data","Internet","","","Internet, Lead Gurus","Lead Gurus","NI","Data-Data Only - No Appt","1","0","No Interest Now","0.0000","0.0000","","","Dana Whitfield","2/1/2026","2/28/2026","ALL","ALL","ALL","ALL","8/7/2026 3:00:58 PM","True","ALL"
"Out-of-Area","Surname0286","Given0286","399206","(555)555-0286","386 Example St","City0052","FL","32779","City0052, FL  32779","person0286@example.com","2/8/2026","","NA","0","0","Data","Internet","","","Internet, Chat (REECE WEBSITE)","Chat (REECE WEBSITE)","NA","Data-Data Only - No Appt","35","0","No Answer","0.0000","0.0000","","","Dana Whitfield","2/1/2026","2/28/2026","ALL","ALL","ALL","ALL","8/7/2026 3:00:58 PM","True","ALL"
"Out-of-Area","Surname0287","Given0287","399417","(555)555-0287","387 Example St","City0053","GA","30034","City0053, GA  30034","person0287@example.com","2/8/2026","","OOA","0","0","Data","Internet","","","Internet, Lead Gurus","Lead Gurus","OOA","Data-Data Only - No Appt","3","0","Out of Area","0.0000","0.0000","","","Dana Whitfield","2/1/2026","2/28/2026","ALL","ALL","ALL","ALL","8/7/2026 3:00:58 PM","True","ALL"
"Out-of-Area","Surname0288","Given0288","399460","(555)555-0288","","","","",",","person0288@example.com","2/8/2026","","NI","0","0","Data","Internet","","","Internet, Chat (REECE WEBSITE)","Chat (REECE WEBSITE)","NI","Data-Data Only - No Appt","1","0","No Interest Now","0.0000","0.0000","","","Dana Whitfield","2/1/2026","2/28/2026","ALL","ALL","ALL","ALL","8/7/2026 3:00:58 PM","True","ALL"
"Out-of-Area","Surname0289","Given0289","399525","","","","nu","",", nu","person0289@example.com","2/8/2026","","","1","9","Data","Internet","","","Internet, Chat (REECE WEBSITE)","Chat (REECE WEBSITE)","","Data-Data Only - No Appt","0","0","","0.0000","0.0000","","","Dana Whitfield","2/1/2026","2/28/2026","ALL","ALL","ALL","ALL","8/7/2026 3:00:58 PM","True","ALL"
"Out-of-Area","Surname0290","Given0290","399329","(555)555-0290","","","","36040",",     36040","person0290@example.com","2/8/2026","","","0","0","Data","Internet","","","Internet, Socius Marketing","Google PPC Windows","","Data-Data Only - No Appt","0","0","","0.0000","0.0000","","","Dana Whitfield","2/1/2026","2/28/2026","ALL","ALL","ALL","ALL","8/7/2026 3:00:58 PM","True","ALL"
"Out-of-Area","Surname0291","Given0291","399469","(555)555-0291","","","","",",","","2/8/2026","Door","NA","0","0","Data","Internet","","","Internet, Chat (REECE WEBSITE)","Chat (REECE WEBSITE)","NA","Data-Data Only - No Appt","25","0","No Answer","0.0000","0.0000","","","Dana Whitfield","2/1/2026","2/28/2026","ALL","ALL","ALL","ALL","8/7/2026 3:00:58 PM","True","ALL"
"Out-of-Area","Surname0292","Given0292","399465","(555)555-0292","","","nu","",", nu","","2/8/2026","","NA","0","","DNC","Internet","Nash","","Internet, Chat (REECE WEBSITE)","Chat (REECE WEBSITE)","NA","DNC-Do Not Call","21","0","No Answer","0.0000","0.0000","","","Dana Whitfield","2/1/2026","2/28/2026","ALL","ALL","ALL","ALL","8/7/2026 3:00:58 PM","True","ALL"
"Out-of-Area","Surname0293","Given0293","399425","(555)555-0293","393 Example St","City0032","FL","","City0032, FL","person0293@example.com","2/8/2026","","AM","0","0","Data","Internet","","","Internet, Lead Gurus","Lead Gurus","AM","Data-Data Only - No Appt","29","0","Answering Machine","0.0000","0.0000","","","Dana Whitfield","2/1/2026","2/28/2026","ALL","ALL","ALL","ALL","8/7/2026 3:00:58 PM","True","ALL"
"Out-of-Area","Surname0294","Given0294","399522","(555)555-0294","394 Example St","City0054","FL","77566","City0054, FL  77566","person0294@example.com","2/8/2026","","OS","0","0","Data","Internet","","","Internet, Lead Gurus","Lead Gurus","OS","Data-Data Only - No Appt","4","0","Can't Do Project","0.0000","0.0000","","","Dana Whitfield","2/1/2026","2/28/2026","ALL","ALL","ALL","ALL","8/7/2026 3:00:58 PM","True","ALL"
"Out-of-Area","Surname0295","Given0295","399340","(555)555-0295","","","","",",","person0295@example.com","2/8/2026","","AM","0","0","Data","Internet","","","Internet, Chat (REECE WEBSITE)","Chat (REECE WEBSITE)","AM","Data-Data Only - No Appt","23","0","Answering Machine","0.0000","0.0000","","","Dana Whitfield","2/1/2026","2/28/2026","ALL","ALL","ALL","ALL","8/7/2026 3:00:58 PM","True","ALL"
"Out-of-Area","Surname0296","Given0296","399340","(555)555-0296","","","","",",","person0296@example.com","2/8/2026","","AM","0","0","Data","Internet","","","Internet, Chat (REECE WEBSITE)","Chat (REECE WEBSITE)","AM","Data-Data Only - No Appt","23","0","Answering Machine","0.0000","0.0000","","","Dana Whitfield","2/1/2026","2/28/2026","ALL","ALL","ALL","ALL","8/7/2026 3:00:58 PM","True","ALL"
"Out-of-Area","","Given0297","343066","(555)555-0297","","","","",",","","2/9/2026","","NA","0","0","Data","Iheart","","","","Simpletext","NA","Data-Data Only - No Appt","31","0","No Answer","0.0000","0.0000","","","Dana Whitfield","2/1/2026","2/28/2026","ALL","ALL","ALL","ALL","8/7/2026 3:00:58 PM","True","ALL"
"Out-of-Area","","Given0298","371928","(555)555-0298","","","","",",","","2/9/2026","","NA","0","0","Data","Iheart","","","","Simpletext","NA","Data-Data Only - No Appt","29","0","No Answer","0.0000","0.0000","","","Dana Whitfield","2/1/2026","2/28/2026","ALL","ALL","ALL","ALL","8/7/2026 3:00:58 PM","True","ALL"
"Superseded","","Given0299","368973","(555)555-0299","","","","",",","","2/9/2026","","NA","0","","Data","Iheart","","","","Simpletext","NA","Data-Data Only - No Appt","60","1","No Answer","0.0000","0.0000","","","Dana Whitfield","2/1/2026","2/28/2026","ALL","ALL","ALL","ALL","8/7/2026 3:00:58 PM","True","ALL"
"Out-of-Area","","","398009","(555)555-0300","","","","",",","","2/9/2026","","DNC","0","0","Data","Iheart","","","","Simpletext","DNC","Data-Data Only - No Appt","14","0","Asked DNC","0.0000","0.0000","","","Dana Whitfield","2/1/2026","2/28/2026","ALL","ALL","ALL","ALL","8/7/2026 3:00:58 PM","True","ALL"
"Out-of-Area","","Given0301","399498","(555)555-0301","","","","",",","","2/9/2026","","NA","0","0","Data","Iheart","","","","Simpletext","NA","Data-Data Only - No Appt","36","0","No Answer","0.0000","0.0000","","","Dana Whitfield","2/1/2026","2/28/2026","ALL","ALL","ALL","ALL","8/7/2026 3:00:58 PM","True","ALL"
"Out-of-Area","","Given0302","399502","(555)555-0302","","","","",",","","2/9/2026","","NA","0","0","Data","Iheart","","","","Simpletext","NA","Data-Data Only - No Appt","39","0","No Answer","0.0000","0.0000","","","Dana Whitfield","2/1/2026","2/28/2026","ALL","ALL","ALL","ALL","8/7/2026 3:00:58 PM","True","ALL"
"Out-of-Area","","","399504","(555)555-0303","","","","",",","","2/9/2026","","NI","0","0","Data","Iheart","","","","Simpletext","NI","Data-Data Only - No Appt","12","0","No Interest Now","0.0000","0.0000","","","Dana Whitfield","2/1/2026","2/28/2026","ALL","ALL","ALL","ALL","8/7/2026 3:00:58 PM","True","ALL"
"Out-of-Area","","Given0304","399521","(555)555-0304","","","","",",","","2/9/2026","","NI","0","0","Data","Iheart","","","","Simpletext","NI","Data-Data Only - No Appt","37","0","No Interest Now","0.0000","0.0000","","","Dana Whitfield","2/1/2026","2/28/2026","ALL","ALL","ALL","ALL","8/7/2026 3:00:58 PM","True","ALL"
"Out-of-Area","","","399619","(555)555-0305","","","","",",","","2/9/2026","","HU","0","0","Data","Internet","Nash","","Internet, Googgle PPC Windows","Google PPC Windows","HU","Data-Data Only - No Appt","12","0","Hung Up","0.0000","0.0000","","","Dana Whitfield","2/1/2026","2/28/2026","ALL","ALL","ALL","ALL","8/7/2026 3:00:58 PM","True","ALL"
"Out-of-Area","","Given0306","399633","(555)555-0306","","","","",",","","2/9/2026","","BD","0","0","Data","Iheart","","","","Simpletext","BD","Data-Data Only - No Appt","11","0","Bad Data","0.0000","0.0000","","","Dana Whitfield","2/1/2026","2/28/2026","ALL","ALL","ALL","ALL","8/7/2026 3:00:58 PM","True","ALL"
"Out-of-Area","","Given0307","399646","(555)555-0307","","","","",",","","2/9/2026","","NA","0","0","Data","Iheart","","","","Simpletext","NA","Data-Data Only - No Appt","38","0","No Answer","0.0000","0.0000","","","Dana Whitfield","2/1/2026","2/28/2026","ALL","ALL","ALL","ALL","8/7/2026 3:00:58 PM","True","ALL"
"Out-of-Area","","","399649","(555)555-0308","","","","",",","","2/9/2026","","DNC","0","0","Data","Internet","Nash","","Internet, Googgle PPC Windows","Google PPC Windows","DNC","Data-Data Only - No Appt","1","0","Asked DNC","0.0000","0.0000","","","Dana Whitfield","2/1/2026","2/28/2026","ALL","ALL","ALL","ALL","8/7/2026 3:00:58 PM","True","ALL"
"Out-of-Area","","Given0309","399679","(555)555-0309","","","","",",","","2/9/2026","Win","DNC","0","0","Data","Internet","","","Internet, Googgle PPC Windows","Google PPC Windows","DNC","Data-Data Only - No Appt","1","0","Asked DNC","0.0000","0.0000","","","Dana Whitfield","2/1/2026","2/28/2026","ALL","ALL","ALL","ALL","8/7/2026 3:00:58 PM","True","ALL"
"Out-of-Area","","","399682","(555)555-0310","","","nu","",", nu","","2/9/2026","","AM","1","9","Data","Iheart","","","","Simpletext","AM","Data-Data Only - No Appt","49","0","Answering Machine","0.0000","0.0000","","","Dana Whitfield","2/1/2026","2/28/2026","ALL","ALL","ALL","ALL","8/7/2026 3:00:58 PM","True","ALL"
"Out-of-Area","","","399689","(555)555-0311","","","","",",","","2/9/2026","","AM","0","0","Data","Iheart","","","","Simpletext","AM","Data-Data Only - No Appt","33","0","Answering Machine","0.0000","0.0000","","","Dana Whitfield","2/1/2026","2/28/2026","ALL","ALL","ALL","ALL","8/7/2026 3:00:58 PM","True","ALL"
"Out-of-Area","","","399704","(555)555-0312","","","","",",","","2/9/2026","","AM","0","0","Data","Iheart","","","","Simpletext","AM","Data-Data Only - No Appt","36","0","Answering Machine","0.0000","0.0000","","","Dana Whitfield","2/1/2026","2/28/2026","ALL","ALL","ALL","ALL","8/7/2026 3:00:58 PM","True","ALL"
"Out-of-Area","","Given0313","399721","(555)555-0313","","","","",",","","2/9/2026","","NA","0","0","Data","Iheart","","","","Simpletext","NA","Data-Data Only - No Appt","36","0","No Answer","0.0000","0.0000","","","Dana Whitfield","2/1/2026","2/28/2026","ALL","ALL","ALL","ALL","8/7/2026 3:00:58 PM","True","ALL"
"Out-of-Area","","Given0314","399736","(555)555-0314","","","","",",","","2/9/2026","","AM","0","0","Data","Iheart","","","","Simpletext","AM","Data-Data Only - No Appt","33","0","Answering Machine","0.0000","0.0000","","","Dana Whitfield","2/1/2026","2/28/2026","ALL","ALL","ALL","ALL","8/7/2026 3:00:58 PM","True","ALL"
"Out-of-Area","","Given0315","399744","(555)555-0315","","","","",",","","2/9/2026","","NA","0","0","Data","Iheart","","","","Simpletext","NA","Data-Data Only - No Appt","35","0","No Answer","0.0000","0.0000","","","Dana Whitfield","2/1/2026","2/28/2026","ALL","ALL","ALL","ALL","8/7/2026 3:00:58 PM","True","ALL"
"Out-of-Area","","","399746","(555)555-0316","","","","",",","","2/9/2026","","AM","0","0","Data","Iheart","","","","Simpletext","AM","Data-Data Only - No Appt","31","0","Answering Machine","0.0000","0.0000","","","Dana Whitfield","2/1/2026","2/28/2026","ALL","ALL","ALL","ALL","8/7/2026 3:00:58 PM","True","ALL"
"Out-of-Area","","Given0317","399760","(555)555-0317","","","","",",","","2/9/2026","","NA","0","0","Data","Iheart","","","","Simpletext","NA","Data-Data Only - No Appt","30","0","No Answer","0.0000","0.0000","","","Dana Whitfield","2/1/2026","2/28/2026","ALL","ALL","ALL","ALL","8/7/2026 3:00:58 PM","True","ALL"
"Out-of-Area","","","399762","(555)555-0318","","","","",",","","2/9/2026","","NA","0","0","Data","Iheart","","","","Simpletext","NA","Data-Data Only - No Appt","28","0","No Answer","0.0000","0.0000","","","Dana Whitfield","2/1/2026","2/28/2026","ALL","ALL","ALL","ALL","8/7/2026 3:00:58 PM","True","ALL"
"Out-of-Area","","","399771","(555)555-0319","","","","",",","","2/9/2026","","HU","0","0","Data","Iheart","","","","Simpletext","HU","Data-Data Only - No Appt","23","0","Hung Up","0.0000","0.0000","","","Dana Whitfield","2/1/2026","2/28/2026","ALL","ALL","ALL","ALL","8/7/2026 3:00:58 PM","True","ALL"
"Out-of-Area","","","399788","(555)555-0320","","","","",",","","2/9/2026","","AM","0","0","Data","Iheart","","","","Simpletext","AM","Data-Data Only - No Appt","29","0","Answering Machine","0.0000","0.0000","","","Dana Whitfield","2/1/2026","2/28/2026","ALL","ALL","ALL","ALL","8/7/2026 3:00:58 PM","True","ALL"
"Out-of-Area","Surname0321","Given0321","399496","(555)555-0321","","","","",",","","2/9/2026","","NA","0","0","Data","Iheart","","","","Simpletext","NA","Data-Data Only - No Appt","37","0","No Answer","0.0000","0.0000","","","Dana Whitfield","2/1/2026","2/28/2026","ALL","ALL","ALL","ALL","8/7/2026 3:00:58 PM","True","ALL"
"Out-of-Area","Surname0322","Given0322","281745","(555)555-0322","422 Example St","City0055","FL","34608","City0055, FL  34608","person0322@example.com","2/9/2026","","HU","0","0","Data","Iheart","","","","Simpletext","HU","Data-Data Only - No Appt","2","0","Hung Up","0.0000","0.0000","","","Dana Whitfield","2/1/2026","2/28/2026","ALL","ALL","ALL","ALL","8/7/2026 3:00:58 PM","True","ALL"
"Out-of-Area","Surname0323","Given0323","399634","(555)555-0323","","","","",",","person0323@example.com","2/9/2026","","CONF","0","0","Data","Internet","","","Internet, Chat (REECE WEBSITE)","Chat (REECE WEBSITE)","CONF","Data-Data Only - No Appt","1","0","Confirmed","0.0000","0.0000","","","Dana Whitfield","2/1/2026","2/28/2026","ALL","ALL","ALL","ALL","8/7/2026 3:00:58 PM","True","ALL"
"Out-of-Area","Surname0324","Given0324","399643","(555)555-0324","424 Example St","City0009","FL","34431","City0009, FL  34431","person0324@example.com","2/9/2026","Win","NA","0","0","Data","Internet","","","Internet, Lead Gurus","Lead Gurus","NA","Data-Data Only - No Appt","28","0","No Answer","0.0000","0.0000","","","Dana Whitfield","2/1/2026","2/28/2026","ALL","ALL","ALL","ALL","8/7/2026 3:00:58 PM","True","ALL"
"Out-of-Area","Surname0325","Given0325","399773","","","","nu","",", nu","person0325@example.com","2/9/2026","","","1","9","Data","Internet","","","Internet, Chat (REECE WEBSITE)","Chat (REECE WEBSITE)","","Data-Data Only - No Appt","0","0","","0.0000","0.0000","","","Dana Whitfield","2/1/2026","2/28/2026","ALL","ALL","ALL","ALL","8/7/2026 3:00:58 PM","True","ALL"
"Out-of-Area","Surname0326","Given0326","399934","(555)555-0326","","","nu","",", nu","person0326@example.com","2/9/2026","Win","NI","0","","DNC","Internet","Nash","","Internet, Chat (REECE WEBSITE)","Chat (REECE WEBSITE)","NI","DNC-Do Not Call","2","0","No Interest Now","0.0000","0.0000","","","Dana Whitfield","2/1/2026","2/28/2026","ALL","ALL","ALL","ALL","8/7/2026 3:00:58 PM","True","ALL"
"Out-of-Area","Surname0327","Given0327","399628","(555)555-0327","","","","",",","","2/9/2026","","NA","0","0","Data","Internet","","","Internet, Chat (REECE WEBSITE)","Chat (REECE WEBSITE)","NA","Data-Data Only - No Appt","34","0","No Answer","0.0000","0.0000","","","Dana Whitfield","2/1/2026","2/28/2026","ALL","ALL","ALL","ALL","8/7/2026 3:00:58 PM","True","ALL"
"Out-of-Area","Surname0328","Given0328","399569","(555)555-0328","","","","34974",",     34974","person0328@example.com","2/9/2026","","NI","0","0","Data","Website","","","Internet, Socius Marketing","Facebook","NI","Data-Data Only - No Appt","2","0","No Interest Now","0.0000","0.0000","","","Dana Whitfield","2/1/2026","2/28/2026","ALL","ALL","ALL","ALL","8/7/2026 3:00:58 PM","True","ALL"
"Out-of-Area","Surname0329","Given0329","399517","(555)555-0329","","City0023","FL","32168","City0023, FL  32168","person0329@example.com","2/9/2026","Win","HU","0","0","Data","Internet","Nash","","Internet, Lead Gurus","Lead Gurus","HU","Data-Data Only - No Appt","38","0","Hung Up","0.0000","0.0000","","","Dana Whitfield","2/1/2026","2/28/2026","ALL","ALL","ALL","ALL","8/7/2026 3:00:58 PM","True","ALL"
"Out-of-Area","Surname0330","Given0330","399790","(555)555-0330","","","nu","33141",", nu  33141","person0330@example.com","2/9/2026","","AM","0","0","Data","Internet","","","Internet, Socius Marketing","Google PPC Windows","AM","Data-Data Only - No Appt","31","0","Answering Machine","0.0000","0.0000","","","Dana Whitfield","2/1/2026","2/28/2026","ALL","ALL","ALL","ALL","8/7/2026 3:00:58 PM","True","ALL"
"Out-of-Area","Surname0331","Given0331","399791","(555)555-0331","","","nu","",", nu","","2/9/2026","","AM","0","0","Data","Internet","","","Internet, Chat (REECE WEBSITE)","Chat (REECE WEBSITE)","AM","Data-Data Only - No Appt","30","0","Answering Machine","0.0000","0.0000","","","Dana Whitfield","2/1/2026","2/28/2026","ALL","ALL","ALL","ALL","8/7/2026 3:00:58 PM","True","ALL"
"Out-of-Area","Surname0332","Given0332","399495","(555)555-0332","432 Example St","City0003","FL","32909","City0003, FL  32909","","2/9/2026","","NI","0","0","Data","Internet","","","Internet, Chat (REECE WEBSITE)","Chat (REECE WEBSITE)","NI","Data-Data Only - No Appt","3","0","No Interest Now","0.0000","0.0000","","","Dana Whitfield","2/1/2026","2/28/2026","ALL","ALL","ALL","ALL","8/7/2026 3:00:58 PM","True","ALL"
"Out-of-Area","Surname0333","Given0333","399745","(555)555-0333","","","","",",","","2/9/2026","","AM","0","0","Data","Internet","","","Internet, Chat (REECE WEBSITE)","Chat (REECE WEBSITE)","AM","Data-Data Only - No Appt","25","0","Answering Machine","0.0000","0.0000","","","Dana Whitfield","2/1/2026","2/28/2026","ALL","ALL","ALL","ALL","8/7/2026 3:00:58 PM","True","ALL"
"Out-of-Area","Surname0334","Given0334","358146","(555)555-0334","434 Example St","City0056","FL","33823","City0056, FL  33823","person0334@example.com","2/9/2026","","COMP","0","0","Data","Internet","","","Internet, Chat (REECE WEBSITE)","Chat (REECE WEBSITE)","COMP","Data-Data Only - No Appt","7","0","Bought Competition","0.0000","0.0000","","","Dana Whitfield","2/1/2026","2/28/2026","ALL","ALL","ALL","ALL","8/7/2026 3:00:58 PM","True","ALL"
"Out-of-Area","Surname0335","Given0335","399868","(555)555-0335","","","","",",","person0335@example.com","2/9/2026","","AM","0","0","Data","Internet","","","Internet, Chat (REECE WEBSITE)","Chat (REECE WEBSITE)","AM","Data-Data Only - No Appt","29","0","Answering Machine","0.0000","0.0000","","","Dana Whitfield","2/1/2026","2/28/2026","ALL","ALL","ALL","ALL","8/7/2026 3:00:58 PM","True","ALL"
"Superseded","Surname0336","Given0336","141884","(555)555-0336","","","","33811",",     33811","person0336@example.com","2/9/2026","","DNC","0","0","Data","Iheart","","","","Simpletext","DNC","Data-Data Only - No Appt","17","10","Asked DNC","0.0000","0.0000","","","Dana Whitfield","2/1/2026","2/28/2026","ALL","ALL","ALL","ALL","8/7/2026 3:00:58 PM","True","ALL"
"Out-of-Area","Surname0337","Given0337","271031","(555)555-0337","437 Example St","City0018","FL","34211","City0018, FL  34211","","2/9/2026","","NI","0","0","Data","Iheart","","","","Simpletext","NI","Data-Data Only - No Appt","17","0","No Interest Now","0.0000","0.0000","","","Dana Whitfield","2/1/2026","2/28/2026","ALL","ALL","ALL","ALL","8/7/2026 3:00:58 PM","True","ALL"
"Out-of-Area","Surname0338","Given0338","399678","(555)555-0338","","City0057","FL","32922","City0057, FL  32922","person0338@example.com","2/9/2026","","OS","0","0","Data","Website","","","Internet, Socius Marketing","Facebook","OS","Data-Data Only - No Appt","3","0","Can't Do Project","0.0000","0.0000","","","Dana Whitfield","2/1/2026","2/28/2026","ALL","ALL","ALL","ALL","8/7/2026 3:00:58 PM","True","ALL"
"Out-of-Area","Surname0339","Given0339","399678","(555)555-0339","","City0057","FL","32922","City0057, FL  32922","person0339@example.com","2/9/2026","","OS","0","0","DNC","Internet","","","Internet, Lead Gurus","Lead Gurus","OS","DNC-Do Not Call","3","0","Can't Do Project","0.0000","0.0000","","","Dana Whitfield","2/1/2026","2/28/2026","ALL","ALL","ALL","ALL","8/7/2026 3:00:58 PM","True","ALL"
"Out-of-Area","Surname0340","Given0340","399691","(555)555-0340","","City0058","FL","32940","City0058, FL  32940","person0340@example.com","2/9/2026","Win","NA","0","0","Data","Internet","","","Internet, Lead Gurus","Lead Gurus","NA","Data-Data Only - No Appt","35","0","No Answer","0.0000","0.0000","","","Dana Whitfield","2/1/2026","2/28/2026","ALL","ALL","ALL","ALL","8/7/2026 3:00:58 PM","True","ALL"
"Out-of-Area","","","399919","(555)555-0341","","","","",",","","2/10/2026","","NA","0","0","Data","Iheart","","","","Simpletext","NA","Data-Data Only - No Appt","35","0","No Answer","0.0000","0.0000","","","Dana Whitfield","2/1/2026","2/28/2026","ALL","ALL","ALL","ALL","8/7/2026 3:00:58 PM","True","ALL"
"Out-of-Area","","Given0342","399923","(555)555-0342","","","","",",","","2/10/2026","","NA","0","0","Data","Iheart","","","","Simpletext","NA","Data-Data Only - No Appt","33","0","No Answer","0.0000","0.0000","","","Dana Whitfield","2/1/2026","2/28/2026","ALL","ALL","ALL","ALL","8/7/2026 3:00:58 PM","True","ALL"
"Superseded","","","399969","(555)555-0343","","","","",",","","2/10/2026","","NI","0","","Data","Iheart","","","","Simpletext","NI","Data-Data Only - No Appt","36","1","No Interest Now","0.0000","0.0000","","","Dana Whitfield","2/1/2026","2/28/2026","ALL","ALL","ALL","ALL","8/7/2026 3:00:58 PM","True","ALL"
"Superseded","","","400041","(555)555-0344","","","","",",","","2/10/2026","","AM","0","","Data","Iheart","","","","Simpletext","AM","Data-Data Only - No Appt","72","1","Answering Machine","0.0000","0.0000","","","Dana Whitfield","2/1/2026","2/28/2026","ALL","ALL","ALL","ALL","8/7/2026 3:00:58 PM","True","ALL"
"Out-of-Area","","","400093","(555)555-0345","","","","",",","","2/10/2026","","NI","0","0","Data","Iheart","","","","Simpletext","NI","Data-Data Only - No Appt","2","0","No Interest Now","0.0000","0.0000","","","Dana Whitfield","2/1/2026","2/28/2026","ALL","ALL","ALL","ALL","8/7/2026 3:00:58 PM","True","ALL"
"Out-of-Area","","","400119","(555)555-0346","","","","",",","","2/10/2026","","OS","0","0","Data","Internet","Nash","","Internet, Googgle PPC Windows","Google PPC Windows","OS","Data-Data Only - No Appt","1","0","Can't Do Project","0.0000","0.0000","","","Dana Whitfield","2/1/2026","2/28/2026","ALL","ALL","ALL","ALL","8/7/2026 3:00:58 PM","True","ALL"
"Out-of-Area","","","400123","(555)555-0347","","","","",",","","2/10/2026","","NI","0","0","Data","Magazine","Nash","","Magazine, Five Star","5 Star","NI","Data-Data Only - No Appt","1","0","No Interest Now","0.0000","0.0000","","","Dana Whitfield","2/1/2026","2/28/2026","ALL","ALL","ALL","ALL","8/7/2026 3:00:58 PM","True","ALL"
"Out-of-Area","","Given0348","400146","(555)555-0348","","","","",",","","2/10/2026","","NA","0","0","Data","Iheart","","","","Simpletext","NA","Data-Data Only - No Appt","34","0","No Answer","0.0000","0.0000","","","Dana Whitfield","2/1/2026","2/28/2026","ALL","ALL","ALL","ALL","8/7/2026 3:00:58 PM","True","ALL"
"Out-of-Area","","","400148","(555)555-0349","","","","",",","","2/10/2026","","DNC","0","0","Data","Iheart","","","","Simpletext","DNC","Data-Data Only - No Appt","10","0","Asked DNC","0.0000","0.0000","","","Dana Whitfield","2/1/2026","2/28/2026","ALL","ALL","ALL","ALL","8/7/2026 3:00:58 PM","True","ALL"
"Out-of-Area","","","400149","(555)555-0350","","","","",",","","2/10/2026","","AM","0","0","Data","Iheart","","","","Simpletext","AM","Data-Data Only - No Appt","29","0","Answering Machine","0.0000","0.0000","","","Dana Whitfield","2/1/2026","2/28/2026","ALL","ALL","ALL","ALL","8/7/2026 3:00:58 PM","True","ALL"
"Out-of-Area","","Given0351","400195","(555)555-0351","","","","",",","","2/10/2026","","NA","0","0","Data","Iheart","","","","Simpletext","NA","Data-Data Only - No Appt","29","0","No Answer","0.0000","0.0000","","","Dana Whitfield","2/1/2026","2/28/2026","ALL","ALL","ALL","ALL","8/7/2026 3:00:58 PM","True","ALL"
"Out-of-Area","","","400228","(555)555-0352","","","","",",","","2/10/2026","Win","NA","0","0","Data","Internet","Nash","","Internet, Googgle PPC Windows","Google PPC Windows","NA","Data-Data Only - No Appt","29","0","No Answer","0.0000","0.0000","","","Dana Whitfield","2/1/2026","2/28/2026","ALL","ALL","ALL","ALL","8/7/2026 3:00:58 PM","True","ALL"
"Out-of-Area","","","400239","(555)555-0353","","","","",",","","2/10/2026","","AM","0","0","Data","Iheart","","","","Simpletext","AM","Data-Data Only - No Appt","30","0","Answering Machine","0.0000","0.0000","","","Dana Whitfield","2/1/2026","2/28/2026","ALL","ALL","ALL","ALL","8/7/2026 3:00:58 PM","True","ALL"
"Out-of-Area","","Given0354","400244","(555)555-0354","","","","",",","","2/10/2026","","NA","0","0","Data","Iheart","","","","Simpletext","NA","Data-Data Only - No Appt","34","0","No Answer","0.0000","0.0000","","","Dana Whitfield","2/1/2026","2/28/2026","ALL","ALL","ALL","ALL","8/7/2026 3:00:58 PM","True","ALL"
"Out-of-Area","","","400291","(555)555-0355","","","","",",","","2/10/2026","","NA","0","0","Data","Iheart","","","","Simpletext","NA","Data-Data Only - No Appt","27","0","No Answer","0.0000","0.0000","","","Dana Whitfield","2/1/2026","2/28/2026","ALL","ALL","ALL","ALL","8/7/2026 3:00:58 PM","True","ALL"
"Out-of-Area","","","400311","(555)555-0356","","","","",",","","2/10/2026","","NA","0","0","Data","Iheart","","","","Simpletext","NA","Data-Data Only - No Appt","26","0","No Answer","0.0000","0.0000","","","Dana Whitfield","2/1/2026","2/28/2026","ALL","ALL","ALL","ALL","8/7/2026 3:00:58 PM","True","ALL"
"Out-of-Area","","","400323","(555)555-0357","","","","",",","","2/10/2026","","HU","0","0","Data","Iheart","","","","Simpletext","HU","Data-Data Only - No Appt","7","0","Hung Up","0.0000","0.0000","","","Dana Whitfield","2/1/2026","2/28/2026","ALL","ALL","ALL","ALL","8/7/2026 3:00:58 PM","True","ALL"
"Out-of-Area","Surname0358","Given0358","400315","(555)555-0358","458 Example St","City0034","FL","32966","City0034, FL  32966","person0358@example.com","2/10/2026","","CB","0","0","Data","Internet","","","Internet, Lead Gurus","Lead Gurus","CB","Data-Data Only - No Appt","9","0","CallBack Set","0.0000","0.0000","","","Dana Whitfield","2/1/2026","2/28/2026","ALL","ALL","ALL","ALL","8/7/2026 3:00:58 PM","True","ALL"
"Out-of-Area","Surname0359","Given0359","400072","(555)555-0359","","City0057","FL","32927","City0057, FL  32927","","2/10/2026","","NI","0","0","Data","Iheart","","","","Simpletext","NI","Data-Data Only - No Appt","13","0","No Interest Now","0.0000","0.0000","","","Dana Whitfield","2/1/2026","2/28/2026","ALL","ALL","ALL","ALL","8/7/2026 3:00:58 PM","True","ALL"
"Out-of-Area","Surname0360","Given0360","400061","(555)555-0360","460 Example St","City0033","FL","34293","City0033, FL  34293","","2/10/2026","","NI","0","0","Data","Iheart","","","","Simpletext","NI","Data-Data Only - No Appt","11","0","No Interest Now","0.0000","0.0000","","","Dana Whitfield","2/1/2026","2/28/2026","ALL","ALL","ALL","ALL","8/7/2026 3:00:58 PM","True","ALL"
"Out-of-Area","Surname0361","Given0361","400301","(555)555-0361","461 Example St","City0003","FL","32909","City0003, FL  32909","person0361@example.com","2/10/2026","Win","AP","0","0","Data","Internet","Nash","","Internet, Lead Gurus","Lead Gurus","AP","Data-Data Only - No Appt","13","0","Appointment","0.0000","0.0000","","","Dana Whitfield","2/1/2026","2/28/2026","ALL","ALL","ALL","ALL","8/7/2026 3:00:58 PM","True","ALL"
"Out-of-Area","Surname0362","Given0362","357451","(555)555-0362","462 Example St","City0059","FL","34135","City0059, FL  34135","person0362@example.com","2/10/2026","","","0","0","Data","Internet","","","Internet, Lead Gurus","Lead Gurus","","Data-Data Only - No Appt","0","0","","0.0000","0.0000","","","Dana Whitfield","2/1/2026","2/28/2026","ALL","ALL","ALL","ALL","8/7/2026 3:00:58 PM","True","ALL"
"Out-of-Area","Surname0363","Given0363","400159","(555)555-0363","","","nu","",", nu","person0363@example.com","2/10/2026","","NI","0","0","Data","Internet","","","Internet, Chat (REECE WEBSITE)","Chat (REECE WEBSITE)","NI","Data-Data Only - No Appt","6","0","No Interest Now","0.0000","0.0000","","","Dana Whitfield","2/1/2026","2/28/2026","ALL","ALL","ALL","ALL","8/7/2026 3:00:58 PM","True","ALL"
"Out-of-Area","Surname0364","Given0364","400068","(555)555-0364","","","nu","",", nu","","2/10/2026","","DNC","0","0","DNC","Internet","Nash","","Internet, Chat (REECE WEBSITE)","Chat (REECE WEBSITE)","DNC","DNC-Do Not Call","20","0","Asked DNC","0.0000","0.0000","","","Dana Whitfield","2/1/2026","2/28/2026","ALL","ALL","ALL","ALL","8/7/2026 3:00:58 PM","True","ALL"
"Out-of-Area","Surname0365","Given0365","398604","(555)555-0365","","","","32684",",     32684","person0365@example.com","2/10/2026","Win","DOH","0","","Data","Internet","STPET","","Internet, Lead Gurus","Lead Gurus","DOH","Data-Data Only - No Appt","73","0","Dropped on Hold","0.0000","0.0000","","","Dana Whitfield","2/1/2026","2/28/2026","ALL","ALL","ALL","ALL","8/7/2026 3:00:58 PM","True","ALL"
"Out-of-Area","Surname0366","Given0366","85759","(555)555-0366","","","","",",","person0366@example.com","2/10/2026","","NA","0","0","Data","Iheart","","","","Simpletext","NA","Data-Data Only - No Appt","32","0","No Answer","0.0000","0.0000","","","Dana Whitfield","2/1/2026","2/28/2026","ALL","ALL","ALL","ALL","8/7/2026 3:00:58 PM","True","ALL"
"Out-of-Area","Surname0367","Given0367","400188","(555)555-0367","","","","37948",",     37948","person0367@example.com","2/10/2026","","NI","0","0","Data","Internet","","","Internet, Lead Gurus","Lead Gurus","NI","Data-Data Only - No Appt","6","0","No Interest Now","0.0000","0.0000","","","Dana Whitfield","2/1/2026","2/28/2026","ALL","ALL","ALL","ALL","8/7/2026 3:00:58 PM","True","ALL"
"Out-of-Area","Surname0368","Given0368","399973","(555)555-0368","","","","",",","","2/10/2026","","OOA","0","0","Data","Internet","","","Internet, Chat (REECE WEBSITE)","Chat (REECE WEBSITE)","OOA","Data-Data Only - No Appt","3","0","Out of Area","0.0000","0.0000","","","Dana Whitfield","2/1/2026","2/28/2026","ALL","ALL","ALL","ALL","8/7/2026 3:00:58 PM","True","ALL"
"Out-of-Area","Surname0369","Given0369","389750","(555)555-0369","469 Example St","City0060","FL","33584","City0060, FL  33584","person0369@example.com","2/10/2026","","CONF","1","9","Data","Internet","","","Internet, Chat (REECE WEBSITE)","Chat (REECE WEBSITE)","CONF","Data-Data Only - No Appt","5","0","Confirmed","0.0000","0.0000","","","Dana Whitfield","2/1/2026","2/28/2026","ALL","ALL","ALL","ALL","8/7/2026 3:00:58 PM","True","ALL"
"Out-of-Area","","Given0370","133731","(555)555-0370","","","","",",","","2/11/2026","","","0","0","Data","Iheart","","","","Simpletext","","Data-Data Only - No Appt","0","0","","0.0000","0.0000","","","Dana Whitfield","2/1/2026","2/28/2026","ALL","ALL","ALL","ALL","8/7/2026 3:00:58 PM","True","ALL"
"Out-of-Area","","","341670","(555)555-0371","","","","",",","","2/11/2026","","NI","0","0","Data","Iheart","","","","Simpletext","NI","Data-Data Only - No Appt","29","0","No Interest Now","0.0000","0.0000","","","Dana Whitfield","2/1/2026","2/28/2026","ALL","ALL","ALL","ALL","8/7/2026 3:00:58 PM","True","ALL"
"Out-of-Area","","Given0372","400343","(555)555-0372","","","","",",","","2/11/2026","","NI","0","0","Data","Iheart","","","","Simpletext","NI","Data-Data Only - No Appt","32","0","No Interest Now","0.0000","0.0000","","","Dana Whitfield","2/1/2026","2/28/2026","ALL","ALL","ALL","ALL","8/7/2026 3:00:58 PM","True","ALL"
"Out-of-Area","","","400345","(555)555-0373","","","","",",","","2/11/2026","","NA","0","0","Data","Iheart","","","","Simpletext","NA","Data-Data Only - No Appt","37","0","No Answer","0.0000","0.0000","","","Dana Whitfield","2/1/2026","2/28/2026","ALL","ALL","ALL","ALL","8/7/2026 3:00:58 PM","True","ALL"
"Out-of-Area","","","400346","(555)555-0374","","","","",",","","2/11/2026","","NA","0","0","Data","Iheart","","","","Simpletext","NA","Data-Data Only - No Appt","38","0","No Answer","0.0000","0.0000","","","Dana Whitfield","2/1/2026","2/28/2026","ALL","ALL","ALL","ALL","8/7/2026 3:00:58 PM","True","ALL"
"Out-of-Area","","Given0375","400354","(555)555-0375","","","","",",","","2/11/2026","","NA","0","0","Data","Iheart","","","","Simpletext","NA","Data-Data Only - No Appt","36","0","No Answer","0.0000","0.0000","","","Dana Whitfield","2/1/2026","2/28/2026","ALL","ALL","ALL","ALL","8/7/2026 3:00:58 PM","True","ALL"
"Out-of-Area","","Given0376","400372","(555)555-0376","","","","",",","","2/11/2026","","AM","0","0","Data","Iheart","","","","Simpletext","AM","Data-Data Only - No Appt","21","0","Answering Machine","0.0000","0.0000","","","Dana Whitfield","2/1/2026","2/28/2026","ALL","ALL","ALL","ALL","8/7/2026 3:00:58 PM","True","ALL"
"Out-of-Area","","Given0377","400374","(555)555-0377","","","","",",","","2/11/2026","","NA","0","0","Data","Iheart","","","","Simpletext","NA","Data-Data Only - No Appt","39","0","No Answer","0.0000","0.0000","","","Dana Whitfield","2/1/2026","2/28/2026","ALL","ALL","ALL","ALL","8/7/2026 3:00:58 PM","True","ALL"
"Out-of-Area","","","400387","(555)555-0378","","","","",",","","2/11/2026","","BM","0","0","Data","Internet","Nash","","Internet, Google Service Ads","Google Service Ads","BM","Data-Data Only - No Appt","1","0","Below Minimum","0.0000","0.0000","","","Dana Whitfield","2/1/2026","2/28/2026","ALL","ALL","ALL","ALL","8/7/2026 3:00:58 PM","True","ALL"
"Out-of-Area","","Given0379","400402","(555)555-0379","","","","",",","","2/11/2026","","COMP","0","0","Data","Iheart","","","","Simpletext","COMP","Data-Data Only - No Appt","16","0","Bought Competition","0.0000","0.0000","","","Dana Whitfield","2/1/2026","2/28/2026","ALL","ALL","ALL","ALL","8/7/2026 3:00:58 PM","True","ALL"
"Out-of-Area","","","400465","(555)555-0380","","","","",",","","2/11/2026","","AM","0","0","Data","Iheart","","","","Simpletext","AM","Data-Data Only - No Appt","29","0","Answering Machine","0.0000","0.0000","","","Dana Whitfield","2/1/2026","2/28/2026","ALL","ALL","ALL","ALL","8/7/2026 3:00:58 PM","True","ALL"
"Out-of-Area","","","400466","(555)555-0381","","","","",",","","2/11/2026","","DNC","0","0","DNC","Iheart","Nash","","","Simpletext","DNC","DNC-Do Not Call","22","0","Asked DNC","0.0000","0.0000","","","Dana Whitfield","2/1/2026","2/28/2026","ALL","ALL","ALL","ALL","8/7/2026 3:00:58 PM","True","ALL"
"Out-of-Area","","","400488","(555)555-0382","","","","",",","","2/11/2026","","OS","0","0","Data","Internet","Nash","","Internet, Googgle PPC Windows","Google PPC Windows","OS","Data-Data Only - No Appt","1","0","Can't Do Project","0.0000","0.0000","","","Dana Whitfield","2/1/2026","2/28/2026","ALL","ALL","ALL","ALL","8/7/2026 3:00:58 PM","True","ALL"
"Out-of-Area","","Given0383","400583","(555)555-0383","","","","",",","","2/11/2026","","AM","0","0","Data","Iheart","","","","Simpletext","AM","Data-Data Only - No Appt","35","0","Answering Machine","0.0000","0.0000","","","Dana Whitfield","2/1/2026","2/28/2026","ALL","ALL","ALL","ALL","8/7/2026 3:00:58 PM","True","ALL"
"Out-of-Area","","","400721","(555)555-0384","","","","",",","","2/11/2026","","NA","0","0","Data","Iheart","","","","Simpletext","NA","Data-Data Only - No Appt","34","0","No Answer","0.0000","0.0000","","","Dana Whitfield","2/1/2026","2/28/2026","ALL","ALL","ALL","ALL","8/7/2026 3:00:58 PM","True","ALL"
"Out-of-Area","","","400728","(555)555-0385","","","","",",","","2/11/2026","","AM","0","0","Data","Iheart","","","","Simpletext","AM","Data-Data Only - No Appt","29","0","Answering Machine","0.0000","0.0000","","","Dana Whitfield","2/1/2026","2/28/2026","ALL","ALL","ALL","ALL","8/7/2026 3:00:58 PM","True","ALL"
"Out-of-Area","","Given0386","400733","(555)555-0386","","","","",",","","2/11/2026","","DNC","0","0","Data","Iheart","","","","Simpletext","DNC","Data-Data Only - No Appt","6","0","Asked DNC","0.0000","0.0000","","","Dana Whitfield","2/1/2026","2/28/2026","ALL","ALL","ALL","ALL","8/7/2026 3:00:58 PM","True","ALL"
"Out-of-Area","","Given0387","400734","(555)555-0387","","","","",",","","2/11/2026","","NA","0","0","Data","Iheart","","","","Simpletext","NA","Data-Data Only - No Appt","34","0","No Answer","0.0000","0.0000","","","Dana Whitfield","2/1/2026","2/28/2026","ALL","ALL","ALL","ALL","8/7/2026 3:00:58 PM","True","ALL"
"Out-of-Area","","","400735","(555)555-0388","","","","",",","","2/11/2026","","AM","0","0","Data","Iheart","","","","Simpletext","AM","Data-Data Only - No Appt","33","0","Answering Machine","0.0000","0.0000","","","Dana Whitfield","2/1/2026","2/28/2026","ALL","ALL","ALL","ALL","8/7/2026 3:00:58 PM","True","ALL"
"Out-of-Area","","","400736","(555)555-0389","","","","",",","","2/11/2026","","AM","0","0","Data","Iheart","","","","Simpletext","AM","Data-Data Only - No Appt","31","0","Answering Machine","0.0000","0.0000","","","Dana Whitfield","2/1/2026","2/28/2026","ALL","ALL","ALL","ALL","8/7/2026 3:00:58 PM","True","ALL"
"Out-of-Area","","Given0390","400737","(555)555-0390","","","","",",","","2/11/2026","","AM","0","0","Data","Iheart","","","","Simpletext","AM","Data-Data Only - No Appt","32","0","Answering Machine","0.0000","0.0000","","","Dana Whitfield","2/1/2026","2/28/2026","ALL","ALL","ALL","ALL","8/7/2026 3:00:58 PM","True","ALL"
"Out-of-Area","","Given0391","400739","(555)555-0391","","","","",",","","2/11/2026","","NA","0","0","Data","Iheart","","","","Simpletext","NA","Data-Data Only - No Appt","35","0","No Answer","0.0000","0.0000","","","Dana Whitfield","2/1/2026","2/28/2026","ALL","ALL","ALL","ALL","8/7/2026 3:00:58 PM","True","ALL"
"Out-of-Area","","","400747","(555)555-0392","","","","",",","","2/11/2026","","AM","0","0","Data","Iheart","","","","Simpletext","AM","Data-Data Only - No Appt","31","0","Answering Machine","0.0000","0.0000","","","Dana Whitfield","2/1/2026","2/28/2026","ALL","ALL","ALL","ALL","8/7/2026 3:00:58 PM","True","ALL"
"Out-of-Area","","Given0393","400774","(555)555-0393","","","","",",","","2/11/2026","","NA","0","0","Data","Iheart","","","","Simpletext","NA","Data-Data Only - No Appt","32","0","No Answer","0.0000","0.0000","","","Dana Whitfield","2/1/2026","2/28/2026","ALL","ALL","ALL","ALL","8/7/2026 3:00:58 PM","True","ALL"
"Out-of-Area","","Given0394","400779","(555)555-0394","","","","",",","","2/11/2026","","NA","0","0","Data","Iheart","","","","Simpletext","NA","Data-Data Only - No Appt","26","0","No Answer","0.0000","0.0000","","","Dana Whitfield","2/1/2026","2/28/2026","ALL","ALL","ALL","ALL","8/7/2026 3:00:58 PM","True","ALL"
"Out-of-Area","Surname0395","Given0395","242610","(555)555-0395","495 Example St","City0061","FL","33549","City0061, FL  33549","person0395@example.com","2/11/2026","","NA","0","0","Data","Iheart","","","","Simpletext","NA","Data-Data Only - No Appt","1","0","No Answer","0.0000","0.0000","","","Dana Whitfield","2/1/2026","2/28/2026","ALL","ALL","ALL","ALL","8/7/2026 3:00:58 PM","True","ALL"
"Out-of-Area","Surname0396","Given0396","400350","(555)555-0396","496 Example St","City0034","FL","32962","City0034, FL  32962","person0396@example.com","2/11/2026","","AM","0","0","Data","Internet","","","Internet, Lead Gurus","Lead Gurus","AM","Data-Data Only - No Appt","32","0","Answering Machine","0.0000","0.0000","","","Dana Whitfield","2/1/2026","2/28/2026","ALL","ALL","ALL","ALL","8/7/2026 3:00:58 PM","True","ALL"
"Out-of-Area","Surname0397","Given0397","400341","(555)555-0397","","City0062","VA","23844","City0062, VA  23844","person0397@example.com","2/11/2026","","NA","0","0","Data","Internet","","","Internet, Lead Gurus","Lead Gurus","NA","Data-Data Only - No Appt","37","0","No Answer","0.0000","0.0000","","","Dana Whitfield","2/1/2026","2/28/2026","ALL","ALL","ALL","ALL","8/7/2026 3:00:58 PM","True","ALL"
"Out-of-Area","Surname0398","Given0398","400647","","","","","",",","person0398@example.com","2/11/2026","","","1","9","Data","Internet","","","Internet, Chat (REECE WEBSITE)","Chat (REECE WEBSITE)","","Data-Data Only - No Appt","0","0","","0.0000","0.0000","","","Dana Whitfield","2/1/2026","2/28/2026","ALL","ALL","ALL","ALL","8/7/2026 3:00:58 PM","True","ALL"
"Out-of-Area","Surname0399","Given0399","400399","(555)555-0399","","","","",",","","2/11/2026","Win","NA","0","0","Data","Internet","Nash","","Internet, Chat (REECE WEBSITE)","Chat (REECE WEBSITE)","NA","Data-Data Only - No Appt","27","0","No Answer","0.0000","0.0000","","","Dana Whitfield","2/1/2026","2/28/2026","ALL","ALL","ALL","ALL","8/7/2026 3:00:58 PM","True","ALL"
