"Category","lastname","FirstName","id","Phone","Address1","city","state","Zip","CSZ","Email","entrydate","productid","lastresult","clq_id","cqd_id","dsp_id","src_id","sds_id","brn_id","PromoterName","SourceSubDescr","lr","dspdescr","NumDials","NumSuperseded","LastCallDescr","GSA","NetAmount","ApptDate","JobStatus","FullName","SDate","EDate","xsrc_id","xbrn_id","xSourceSubDescr","xPromoter","CurrentDateTime","UseColor","xGrade"
"Out-of-Area","Surname0000","Given0000","388956","(555)555-0000","","Titusville","FL","32796","Titusville, FL  32796","person0000@example.com","1/1/2026","","NA","0","0","Data","Internet","","","Internet, Lead Gurus","Lead Gurus","NA","Data-Data Only - No Appt","7","0","No Answer","0.0000","0.0000","","","Dana Whitfield","1/1/2026","1/31/2026","ALL","ALL","ALL","ALL","8/7/2026 3:00:49 PM","True","ALL"
"Out-of-Area","Surname0001","Given0001","388898","(555)555-0001","101 Sample St","Monticello","FL","32344","Monticello, FL  32344","person0001@example.com","1/1/2026","Win","OOA","0","0","Data","Internet","Nash","","Internet, Lead Gurus","Lead Gurus","OOA","Data-Data Only - No Appt","8","0","Out of Area","0.0000","0.0000","","","Dana Whitfield","1/1/2026","1/31/2026","ALL","ALL","ALL","ALL","8/7/2026 3:00:49 PM","True","ALL"
"Out-of-Area","Surname0002","Given0002","389046","(555)555-0002","102 Sample St","Sebring","FL","33875","Sebring, FL  33875","person0002@example.com","1/1/2026","","NA","0","0","Data","Internet","","","Internet, Lead Gurus","Lead Gurus","NA","Data-Data Only - No Appt","45","0","No Answer","0.0000","0.0000","","","Dana Whitfield","1/1/2026","1/31/2026","ALL","ALL","ALL","ALL","8/7/2026 3:00:49 PM","True","ALL"
"Out-of-Area","Surname0003","Given0003","389048","(555)555-0003","103 Sample St","Orlando","FL","","Orlando, FL","person0003@example.com","1/1/2026","","OpInt","0","0","Data","Internet","","","Internet, Lead Gurus","Lead Gurus","OpInt","Data-Data Only - No Appt","4","0","Op Intercept","0.0000","0.0000","","","Dana Whitfield","1/1/2026","1/31/2026","ALL","ALL","ALL","ALL","8/7/2026 3:00:49 PM","True","ALL"
"Out-of-Area","Surname0004","Given0004","389044","(555)555-0004","","","","",",","person0004@example.com","1/1/2026","","OpInt","0","0","Data","Internet","","","Internet, Chat (REECE WEBSITE)","Chat (REECE WEBSITE)","OpInt","Data-Data Only - No Appt","3","0","Op Intercept","0.0000","0.0000","","","Dana Whitfield","1/1/2026","1/31/2026","ALL","ALL","ALL","ALL","8/7/2026 3:00:49 PM","True","ALL"
"Out-of-Area","Surname0005","Given0005","389154","(555)555-0005","","","nu","",", nu","","1/1/2026","","OS","0","0","Data","Internet","","","Internet, Chat (REECE WEBSITE)","Chat (REECE WEBSITE)","OS","Data-Data Only - No Appt","1","0","Can't Do Project","0.0000","0.0000","","","Dana Whitfield","1/1/2026","1/31/2026","ALL","ALL","ALL","ALL","8/7/2026 3:00:49 PM","True","ALL"
"Out-of-Area","Surname0006","Given0006","389149","(555)555-0006","106 Sample St","Okeechobee","FL","34972","Okeechobee, FL  34972","person0006@example.com","1/1/2026","","NI","0","0","Data","Internet","","","Internet, Lead Gurus","Lead Gurus","NI","Data-Data Only - No Appt","12","0","No Interest Now","0.0000","0.0000","","","Dana Whitfield","1/1/2026","1/31/2026","ALL","ALL","ALL","ALL","8/7/2026 3:00:49 PM","True","ALL"
"Out-of-Area","Surname0007","Given0007","389319","(555)555-0007","","","","",",","person0007@example.com","1/2/2026","","AM","0","","Data","Magazine","Nash","","Magazine, Best Picks","Best Pick","AM","Data-Data Only - No Appt","86","0","Answering Machine","0.0000","0.0000","","","Dana Whitfield","1/1/2026","1/31/2026","ALL","ALL","ALL","ALL","8/7/2026 3:00:49 PM","True","ALL"
"Out-of-Area","Surname0008","Given0008","389171","(555)555-0008","108 Sample St","Lake Wales","FL","33898","Lake Wales, FL  33898","","1/2/2026","Roof","NA","0","0","CXL","Affiliates","LAKE","","Affiliate, LeadPilot","LeadPilot","NA","CXL-Cancelled Appointment","50","0","No Answer","0.0000","0.0000","1/2/2026 6:00:00 PM","","Dana Whitfield","1/1/2026","1/31/2026","ALL","ALL","ALL","ALL","8/7/2026 3:00:49 PM","True","ALL"
"Superseded","Surname0009","Given0009","389176","(555)555-0009","109 Sample St","Rockledge","FL","32955","Rockledge, FL  32955","person0009@example.com","1/2/2026","","","0","","Data","Affiliates","Nash","","Affiliate, LeadPilot","LeadPilot","","Data-Data Only - No Appt","0","1","","0.0000","0.0000","","","Dana Whitfield","1/1/2026","1/31/2026","ALL","ALL","ALL","ALL","8/7/2026 3:00:49 PM","True","ALL"
"Out-of-Area","Surname0010","Given0010","389413","(555)555-0010","","","nu","",", nu","","1/2/2026","","NA","0","0","Data","Internet","","","Internet, Chat (REECE WEBSITE)","Chat (REECE WEBSITE)","NA","Data-Data Only - No Appt","42","0","No Answer","0.0000","0.0000","","","Dana Whitfield","1/1/2026","1/31/2026","ALL","ALL","ALL","ALL","8/7/2026 3:00:49 PM","True","ALL"
"Out-of-Area","Surname0011","Given0011","389055","(555)555-0011","111 Sample St","Palm Bay","FL","32907","Palm Bay, FL  32907","person0011@example.com","1/2/2026","","OOA","0","0","DNC","Internet","Nash","","Internet, Lead Gurus","Lead Gurus","OOA","DNC-Do Not Call","3","0","Out of Area","0.0000","0.0000","","","Dana Whitfield","1/1/2026","1/31/2026","ALL","ALL","ALL","ALL","8/7/2026 3:00:49 PM","True","ALL"
"Out-of-Area","Surname0012","Given0012","389058","(555)555-0012","","","","7660",",     7660","person0012@example.com","1/2/2026","","NA","0","0","Data","Internet","","","Internet, Socius Marketing","Bing PPC","NA","Data-Data Only - No Appt","45","0","No Answer","0.0000","0.0000","","","Dana Whitfield","1/1/2026","1/31/2026","ALL","ALL","ALL","ALL","8/7/2026 3:00:49 PM","True","ALL"
"Out-of-Area","Surname0013","Given0013","389057","(555)555-0013","","","","7660",",     7660","person0013@example.com","1/2/2026","","NI","0","0","Data","Internet","","","Internet, Socius Marketing","Reecewindows.com","NI","Data-Data Only - No Appt","3","0","No Interest Now","0.0000","0.0000","","","Dana Whitfield","1/1/2026","1/31/2026","ALL","ALL","ALL","ALL","8/7/2026 3:00:49 PM","True","ALL"
"Out-of-Area","Surname0014","Given0014","389128","(555)555-0014","114 Sample St","Daytona Beach","FL","32117","Daytona Beach, FL  32117","","1/2/2026","Roof","DNC","0","0","Data","Affiliates","Nash","","Affiliate, LeadPilot","HR Leads","DNC","Data-Data Only - No Appt","1","0","Asked DNC","0.0000","0.0000","","","Dana Whitfield","1/1/2026","1/31/2026","ALL","ALL","ALL","ALL","8/7/2026 3:00:49 PM","True","ALL"
"Out-of-Area","Surname0015","Given0015","389315","(555)555-0015","115 Sample St","West Melbourne","FL","32904","West Melbourne, FL  32904","","1/2/2026","","OOA","0","0","CXL","Affiliates","Nash","","Affiliate, MVP Marketing","MVP Marketing","OOA","CXL-Cancelled Appointment","6","0","Out of Area","0.0000","0.0000","1/5/2026 2:00:00 PM","","Dana Whitfield","1/1/2026","1/31/2026","ALL","ALL","ALL","ALL","8/7/2026 3:00:49 PM","True","ALL"
"Out-of-Area","Surname0016","Given0016","389209","(555)555-0016","","Cane Valley","KY","42720","Cane Valley, KY  42720","person0016@example.com","1/2/2026","","OS","0","0","Data","Internet","","","Internet, Lead Gurus","Lead Gurus","OS","Data-Data Only - No Appt","1","0","Can't Do Project","0.0000","0.0000","","","Dana Whitfield","1/1/2026","1/31/2026","ALL","ALL","ALL","ALL","8/7/2026 3:00:49 PM","True","ALL"
"Out-of-Area","Surname0017","Given0017","389347","(555)555-0017","117 Sample St","Oak Hill","FL","32759","Oak Hill, FL  32759","","1/2/2026","","OOA","0","0","CXL","Affiliates","","","Affiliate, MVP Marketing","MVP Marketing","OOA","CXL-Cancelled Appointment","1","0","Out of Area","0.0000","0.0000","1/3/2026 2:00:00 PM","","Dana Whitfield","1/1/2026","1/31/2026","ALL","ALL","ALL","ALL","8/7/2026 3:00:49 PM","True","ALL"
"Out-of-Area","Surname0018","Given0018","389472","(555)555-0018","","","","",",","","1/3/2026","Win","OOA","0","0","Data","Magazine","","","","5 Star","OOA","Data-Data Only - No Appt","1","0","Out of Area","0.0000","0.0000","","","Dana Whitfield","1/1/2026","1/31/2026","ALL","ALL","ALL","ALL","8/7/2026 3:00:49 PM","True","ALL"
"Out-of-Area","Surname0019","Given0019","389552","(555)555-0019","","","","",",","","1/3/2026","","OS","0","0","DNC","Magazine","Nash","","Magazine, Resource Living","Resource Living","OS","DNC-Do Not Call","4","0","Can't Do Project","0.0000","0.0000","","","Dana Whitfield","1/1/2026","1/31/2026","ALL","ALL","ALL","ALL","8/7/2026 3:00:49 PM","True","ALL"
"Out-of-Area","Surname0020","Given0020","389560","(555)555-0020","","","","",",","","1/3/2026","","BZ","0","0","Data","Internet","","","Internet, Googgle PPC Windows","Google PPC Windows","BZ","Data-Data Only - No Appt","38","0","Busy","0.0000","0.0000","","","Dana Whitfield","1/1/2026","1/31/2026","ALL","ALL","ALL","ALL","8/7/2026 3:00:49 PM","True","ALL"
"Out-of-Area","Surname0021","Given0021","389584","(555)555-0021","","","nu","",", nu","person0021@example.com","1/3/2026","","","0","0","Data","Internet","","","Internet, Chat (REECE WEBSITE)","Chat (REECE WEBSITE)","","Data-Data Only - No Appt","0","0","","0.0000","0.0000","","","Dana Whitfield","1/1/2026","1/31/2026","ALL","ALL","ALL","ALL","8/7/2026 3:00:49 PM","True","ALL"
"Out-of-Area","Surname0022","Given0022","389642","(555)555-0022","122 Sample St","Miami","FL","33145","Miami, FL  33145","person0022@example.com","1/3/2026","","OS","0","0","DNC","Internet","Nash","","Internet, Lead Gurus","Lead Gurus","OS","DNC-Do Not Call","1","0","Can't Do Project","0.0000","0.0000","","","Dana Whitfield","1/1/2026","1/31/2026","ALL","ALL","ALL","ALL","8/7/2026 3:00:49 PM","True","ALL"
"Out-of-Area","Surname0023","Given0023","389444","(555)555-0023","123 Sample St","Palm Coast","FL","32137","Palm Coast, FL  32137","person0023@example.com","1/3/2026","Win","OOA","0","0","DNC","Internet","Nash","","Internet, Lead Gurus","Lead Gurus","OOA","DNC-Do Not Call","9","0","Out of Area","0.0000","0.0000","","","Dana Whitfield","1/1/2026","1/31/2026","ALL","ALL","ALL","ALL","8/7/2026 3:00:49 PM","True","ALL"
"Out-of-Area","Surname0024","Given0024","389646","(555)555-0024","","","nu","",", nu","person0024@example.com","1/3/2026","","","1","26","Data","Internet","","","Internet, Chat (REECE WEBSITE)","Chat (REECE WEBSITE)","","Data-Data Only - No Appt","0","0","","0.0000","0.0000","","","Dana Whitfield","1/1/2026","1/31/2026","ALL","ALL","ALL","ALL","8/7/2026 3:00:49 PM","True","ALL"
"Out-of-Area","Surname0025","Given0025","389643","(555)555-0025","","","nu","97601",", nu  97601","person0025@example.com","1/3/2026","","TX","0","0","Data","Website","","","Internet, Socius Marketing","Customer Referral","TX","Data-Data Only - No Appt","30","0","Trans to 3rd Party","0.0000","0.0000","","","Dana Whitfield","1/1/2026","1/31/2026","ALL","ALL","ALL","ALL","8/7/2026 3:00:49 PM","True","ALL"
"Out-of-Area","Surname0026","Given0026","389454","(555)555-0026","126 Sample St","Palm Coast","FL","32164","Palm Coast, FL  32164","person0026@example.com","1/3/2026","","DNC","0","0","Data","Internet","","","Internet, Lead Gurus","Lead Gurus","DNC","Data-Data Only - No Appt","2","0","Asked DNC","0.0000","0.0000","","","Dana Whitfield","1/1/2026","1/31/2026","ALL","ALL","ALL","ALL","8/7/2026 3:00:49 PM","True","ALL"
"Out-of-Area","Surname0027","Given0027","389576","(555)555-0027","127 Sample St","Daytona Beach","FL","32117","Daytona Beach, FL  32117","person0027@example.com","1/3/2026","","NA","0","0","Data","Internet","","","Internet, Lead Gurus","Lead Gurus","NA","Data-Data Only - No Appt","43","0","No Answer","0.0000","0.0000","","","Dana Whitfield","1/1/2026","1/31/2026","ALL","ALL","ALL","ALL","8/7/2026 3:00:49 PM","True","ALL"
"Out-of-Area","Surname0028","Given0028","389742","(555)555-0028","128 Sample St","","nu","32456",", nu  32456","person0028@example.com","1/4/2026","","NA","0","0","Data","Internet","","","Internet, Lead Gurus","Lead Gurus","NA","Data-Data Only - No Appt","38","0","No Answer","0.0000","0.0000","","","Dana Whitfield","1/1/2026","1/31/2026","ALL","ALL","ALL","ALL","8/7/2026 3:00:49 PM","True","ALL"
"Out-of-Area","Surname0029","Given0029","389719","(555)555-0029","","Keystone Heights","FL","32656","Keystone Heights, FL  32656","person0029@example.com","1/4/2026","","OS","0","0","Data","Internet","","","Internet, Lead Gurus","Lead Gurus","OS","Data-Data Only - No Appt","18","0","Can't Do Project","0.0000","0.0000","","","Dana Whitfield","1/1/2026","1/31/2026","ALL","ALL","ALL","ALL","8/7/2026 3:00:49 PM","True","ALL"
"Out-of-Area","Surname0030","Given0030","389674","(555)555-0030","130 Sample St","Merritt Island","FL","32952","Merritt Island, FL  32952","person0030@example.com","1/4/2026","","AM","0","0","Data","Internet","","","Internet, Lead Gurus","Lead Gurus","AM","Data-Data Only - No Appt","49","0","Answering Machine","0.0000","0.0000","","","Dana Whitfield","1/1/2026","1/31/2026","ALL","ALL","ALL","ALL","8/7/2026 3:00:49 PM","True","ALL"
"Out-of-Area","Surname0031","Given0031","389696","(555)555-0031","131 Sample St","Cape Canaveral","FL","32920","Cape Canaveral, FL  32920","person0031@example.com","1/4/2026","Win","OOA","0","0","Data","Internet","Nash","","Internet, Lead Gurus","Lead Gurus","OOA","Data-Data Only - No Appt","1","0","Out of Area","0.0000","0.0000","","","Dana Whitfield","1/1/2026","1/31/2026","ALL","ALL","ALL","ALL","8/7/2026 3:00:49 PM","True","ALL"
"Out-of-Area","Surname0032","Given0032","389715","(555)555-0032","","","","",",","","1/4/2026","","NI","0","0","Data","Internet","","","Internet, Chat (REECE WEBSITE)","Chat (REECE WEBSITE)","NI","Data-Data Only - No Appt","4","0","No Interest Now","0.0000","0.0000","","","Dana Whitfield","1/1/2026","1/31/2026","ALL","ALL","ALL","ALL","8/7/2026 3:00:49 PM","True","ALL"
"Out-of-Area","Surname0033","Given0033","389655","(555)555-0033","","","","",",","","1/4/2026","","DNC","0","0","Data","Internet","","","Internet, Chat (REECE WEBSITE)","Chat (REECE WEBSITE)","DNC","Data-Data Only - No Appt","4","0","Asked DNC","0.0000","0.0000","","","Dana Whitfield","1/1/2026","1/31/2026","ALL","ALL","ALL","ALL","8/7/2026 3:00:49 PM","True","ALL"
"Out-of-Area","Surname0034","Given0034","389712","(555)555-0034","","","","",",","person0034@example.com","1/4/2026","","NI","0","0","Data","Internet","Nash","","Internet, Chat (REECE WEBSITE)","Chat (REECE WEBSITE)","NI","Data-Data Only - No Appt","1","0","No Interest Now","0.0000","0.0000","","","Dana Whitfield","1/1/2026","1/31/2026","ALL","ALL","ALL","ALL","8/7/2026 3:00:49 PM","True","ALL"
"Out-of-Area","Surname0035","Given0035","389649","(555)555-0035","","Birmingham","AL","35232","Birmingham, AL  35232","person0035@example.com","1/4/2026","","OpInt","0","0","Data","Internet","","","Internet, Lead Gurus","Lead Gurus","OpInt","Data-Data Only - No Appt","3","0","Op Intercept","0.0000","0.0000","","","Dana Whitfield","1/1/2026","1/31/2026","ALL","ALL","ALL","ALL","8/7/2026 3:00:49 PM","True","ALL"
"Out-of-Area","Surname0036","Given0036","389772","(555)555-0036","","","","",",","","1/5/2026","","DNC","0","0","Data","Magazine","Nash","","Magazine, Best Picks","Best Pick","DNC","Data-Data Only - No Appt","1","0","Asked DNC","0.0000","0.0000","","","Dana Whitfield","1/1/2026","1/31/2026","ALL","ALL","ALL","ALL","8/7/2026 3:00:49 PM","True","ALL"
"Out-of-Area","Surname0037","Given0037","389798","(555)555-0037","","","","",",","","1/5/2026","","BD","0","0","Data","Internet","Nash","","Internet, Googgle PPC Windows","Google PPC Windows","BD","Data-Data Only - No Appt","1","0","Bad Data","0.0000","0.0000","","","Dana Whitfield","1/1/2026","1/31/2026","ALL","ALL","ALL","ALL","8/7/2026 3:00:49 PM","True","ALL"
"Out-of-Area","Surname0038","Given0038","389841","(555)555-0038","","","","",",","","1/5/2026","","DNC","0","0","Data","Internet","Nash","","Internet, Googgle PPC Windows","Google PPC Windows","DNC","Data-Data Only - No Appt","1","0","Asked DNC","0.0000","0.0000","","","Dana Whitfield","1/1/2026","1/31/2026","ALL","ALL","ALL","ALL","8/7/2026 3:00:49 PM","True","ALL"
"Out-of-Area","Surname0039","Given0039","389917","(555)555-0039","","","","",",","","1/5/2026","","OS","0","0","Data","Magazine","Nash","","Magazine, Resource Living","Resource Living","OS","Data-Data Only - No Appt","1","0","Can't Do Project","0.0000","0.0000","","","Dana Whitfield","1/1/2026","1/31/2026","ALL","ALL","ALL","ALL","8/7/2026 3:00:49 PM","True","ALL"
"Out-of-Area","Surname0040","Given0040","389954","(555)555-0040","","","","",",","","1/5/2026","","BM","0","0","Data","Magazine","Nash","","Magazine, Five Star","5 Star","BM","Data-Data Only - No Appt","1","0","Below Minimum","0.0000","0.0000","","","Dana Whitfield","1/1/2026","1/31/2026","ALL","ALL","ALL","ALL","8/7/2026 3:00:49 PM","True","ALL"
"Out-of-Area","Surname0041","Given0041","302974","(555)555-0041","141 Sample St","Pinellas Park","FL","33781","Pinellas Park, FL  33781","person0041@example.com","1/5/2026","","","0","0","Data","Internet","","","Internet, Chat (REECE WEBSITE)","Chat (REECE WEBSITE)","","Data-Data Only - No Appt","1","0","","0.0000","0.0000","","","Dana Whitfield","1/1/2026","1/31/2026","ALL","ALL","ALL","ALL","8/7/2026 3:00:49 PM","True","ALL"
"Out-of-Area","Surname0042","Given0042","383165","(555)555-0042","","Milton","FL","32571","Milton, FL  32571","person0042@example.com","1/5/2026","","OpInt","0","0","Data","Internet","","","Internet, Lead Gurus","Lead Gurus","OpInt","Data-Data Only - No Appt","3","0","Op Intercept","0.0000","0.0000","","","Dana Whitfield","1/1/2026","1/31/2026","ALL","ALL","ALL","ALL","8/7/2026 3:00:49 PM","True","ALL"
"Out-of-Area","Surname0043","Given0043","389995","(555)555-0043","143 Sample St","Melbourne","FL","32940","Melbourne, FL  32940","person0043@example.com","1/5/2026","","","0","0","Data","Affiliates","Nash","","Affiliate, LeadPilot","LeadPilot","","Data-Data Only - No Appt","0","0","","0.0000","0.0000","","","Dana Whitfield","1/1/2026","1/31/2026","ALL","ALL","ALL","ALL","8/7/2026 3:00:49 PM","True","ALL"
"Superseded","Surname0044","Given0044","389960","(555)555-0044","144 Sample St","Henrico","VA","23231","Henrico, VA  23231","person0044@example.com","1/5/2026","","AM","0","","Data","Internet","","","Internet, Lead Gurus","Lead Gurus","AM","Data-Data Only - No Appt","69","1","Answering Machine","0.0000","0.0000","","","Dana Whitfield","1/1/2026","1/31/2026","ALL","ALL","ALL","ALL","8/7/2026 3:00:49 PM","True","ALL"
"Out-of-Area","Surname0045","Given0045","390038","(555)555-0045","","","","",",","person0045@example.com","1/5/2026","","","0","0","Data","Internet","","","Internet, Chat (REECE WEBSITE)","Chat (REECE WEBSITE)","","Data-Data Only - No Appt","0","0","","0.0000","0.0000","","","Dana Whitfield","1/1/2026","1/31/2026","ALL","ALL","ALL","ALL","8/7/2026 3:00:49 PM","True","ALL"
"Out-of-Area","Surname0046","Given0046","389176","(555)555-0046","146 Sample St","Rockledge","FL","32955","Rockledge, FL  32955","person0046@example.com","1/5/2026","","","0","0","Data","","","","","","","Data-Data Only - No Appt","0","0","","0.0000","0.0000","","","Dana Whitfield","1/1/2026","1/31/2026","ALL","ALL","ALL","ALL","8/7/2026 3:00:49 PM","True","ALL"
"Out-of-Area","Surname0047","Given0047","389990","(555)555-0047","147 Sample St","Winter Haven","FL","33884","Winter Haven, FL  33884","","1/5/2026","Roof","","4","","CXL","Affiliates","LAKE","","Affiliate, LeadPilot","LeadPilot","","CXL-Cancelled Appointment","0","0","","0.0000","0.0000","1/6/2026 10:00:00 AM","","Dana Whitfield","1/1/2026","1/31/2026","ALL","ALL","ALL","ALL","8/7/2026 3:00:49 PM","True","ALL"
"Out-of-Area","Surname0048","Given0048","389848","(555)555-0048","148 Sample St","Palm Beach Gardens","FL","","Palm Beach Gardens, FL","person0048@example.com","1/5/2026","","AM","0","0","Data","Internet","","","Internet, Lead Gurus","Lead Gurus","AM","Data-Data Only - No Appt","51","0","Answering Machine","0.0000","0.0000","","","Dana Whitfield","1/1/2026","1/31/2026","ALL","ALL","ALL","ALL","8/7/2026 3:00:49 PM","True","ALL"
"Out-of-Area","Surname0049","Given0049","389848","(555)555-0049","149 Sample St","Palm Beach Gardens","FL","","Palm Beach Gardens, FL","person0049@example.com","1/5/2026","","AM","0","0","Data","Internet","","","Internet, Chat (REECE WEBSITE)","Chat (REECE WEBSITE)","AM","Data-Data Only - No Appt","51","0","Answering Machine","0.0000","0.0000","","","Dana Whitfield","1/1/2026","1/31/2026","ALL","ALL","ALL","ALL","8/7/2026 3:00:49 PM","True","ALL"
"Out-of-Area","Surname0050","Given0050","389744","(555)555-0050","","","nu","",", nu","person0050@example.com","1/5/2026","","COMP","0","0","Data","Internet","","","Internet, Chat (REECE WEBSITE)","Chat (REECE WEBSITE)","COMP","Data-Data Only - No Appt","8","0","Bought Competition","0.0000","0.0000","","","Dana Whitfield","1/1/2026","1/31/2026","ALL","ALL","ALL","ALL","8/7/2026 3:00:49 PM","True","ALL"
"Out-of-Area","Surname0051","Given0051","390087","(555)555-0051","","","nu","91303",", nu  91303","person0051@example.com","1/5/2026","","OpInt","0","0","Data","Website","","","Internet, Socius Marketing","Magazine","OpInt","Data-Data Only - No Appt","4","0","Op Intercept","0.0000","0.0000","","","Dana Whitfield","1/1/2026","1/31/2026","ALL","ALL","ALL","ALL","8/7/2026 3:00:49 PM","True","ALL"
"Out-of-Area","Surname0052","Given0052","389898","(555)555-0052","152 Sample St","Dunnellon","FL","34433","Dunnellon, FL  34433","person0052@example.com","1/5/2026","Win","NA","0","0","Data","Internet","Nash","","Internet, Lead Gurus","Lead Gurus","NA","Data-Data Only - No Appt","46","0","No Answer","0.0000","0.0000","","","Dana Whitfield","1/1/2026","1/31/2026","ALL","ALL","ALL","ALL","8/7/2026 3:00:49 PM","True","ALL"
"Out-of-Area","Surname0053","Given0053","390027","(555)555-0053","","","","",",","person0053@example.com","1/5/2026","","","1","26","Data","Internet","","","Internet, Chat (REECE WEBSITE)","Chat (REECE WEBSITE)","","Data-Data Only - No Appt","0","0","","0.0000","0.0000","","","Dana Whitfield","1/1/2026","1/31/2026","ALL","ALL","ALL","ALL","8/7/2026 3:00:49 PM","True","ALL"
"Out-of-Area","Surname0054","Given0054","389964","(555)555-0054","","","","",",","person0054@example.com","1/5/2026","","AM","0","0","Data","Internet","","","Internet, Chat (REECE WEBSITE)","Chat (REECE WEBSITE)","AM","Data-Data Only - No Appt","14","0","Answering Machine","0.0000","0.0000","","","Dana Whitfield","1/1/2026","1/31/2026","ALL","ALL","ALL","ALL","8/7/2026 3:00:49 PM","True","ALL"
"Out-of-Area","Surname0055","Given0055","377132","(555)555-0055","155 Sample St","Tampa","FL","33619","Tampa, FL  33619","person0055@example.com","1/5/2026","","AM","0","0","Data","Internet","","","Internet, Chat (REECE WEBSITE)","Chat (REECE WEBSITE)","AM","Data-Data Only - No Appt","41","0","Answering Machine","0.0000","0.0000","","","Dana Whitfield","1/1/2026","1/31/2026","ALL","ALL","ALL","ALL","8/7/2026 3:00:49 PM","True","ALL"
"Out-of-Area","Surname0056","Given0056","389845","(555)555-0056","156 Sample St","Daytona Beach","FL","32118","Daytona Beach, FL  32118","person0056@example.com","1/5/2026","","OS","0","0","Data","Internet","","","Internet, Lead Gurus","Lead Gurus","OS","Data-Data Only - No Appt","1","0","Can't Do Project","0.0000","0.0000","","","Dana Whitfield","1/1/2026","1/31/2026","ALL","ALL","ALL","ALL","8/7/2026 3:00:49 PM","True","ALL"
"Out-of-Area","Surname0057","Given0057","389874","(555)555-0057","157 Sample St","","nu","33941",", nu  33941","person0057@example.com","1/5/2026","","","0","0","Set","Canvass","","","Berben, Jason - FTM","Canvass","","Set-Appointment Date Set","0","0","","0.0000","0.0000","1/6/2026 6:00:00 PM","","Dana Whitfield","1/1/2026","1/31/2026","ALL","ALL","ALL","ALL","8/7/2026 3:00:49 PM","True","ALL"
"Out-of-Area","Surname0058","Given0058","390280","(555)555-0058","","","","",",","","1/6/2026","","NA","0","0","Data","Iheart","","","","Simpletext","NA","Data-Data Only - No Appt","48","0","No Answer","0.0000","0.0000","","","Dana Whitfield","1/1/2026","1/31/2026","ALL","ALL","ALL","ALL","8/7/2026 3:00:49 PM","True","ALL"
"Out-of-Area","Surname0059","Given0059","390304","(555)555-0059","","","","",",","","1/6/2026","","DNC","0","0","Data","Internet","Nash","","Internet, Reecewindows.com","Reecewindows.com","DNC","Data-Data Only - No Appt","1","0","Asked DNC","0.0000","0.0000","","","Dana Whitfield","1/1/2026","1/31/2026","ALL","ALL","ALL","ALL","8/7/2026 3:00:49 PM","True","ALL"
"Out-of-Area","Surname0060","Given0060","390957","(555)555-0060","","","","",",","","1/8/2026","","DNC","0","0","Data","Canvass Sticky","Nash","","Canvasser Tampa, New","Canvass Sticky","DNC","Data-Data Only - No Appt","1","0","Asked DNC","0.0000","0.0000","","","Dana Whitfield","1/1/2026","1/31/2026","ALL","ALL","ALL","ALL","8/7/2026 3:00:49 PM","True","ALL"
"Out-of-Area","Surname0061","Given0061","383456","(555)555-0061","161 Sample St","Tarpon Springs","FL","34689","Tarpon Springs, FL  34689","person0061@example.com","1/19/2026","","NI","0","0","Data","CustRef","","","CustRef, GetTheReferral.Com","GetTheReferral.Com","NI","Data-Data Only - No Appt","12","0","No Interest Now","0.0000","0.0000","","","Dana Whitfield","1/1/2026","1/31/2026","ALL","ALL","ALL","ALL","8/7/2026 3:00:49 PM","True","ALL"
"Out-of-Area","Surname0062","Given0062","393375","(555)555-0062","","","","",",","","1/20/2026","","AM","0","0","Data","Television","Nash","","TV, Fox - Tampa","Fox - Tampa","AM","Data-Data Only - No Appt","33","0","Answering Machine","0.0000","0.0000","","","Dana Whitfield","1/1/2026","1/31/2026","ALL","ALL","ALL","ALL","8/7/2026 3:00:49 PM","True","ALL"
"Out-of-Area","Surname0063","Given0063","395229","(555)555-0063","","","","",",","","1/27/2026","","BD","0","0","Data","Job Signs","Nash","",", Job Sign","Billboard","BD","Data-Data Only - No Appt","1","0","Bad Data","0.0000","0.0000","","","Dana Whitfield","1/1/2026","1/31/2026","ALL","ALL","ALL","ALL","8/7/2026 3:00:49 PM","True","ALL"
"Killed","Surname0064","Given0064","243905","(555)555-0064","164 Sample St","Port Saint Lucie","FL","34953","Port Saint Lucie, FL  34953","person0064@example.com","1/1/2026","","AM","0","0","Set","Internet","BOCA","BOCA","Internet, Lead Gurus","Lead Gurus","AM","Set-Appointment Date Set","65","0","Answering Machine","0.0000","0.0000","1/3/2026 2:00:00 PM","","Dana Whitfield","1/1/2026","1/31/2026","ALL","ALL","ALL","ALL","8/7/2026 3:00:49 PM","True","ALL"
"Killed","Surname0065","Given0065","388973","(555)555-0065","165 Sample St","Boca Raton","FL","33486","Boca Raton, FL  33486","person0065@example.com","1/1/2026","","NA","0","0","Set","Internet","","BOCA","Internet, Lead Gurus","Lead Gurus","NA","Set-Appointment Date Set","13","0","No Answer","0.0000","0.0000","1/7/2026 2:00:00 PM","","Dana Whitfield","1/1/2026","1/31/2026","ALL","ALL","ALL","ALL","8/7/2026 3:00:49 PM","True","ALL"
"Killed","Surname0066","Given0066","389082","(555)555-0066","166 Sample St","Port Saint Lucie","FL","34986","Port Saint Lucie, FL  34986","person0066@example.com","1/1/2026","Win","HU","0","0","NoHome","Internet","BOCA","BOCA","Internet, Lead Gurus","Lead Gurus","HU","NoHome-No-Show","5","0","Hung Up","0.0000","0.0000","1/3/2026 10:00:00 AM","","Dana Whitfield","1/1/2026","1/31/2026","ALL","ALL","ALL","ALL","8/7/2026 3:00:49 PM","True","ALL"
"No Interest Now","Surname0067","Given0067","389028","(555)555-0067","167 Sample St","Port Saint Lucie","FL","34952","Port Saint Lucie, FL  34952","person0067@example.com","1/1/2026","","NI","0","0","Set","Internet","","BOCA","Internet, Lead Gurus","Lead Gurus","NI","Set-Appointment Date Set","23","0","No Interest Now","0.0000","0.0000","1/5/2026 10:00:00 AM","","Dana Whitfield","1/1/2026","1/31/2026","ALL","ALL","ALL","ALL","8/7/2026 3:00:49 PM","True","ALL"
"Asked DNC","Surname0068","Given0068","389134","(555)555-0068","168 Sample St","Lake Worth","FL","33467","Lake Worth, FL  33467","person0068@example.com","1/1/2026","","DNC","0","0","Data","Internet","BOCA","BOCA","Internet, Lead Gurus","Lead Gurus","DNC","Data-Data Only - No Appt","8","0","Asked DNC","0.0000","0.0000","","","Dana Whitfield","1/1/2026","1/31/2026","ALL","ALL","ALL","ALL","8/7/2026 3:00:49 PM","True","ALL"
"Killed","Surname0069","Given0069","380238","(555)555-0069","169 Sample St","Boynton Beach","FL","33437","Boynton Beach, FL  33437","person0069@example.com","1/1/2026","","","0","0","Data","Internet","BOCA","BOCA","Internet, Lead Gurus","Lead Gurus","","Data-Data Only - No Appt","0","0","","0.0000","0.0000","","","Dana Whitfield","1/1/2026","1/31/2026","ALL","ALL","ALL","ALL","8/7/2026 3:00:49 PM","True","ALL"
"Sale-Contract Signed","Surname0070","Given0070","389377","(555)555-0070","170 Sample St","Port St. Lucie","FL","34983","Port St. Lucie, FL  34983","person0070@example.com","1/2/2026","Win","AP","8","18","Sale","Internet","BOCA","BOCA","Internet, MyHomePros","MyHomePros","AP","Sale-Contract Signed","1","0","Appointment","23311","0.0000","1/3/2026 2:00:00 PM","Credit Decline","Dana Whitfield","1/1/2026","1/31/2026","ALL","ALL","ALL","ALL","8/7/2026 3:00:49 PM","True","ALL"
"DNC-Do Not Call","Surname0071","Given0071","389401","(555)555-0071","171 Sample St","Port Saint Lucie","FL","34953","Port Saint Lucie, FL  34953","person0071@example.com","1/2/2026","Win","HU","0","","DNC","Internet","BOCA","BOCA","Internet, MyHomePros","MyHomePros","HU","DNC-Do Not Call","5","0","Hung Up","0.0000","0.0000","","","Dana Whitfield","1/1/2026","1/31/2026","ALL","ALL","ALL","ALL","8/7/2026 3:00:49 PM","True","ALL"
"Killed","Surname0072","Given0072","389409","(555)555-0072","","Boca Raton","FL","33433","Boca Raton, FL  33433","person0072@example.com","1/2/2026","","OpInt","0","0","Data","Internet","","BOCA","Internet, Lead Gurus","Lead Gurus","OpInt","Data-Data Only - No Appt","9","0","Op Intercept","0.0000","0.0000","","","Dana Whitfield","1/1/2026","1/31/2026","ALL","ALL","ALL","ALL","8/7/2026 3:00:49 PM","True","ALL"
"Killed","Surname0073","Given0073","363617","(555)555-0073","173 Sample St","Port Saint Lucie","FL","34953","Port Saint Lucie, FL  34953","person0073@example.com","1/2/2026","Win","NA","0","0","Data","Internet","BOCA","BOCA","Internet, MyHomePros","MyHomePros","NA","Data-Data Only - No Appt","41","0","No Answer","0.0000","0.0000","","","Dana Whitfield","1/1/2026","1/31/2026","ALL","ALL","ALL","ALL","8/7/2026 3:00:49 PM","True","ALL"
"Killed","Surname0074","Given0074","389172","(555)555-0074","","Lake Worth","FL","33449","Lake Worth, FL  33449","person0074@example.com","1/2/2026","","NA","0","0","Data","Internet","","BOCA","Internet, Lead Gurus","Lead Gurus","NA","Data-Data Only - No Appt","13","0","No Answer","0.0000","0.0000","","","Dana Whitfield","1/1/2026","1/31/2026","ALL","ALL","ALL","ALL","8/7/2026 3:00:49 PM","True","ALL"
"Superseded","Surname0075","Given0075","299926","(555)555-0075","","Fort Pierce","FL","34982","Fort Pierce, FL  34982","person0075@example.com","1/2/2026","","NA","0","","Data","Internet","BOCA","BOCA","Internet, Lead Gurus","Lead Gurus","NA","Data-Data Only - No Appt","74","1","No Answer","0.0000","0.0000","","","Dana Whitfield","1/1/2026","1/31/2026","ALL","ALL","ALL","ALL","8/7/2026 3:00:49 PM","True","ALL"
"Killed","Surname0076","Given0076","389332","(555)555-0076","176 Sample St","Stuart","FL","34997","Stuart, FL  34997","person0076@example.com","1/2/2026","Win","AM","0","0","Data","Internet","","BOCA","Internet, MyHomePros","MyHomePros","AM","Data-Data Only - No Appt","51","0","Answering Machine","0.0000","0.0000","","","Dana Whitfield","1/1/2026","1/31/2026","ALL","ALL","ALL","ALL","8/7/2026 3:00:49 PM","True","ALL"
"Sale-Contract Signed","Surname0077","Given0077","265810","(555)555-0077","177 Sample St","Palm Beach Gardens","FL","33410","Palm Beach Gardens, FL  33410","person0077@example.com","1/2/2026","Win","NA","8","44","Sale","Internet","BOCA","BOCA","Internet, Socius Marketing","Google PPC Windows","NA","Sale-Contract Signed","3","0","No Answer","29700","8689","1/5/2026 6:00:00 PM","Paid In Full","Dana Whitfield","1/1/2026","1/31/2026","ALL","ALL","ALL","ALL","8/7/2026 3:00:49 PM","True","ALL"
"No Interest Now","Surname0078","Given0078","167677","(555)555-0078","178 Sample St","Jupiter","FL","33469","Jupiter, FL  33469","person0078@example.com","1/2/2026","Win","NI","0","0","OPPFDN","Internet","BOCA","BOCA","Internet, Lead Gurus","Lead Gurus","NI","OPPFDN-Full Demo No Sale","16","0","No Interest Now","0.0000","0.0000","1/5/2026 6:00:00 PM","","Dana Whitfield","1/1/2026","1/31/2026","ALL","ALL","ALL","ALL","8/7/2026 3:00:49 PM","True","ALL"
"Killed","Surname0079","Given0079","299687","(555)555-0079","179 Sample St","Fort Pierce","FL","34953","Fort Pierce, FL  34953","person0079@example.com","1/2/2026","Win","AM","0","0","Data","Internet","BOCA","BOCA","Internet, MyHomePros","MyHomePros","AM","Data-Data Only - No Appt","46","0","Answering Machine","0.0000","0.0000","","","Dana Whitfield","1/1/2026","1/31/2026","ALL","ALL","ALL","ALL","8/7/2026 3:00:49 PM","True","ALL"
"Killed","Surname0080","Given0080","134962","(555)555-0080","180 Sample St","Fort Lauderdale","FL","33327","Fort Lauderdale, FL  33327","person0080@example.com","1/2/2026","Win","OpInt","0","0","Data","Internet","BOCA","BOCA","Internet, MyHomePros","MyHomePros","OpInt","Data-Data Only - No Appt","3","0","Op Intercept","0.0000","0.0000","","","Dana Whitfield","1/1/2026","1/31/2026","ALL","ALL","ALL","ALL","8/7/2026 3:00:49 PM","True","ALL"
"Superseded","Surname0081","Given0081","389277","(555)555-0081","181 Sample St","Jupiter","FL","33458","Jupiter, FL  33458","","1/2/2026","Win","NI","0","","OPPFDN","Internet","BOCA","BOCA","Internet, Googgle PPC Windows","Google PPC Windows","NI","OPPFDN-Full Demo No Sale","10","1","No Interest Now","0.0000","0.0000","1/3/2026 10:00:00 AM","","Dana Whitfield","1/1/2026","1/31/2026","ALL","ALL","ALL","ALL","8/7/2026 3:00:49 PM","True","ALL"
"Superseded","Surname0082","Given0082","389376","(555)555-0082","182 Sample St","Boynton Beach","FL","33472","Boynton Beach, FL  33472","person0082@example.com","1/2/2026","Win","AM","0","","Data","Internet","","BOCA","Internet, MyHomePros","MyHomePros","AM","Data-Data Only - No Appt","69","1","Answering Machine","0.0000","0.0000","","","Dana Whitfield","1/1/2026","1/31/2026","ALL","ALL","ALL","ALL","8/7/2026 3:00:49 PM","True","ALL"
"No Interest Now","Surname0083","Given0083","389341","(555)555-0083","183 Sample St","Port St. Lucie","FL","34952","Port St. Lucie, FL  34952","person0083@example.com","1/2/2026","Win","NI","0","0","Data","Internet","BOCA","BOCA","Internet, MyHomePros","MyHomePros","NI","Data-Data Only - No Appt","1","0","No Interest Now","0.0000","0.0000","","","Dana Whitfield","1/1/2026","1/31/2026","ALL","ALL","ALL","ALL","8/7/2026 3:00:49 PM","True","ALL"
"Killed","Surname0084","Given0084","180823","(555)555-0084","184 Sample St","Stuart","","34996","Stuart,     34996","person0084@example.com","1/3/2026","","NA","0","0","Data","Internet","BOCA","BOCA","Internet, Lead Gurus","Lead Gurus","NA","Data-Data Only - No Appt","2","0","No Answer","0.0000","0.0000","","","Dana Whitfield","1/1/2026","1/31/2026","ALL","ALL","ALL","ALL","8/7/2026 3:00:49 PM","True","ALL"
"Killed","Surname0085","Given0085","389477","(555)555-0085","185 Sample St","Port St. Lucie","FL","34983","Port St. Lucie, FL  34983","person0085@example.com","1/3/2026","Win","AM","0","0","Data","Internet","","BOCA","Internet, MyHomePros","MyHomePros","AM","Data-Data Only - No Appt","51","0","Answering Machine","0.0000","0.0000","","","Dana Whitfield","1/1/2026","1/31/2026","ALL","ALL","ALL","ALL","8/7/2026 3:00:49 PM","True","ALL"
"Set-Appointment Date Set","Surname0086","Given0086","389445","(555)555-0086","186 Sample St","Jupiter","FL","33458","Jupiter, FL  33458","person0086@example.com","1/3/2026","Win","NA","0","","Set","Internet","BOCA","BOCA","Internet, Lead Gurus","Lead Gurus","NA","Set-Appointment Date Set","111","0","No Answer","0.0000","0.0000","1/7/2026 6:00:00 PM","","Dana Whitfield","1/1/2026","1/31/2026","ALL","ALL","ALL","ALL","8/7/2026 3:00:49 PM","True","ALL"
"Killed","Surname0087","Given0087","389507","(555)555-0087","187 Sample St","Port St. Lucie","FL","34953","Port St. Lucie, FL  34953","person0087@example.com","1/3/2026","Win","NA","0","0","Data","Internet","BOCA","BOCA","Internet, MyHomePros","MyHomePros","NA","Data-Data Only - No Appt","42","0","No Answer","0.0000","0.0000","","","Dana Whitfield","1/1/2026","1/31/2026","ALL","ALL","ALL","ALL","8/7/2026 3:00:49 PM","True","ALL"
"Killed","Surname0088","Given0088","389588","(555)555-0088","","Port Saint Lucie","FL","34952","Port Saint Lucie, FL  34952","person0088@example.com","1/3/2026","Win","AM","0","0","Data","Internet","BOCA","BOCA","Internet, Lead Gurus","Lead Gurus","AM","Data-Data Only - No Appt","42","0","Answering Machine","0.0000","0.0000","","","Dana Whitfield","1/1/2026","1/31/2026","ALL","ALL","ALL","ALL","8/7/2026 3:00:49 PM","True","ALL"
"No Interest Now","Surname0089","Given0089","343775","(555)555-0089","189 Sample St","Boca Raton","FL","33496","Boca Raton, FL  33496","person0089@example.com","1/3/2026","Win","NI","0","0","CXL","Internet","BOCA","BOCA","Internet, Lead Gurus","Lead Gurus","NI","CXL-Cancelled Appointment","4","0","No Interest Now","0.0000","0.0000","1/6/2026 10:00:00 AM","","Dana Whitfield","1/1/2026","1/31/2026","ALL","ALL","ALL","ALL","8/7/2026 3:00:49 PM","True","ALL"
"Killed","Surname0090","Given0090","121822","(555)555-0090","190 Sample St","Delray Beach","FL","33446","Delray Beach, FL  33446","person0090@example.com","1/3/2026","","NA","0","0","Data","Internet","BOCA","BOCA","Internet, Lead Gurus","Lead Gurus","NA","Data-Data Only - No Appt","43","0","No Answer","0.0000","0.0000","","","Dana Whitfield","1/1/2026","1/31/2026","ALL","ALL","ALL","ALL","8/7/2026 3:00:49 PM","True","ALL"
"Killed","Surname0091","Given0091","389463","(555)555-0091","191 Sample St","Port Saint Lucie","FL","34986","Port Saint Lucie, FL  34986","person0091@example.com","1/3/2026","","HU","0","0","Data","Internet","BOCA","BOCA","Internet, Lead Gurus","Lead Gurus","HU","Data-Data Only - No Appt","9","0","Hung Up","0.0000","0.0000","","","Dana Whitfield","1/1/2026","1/31/2026","ALL","ALL","ALL","ALL","8/7/2026 3:00:49 PM","True","ALL"
"No Interest Now","Surname0092","Given0092","389466","(555)555-0092","192 Sample St","Lake Worth","FL","33463","Lake Worth, FL  33463","person0092@example.com","1/3/2026","","NI","0","0","Data","Internet","","BOCA","Internet, Lead Gurus","Lead Gurus","NI","Data-Data Only - No Appt","5","0","No Interest Now","0.0000","0.0000","","","Dana Whitfield","1/1/2026","1/31/2026","ALL","ALL","ALL","ALL","8/7/2026 3:00:49 PM","True","ALL"
"Sale-Contract Signed","Surname0093","Given0093","389553","(555)555-0093","193 Sample St","West Palm Beach","FL","33415","West Palm Beach, FL  33415","person0093@example.com","1/3/2026","Win","NI","8","17","Sale","Internet","BOCA","BOCA","Internet, Lead Gurus","Lead Gurus","NI","Sale-Contract Signed","6","0","No Interest Now","10000","0.0000","1/8/2026 2:00:00 PM","Cancelled","Dana Whitfield","1/1/2026","1/31/2026","ALL","ALL","ALL","ALL","8/7/2026 3:00:49 PM","True","ALL"
"DNC-Do Not Call","Surname0094","Given0094","389489","(555)555-0094","194 Sample St","Palm Beach Gardens","FL","33418","Palm Beach Gardens, FL  33418","","1/3/2026","SGD","Verif","0","","DNC","Magazine","BOCA","BOCA","Magazine, Best Picks","Best Pick","Verif","DNC-Do Not Call","27","0","Verified","0.0000","0.0000","1/14/2026 2:00:00 PM","","Dana Whitfield","1/1/2026","1/31/2026","ALL","ALL","ALL","ALL","8/7/2026 3:00:49 PM","True","ALL"
"Killed","Surname0095","Given0095","389680","(555)555-0095","195 Sample St","Lake Worth","FL","33463","Lake Worth , FL  33463","","1/4/2026","Win","NA","0","0","OPPFDN","CustRef","BOCA","BOCA",", Referral","Customer Referral","NA","OPPFDN-Full Demo No Sale","27","0","No Answer","0.0000","0.0000","1/7/2026 10:00:00 AM","","Dana Whitfield","1/1/2026","1/31/2026","ALL","ALL","ALL","ALL","8/7/2026 3:00:49 PM","True","ALL"
"Killed","Surname0096","Given0096","389650","(555)555-0096","","","nu","33488",", nu  33488","person0096@example.com","1/4/2026","","AM","0","0","Data","Website","BOCA","BOCA","Internet, Socius Marketing","Billboard","AM","Data-Data Only - No Appt","43","0","Answering Machine","0.0000","0.0000","","","Dana Whitfield","1/1/2026","1/31/2026","ALL","ALL","ALL","ALL","8/7/2026 3:00:49 PM","True","ALL"
"Asked DNC","Surname0097","Given0097","389679","(555)555-0097","197 Sample St","Jensen Beach","FL","34957","Jensen Beach, FL  34957","person0097@example.com","1/4/2026","Win","DNC","0","0","Data","Internet","","BOCA","Internet, MyHomePros","MyHomePros","DNC","Data-Data Only - No Appt","2","0","Asked DNC","0.0000","0.0000","","","Dana Whitfield","1/1/2026","1/31/2026","ALL","ALL","ALL","ALL","8/7/2026 3:00:49 PM","True","ALL"
"DNC-Do Not Call","Surname0098","Given0098","249374","(555)555-0098","198 Sample St","BOYNTON BEACH","FL","33437","BOYNTON BEACH, FL  33437","person0098@example.com","1/4/2026","","NA","0","","DNC","Internet","BOCA","BOCA","Internet, Lead Gurus","Lead Gurus","NA","DNC-Do Not Call","54","0","No Answer","0.0000","0.0000","","","Dana Whitfield","1/1/2026","1/31/2026","ALL","ALL","ALL","ALL","8/7/2026 3:00:49 PM","True","ALL"
"No Interest Now","Surname0099","Given0099","389738","(555)555-0099","199 Sample St","West Palm Beach","FL","33404","West Palm Beach, FL  33404","person0099@example.com","1/4/2026","","NI","0","0","CXL","Internet","BOCA","BOCA","Internet, Lead Gurus","Lead Gurus","NI","CXL-Cancelled Appointment","1","0","No Interest Now","0.0000","0.0000","1/10/2026 2:00:00 PM","","Dana Whitfield","1/1/2026","1/31/2026","ALL","ALL","ALL","ALL","8/7/2026 3:00:49 PM","True","ALL"
"No Interest Now","Surname0100","Given0100","389604","(555)555-0100","200 Sample St","Boynton Beach","FL","33436","Boynton Beach, FL  33436","person0100@example.com","1/4/2026","","NI","0","0","Data","Internet","","BOCA","Internet, Lead Gurus","Lead Gurus","NI","Data-Data Only - No Appt","6","0","No Interest Now","0.0000","0.0000","","","Dana Whitfield","1/1/2026","1/31/2026","ALL","ALL","ALL","ALL","8/7/2026 3:00:49 PM","True","ALL"
"Killed","Surname0101","Given0101","389745","(555)555-0101","201 Sample St","Port Saint Lucie","FL","34953","Port Saint Lucie, FL  34953","person0101@example.com","1/4/2026","Win","CONF","0","0","No Demo","Internet","BOCA","BOCA","Internet, Lead Gurus","Lead Gurus","CONF","No Demo-No Demo","3","0","Confirmed","0.0000","0.0000","1/7/2026 2:00:00 PM","","Dana Whitfield","1/1/2026","1/31/2026","ALL","ALL","ALL","ALL","8/7/2026 3:00:49 PM","True","ALL"
"Killed","Surname0102","Given0102","322564","(555)555-0102","202 Sample St","Port Saint Lucie","FL","34953","Port Saint Lucie, FL  34953","person0102@example.com","1/4/2026","","","0","0","Data","Internet","BOCA","BOCA","Internet, Lead Gurus","Lead Gurus","","Data-Data Only - No Appt","0","0","","0.0000","0.0000","","","Dana Whitfield","1/1/2026","1/31/2026","ALL","ALL","ALL","ALL","8/7/2026 3:00:49 PM","True","ALL"
"Killed","Surname0103","Given0103","389703","(555)555-0103","203 Sample St","Fort Pierce","FL","34982","Fort Pierce, FL  34982","person0103@example.com","1/4/2026","Win","CONF","0","0","OPPFDN","Internet","BOCA","BOCA","Internet, Lead Gurus","Lead Gurus","CONF","OPPFDN-Full Demo No Sale","1","0","Confirmed","0.0000","0.0000","1/9/2026 6:00:00 PM","","Dana Whitfield","1/1/2026","1/31/2026","ALL","ALL","ALL","ALL","8/7/2026 3:00:49 PM","True","ALL"
"Killed","Surname0104","Given0104","389709","(555)555-0104","204 Sample St","Port Saint Lucie","FL","34986","Port Saint Lucie, FL  34986","person0104@example.com","1/4/2026","","HU","0","0","Set","Internet","","BOCA","Internet, Lead Gurus","Lead Gurus","HU","Set-Appointment Date Set","13","0","Hung Up","0.0000","0.0000","1/9/2026 10:00:00 AM","","Dana Whitfield","1/1/2026","1/31/2026","ALL","ALL","ALL","ALL","8/7/2026 3:00:49 PM","True","ALL"
"Data-Data Only - No Appt","Surname0105","Given0105","172167","(555)555-0105","205 Sample St","Boynton Beach","FL","33473","Boynton Beach, FL  33473","person0105@example.com","1/5/2026","Win","AM","0","","Data","Internet","BOCA","BOCA","Internet, Lead Gurus","Lead Gurus","AM","Data-Data Only - No Appt","80","0","Answering Machine","0.0000","0.0000","","","Dana Whitfield","1/1/2026","1/31/2026","ALL","ALL","ALL","ALL","8/7/2026 3:00:49 PM","True","ALL"
"Sale-Contract Signed","Surname0106","Given0106","249071","(555)555-0106","206 Sample St","Palm Beach Gardens","FL","33410","Palm Beach Gardens, FL  33410","person0106@example.com","1/5/2026","SGD","CONF","8","44","Sale","Internet","BOCA","BOCA","Internet, Googgle PPC Windows","Google PPC Windows","CONF","Sale-Contract Signed","1","0","Confirmed","34651","32730","1/6/2026 2:00:00 PM","Paid In Full","Dana Whitfield","1/1/2026","1/31/2026","ALL","ALL","ALL","ALL","8/7/2026 3:00:49 PM","True","ALL"
"Killed","Surname0107","Given0107","389780","(555)555-0107","207 Sample St","Port St. Lucie","FL","34953","Port St. Lucie, FL  34953","person0107@example.com","1/5/2026","Win","NA","0","0","Data","Internet","","BOCA","Internet, MyHomePros","MyHomePros","NA","Data-Data Only - No Appt","55","0","No Answer","0.0000","0.0000","","","Dana Whitfield","1/1/2026","1/31/2026","ALL","ALL","ALL","ALL","8/7/2026 3:00:49 PM","True","ALL"
"Superseded","Surname0108","Given0108","387987","(555)555-0108","208 Sample St","Port Saint Lucie","FL","34953","Port Saint Lucie, FL  34953","person0108@example.com","1/5/2026","","NA","0","","Data","Internet","BOCA","BOCA","Internet, Lead Gurus","Lead Gurus","NA","Data-Data Only - No Appt","100","1","No Answer","0.0000","0.0000","","","Dana Whitfield","1/1/2026","1/31/2026","ALL","ALL","ALL","ALL","8/7/2026 3:00:49 PM","True","ALL"
"Killed","Surname0109","Given0109","333060","(555)555-0109","209 Sample St","Loxahatchee","FL","33470","Loxahatchee, FL  33470","person0109@example.com","1/5/2026","Win","CB","0","0","CXL","Internet","BOCA","BOCA","Internet, Lead Gurus","Lead Gurus","CB","CXL-Cancelled Appointment","3","0","CallBack Set","0.0000","0.0000","1/7/2026 6:00:00 PM","","Dana Whitfield","1/1/2026","1/31/2026","ALL","ALL","ALL","ALL","8/7/2026 3:00:49 PM","True","ALL"
"No Interest Now","Surname0110","Given0110","364804","(555)555-0110","210 Sample St","Boca Raton","FL","33434","Boca Raton, FL  33434","person0110@example.com","1/5/2026","Win","NI","0","0","CXL","Magazine","BOCA","BOCA","Magazine, Best Picks","Best Pick","NI","CXL-Cancelled Appointment","4","0","No Interest Now","0.0000","0.0000","1/20/2026 2:00:00 PM","","Dana Whitfield","1/1/2026","1/31/2026","ALL","ALL","ALL","ALL","8/7/2026 3:00:49 PM","True","ALL"
"Killed","Surname0111","Given0111","389889","(555)555-0111","211 Sample St","Delray Beach","FL","33483","Delray Beach, FL  33483","person0111@example.com","1/5/2026","Win","NA","0","0","Data","Internet","","BOCA","Internet, MyHomePros","MyHomePros","NA","Data-Data Only - No Appt","48","0","No Answer","0.0000","0.0000","","","Dana Whitfield","1/1/2026","1/31/2026","ALL","ALL","ALL","ALL","8/7/2026 3:00:49 PM","True","ALL"
"Killed","Surname0112","Given0112","389872","(555)555-0112","212 Sample St","Brandon","FL","33408","Brandon, FL  33408","person0112@example.com","1/5/2026","Win","NA","0","0","Data","Internet","BOCA","BOCA","Internet, Lead Gurus","Lead Gurus","NA","Data-Data Only - No Appt","47","0","No Answer","0.0000","0.0000","","","Dana Whitfield","1/1/2026","1/31/2026","ALL","ALL","ALL","ALL","8/7/2026 3:00:49 PM","True","ALL"
"Asked DNC","Surname0113","Given0113","388587","(555)555-0113","213 Sample St","Palm Beach Gardens","FL","33418","Palm Beach Gardens, FL  33418","person0113@example.com","1/5/2026","Win","DNC","0","0","CXL","Website","BOCA","BOCA","Internet, Socius Marketing","Google","DNC","CXL-Cancelled Appointment","21","0","Asked DNC","0.0000","0.0000","1/10/2026 2:00:00 PM","","Dana Whitfield","1/1/2026","1/31/2026","ALL","ALL","ALL","ALL","8/7/2026 3:00:49 PM","True","ALL"
"No Interest Now","Surname0114","Given0114","390031","(555)555-0114","214 Sample St","Port Saint Lucie","FL","34953","Port Saint Lucie, FL  34953","person0114@example.com","1/5/2026","Win","NI","0","0","Data","Internet","","BOCA","Internet, MyHomePros","MyHomePros","NI","Data-Data Only - No Appt","29","0","No Interest Now","0.0000","0.0000","","","Dana Whitfield","1/1/2026","1/31/2026","ALL","ALL","ALL","ALL","8/7/2026 3:00:49 PM","True","ALL"
"Killed","Surname0115","Given0115","389720","(555)555-0115","215 Sample St","Sebring","FL","33870","Sebring, FL  33870","person0115@example.com","1/5/2026","","RMH","0","0","DNC","Internet","BOCA","BOCA","Internet, Lead Gurus","Lead Gurus","RMH","DNC-Do Not Call","4","0","Renter/Mobile Home","0.0000","0.0000","","","Dana Whitfield","1/1/2026","1/31/2026","ALL","ALL","ALL","ALL","8/7/2026 3:00:49 PM","True","ALL"
"Killed","Surname0116","Given0116","116815","(555)555-0116","216 Sample St","West Palm Beach","FL","33406","West Palm Beach, FL  33406","person0116@example.com","1/5/2026","Win","DOH","0","0","OPPFDN","Internet","BOCA","BOCA","Internet, Lead Gurus","Lead Gurus","DOH","OPPFDN-Full Demo No Sale","8","0","Dropped on Hold","0.0000","0.0000","1/11/2026 2:00:00 PM","","Dana Whitfield","1/1/2026","1/31/2026","ALL","ALL","ALL","ALL","8/7/2026 3:00:49 PM","True","ALL"
"No Interest Now","Surname0117","Given0117","389277","(555)555-0117","217 Sample St","Jupiter","FL","33458","Jupiter, FL  33458","","1/5/2026","Win","NI","0","0","OPPFDN","Internet","BOCA","BOCA","Internet, Googgle PPC Windows","Google PPC Windows","NI","OPPFDN-Full Demo No Sale","8","0","No Interest Now","0.0000","0.0000","1/7/2026 10:00:00 AM","","Dana Whitfield","1/1/2026","1/31/2026","ALL","ALL","ALL","ALL","8/7/2026 3:00:49 PM","True","ALL"
"Killed","Surname0118","Given0118","389776","(555)555-0118","218 Sample St","Port St. Lucie","FL","34952","Port St. Lucie, FL  34952","person0118@example.com","1/5/2026","Win","OpInt","0","0","Data","Internet","BOCA","BOCA","Internet, MyHomePros","MyHomePros","OpInt","Data-Data Only - No Appt","4","0","Op Intercept","0.0000","0.0000","","","Dana Whitfield","1/1/2026","1/31/2026","ALL","ALL","ALL","ALL","8/7/2026 3:00:49 PM","True","ALL"
"Killed","Surname0119","Given0119","389797","(555)555-0119","219 Sample St","Stuart","FL","34997","Stuart, FL  34997","person0119@example.com","1/5/2026","","AM","0","0","Data","Internet","BOCA","BOCA","Internet, Lead Gurus","Lead Gurus","AM","Data-Data Only - No Appt","50","0","Answering Machine","0.0000","0.0000","","","Dana Whitfield","1/1/2026","1/31/2026","ALL","ALL","ALL","ALL","8/7/2026 3:00:49 PM","True","ALL"
"Killed","Surname0120","Given0120","389873","(555)555-0120","220 Sample St","Hollywood","FL","33433","Hollywood, FL  33433","person0120@example.com","1/5/2026","Win","CONF","0","0","CXL","Internet","BOCA","BOCA","Internet, Lead Gurus","Lead Gurus","CONF","CXL-Cancelled Appointment","1","0","Confirmed","0.0000","0.0000","1/8/2026 6:00:00 PM","","Dana Whitfield","1/1/2026","1/31/2026","ALL","ALL","ALL","ALL","8/7/2026 3:00:49 PM","True","ALL"
"Asked DNC","Surname0121","Given0121","389822","(555)555-0121","","","","33411",",     33411","person0121@example.com","1/5/2026","","DNC","0","0","Data","Website","","BOCA","Internet, Socius Marketing","Mail","DNC","Data-Data Only - No Appt","3","0","Asked DNC","0.0000","0.0000","","","Dana Whitfield","1/1/2026","1/31/2026","ALL","ALL","ALL","ALL","8/7/2026 3:00:49 PM","True","ALL"
"Sale-Contract Signed","Surname0122","Given0122","389740","(555)555-0122","222 Sample St","Port Saint Lucie","FL","34983","Port Saint Lucie, FL  34983","person0122@example.com","1/5/2026","Win","HU","8","44","Sale","Internet","BOCA","BOCA","Internet, Lead Gurus","Lead Gurus","HU","Sale-Contract Signed","6","0","Hung Up","23893","23893","1/9/2026 10:00:00 AM","Paid In Full","Dana Whitfield","1/1/2026","1/31/2026","ALL","ALL","ALL","ALL","8/7/2026 3:00:49 PM","True","ALL"
"Killed","Surname0123","Given0123","390154","(555)555-0123","223 Sample St","Port St. Lucie","FL","34984","Port St. Lucie, FL  34984","person0123@example.com","1/6/2026","Win","AM","0","0","Data","Internet","","BOCA","Internet, MyHomePros","MyHomePros","AM","Data-Data Only - No Appt","49","0","Answering Machine","0.0000","0.0000","","","Dana Whitfield","1/1/2026","1/31/2026","ALL","ALL","ALL","ALL","8/7/2026 3:00:49 PM","True","ALL"
"Killed","Surname0124","Given0124","390367","(555)555-0124","224 Sample St","Lake Worth","FL","33467","Lake Worth, FL  33467","person0124@example.com","1/6/2026","Win","CB","0","0","Data","Internet","BOCA","BOCA","Internet, Lead Gurus","Lead Gurus","CB","Data-Data Only - No Appt","13","0","CallBack Set","0.0000","0.0000","","","Dana Whitfield","1/1/2026","1/31/2026","ALL","ALL","ALL","ALL","8/7/2026 3:00:49 PM","True","ALL"
"No Interest Now","Surname0125","Given0125","303161","(555)555-0125","225 Sample St","Delray Beach","FL","33484","Delray Beach, FL  33484","person0125@example.com","1/6/2026","Win","NI","0","0","Data","Internet","BOCA","BOCA","Internet, Lead Gurus","Lead Gurus","NI","Data-Data Only - No Appt","23","0","No Interest Now","0.0000","0.0000","","","Dana Whitfield","1/1/2026","1/31/2026","ALL","ALL","ALL","ALL","8/7/2026 3:00:49 PM","True","ALL"
"Can't Do Project","Surname0126","Given0126","390168","(555)555-0126","","","","34953",",     34953","person0126@example.com","1/6/2026","","OS","0","0","Data","Website","","BOCA","Internet, Socius Marketing","Google","OS","Data-Data Only - No Appt","1","0","Can't Do Project","0.0000","0.0000","","","Dana Whitfield","1/1/2026","1/31/2026","ALL","ALL","ALL","ALL","8/7/2026 3:00:49 PM","True","ALL"
"Can't Do Project","Surname0127","Given0127","390170","(555)555-0127","227 Sample St","Lake Worth","FL","33467","Lake Worth, FL  33467","person0127@example.com","1/6/2026","","OS","0","0","CXL","Internet","BOCA","BOCA","Internet, Lead Gurus","Lead Gurus","OS","CXL-Cancelled Appointment","1","0","Can't Do Project","0.0000","0.0000","1/9/2026 6:00:00 PM","","Dana Whitfield","1/1/2026","1/31/2026","ALL","ALL","ALL","ALL","8/7/2026 3:00:49 PM","True","ALL"
"Killed","Surname0128","Given0128","390066","(555)555-0128","228 Sample St","Boca Raton","FL","33486","Boca Raton, FL  33486","person0128@example.com","1/6/2026","Win","CONF","0","0","OPPFDN","Internet","BOCA","BOCA","Internet, Lead Gurus","Lead Gurus","CONF","OPPFDN-Full Demo No Sale","11","0","Confirmed","0.0000","0.0000","1/7/2026 2:00:00 PM","","Dana Whitfield","1/1/2026","1/31/2026","ALL","ALL","ALL","ALL","8/7/2026 3:00:49 PM","True","ALL"
"No Interest Now","Surname0129","Given0129","390135","(555)555-0129","229 Sample St","West Palm Beach","FL","33413","West Palm Beach, FL  33413","","1/6/2026","Win","NI","0","0","OPPFDN","Internet","BOCA","BOCA","Internet, Google PPC Roof","Google PPC Roofs","NI","OPPFDN-Full Demo No Sale","79","0","No Interest Now","0.0000","0.0000","1/6/2026 2:00:00 PM","","Dana Whitfield","1/1/2026","1/31/2026","ALL","ALL","ALL","ALL","8/7/2026 3:00:49 PM","True","ALL"
"Killed","Surname0130","Given0130","390072","(555)555-0130","230 Sample St","West Palm Beach","FL","33411","West Palm Beach, FL  33411","person0130@example.com","1/6/2026","Win","NA","0","0","OPPFDN","Internet","BOCA","BOCA","Internet, Lead Gurus","Lead Gurus","NA","OPPFDN-Full Demo No Sale","47","0","No Answer","0.0000","0.0000","1/17/2026 2:00:00 PM","","Dana Whitfield","1/1/2026","1/31/2026","ALL","ALL","ALL","ALL","8/7/2026 3:00:49 PM","True","ALL"
"DNC-Do Not Call","Surname0131","Given0131","390082","(555)555-0131","231 Sample St","Wellington","FL","33414","Wellington, FL  33414","person0131@example.com","1/6/2026","","HU","0","","DNC","Internet","BOCA","BOCA","Internet, Lead Gurus","Lead Gurus","HU","DNC-Do Not Call","3","0","Hung Up","0.0000","0.0000","1/12/2026 2:00:00 PM","","Dana Whitfield","1/1/2026","1/31/2026","ALL","ALL","ALL","ALL","8/7/2026 3:00:49 PM","True","ALL"
"Asked DNC","Surname0132","Given0132","390185","(555)555-0132","232 Sample St","Boca Raton","FL","33486","Boca Raton, FL  33486","person0132@example.com","1/6/2026","Win","DNC","0","0","No Demo","Internet","BOCA","BOCA","Internet, Lead Gurus","Lead Gurus","DNC","No Demo-No Demo","8","0","Asked DNC","0.0000","0.0000","1/7/2026 10:00:00 AM","","Dana Whitfield","1/1/2026","1/31/2026","ALL","ALL","ALL","ALL","8/7/2026 3:00:49 PM","True","ALL"
"Asked DNC","Surname0133","Given0133","390321","(555)555-0133","233 Sample St","Delray Beach","FL","33484","Delray Beach, FL  33484","person0133@example.com","1/6/2026","","DNC","0","0","CXL","Internet","BOCA","BOCA","Internet, Lead Gurus","Lead Gurus","DNC","CXL-Cancelled Appointment","5","0","Asked DNC","0.0000","0.0000","1/12/2026 10:00:00 AM","","Dana Whitfield","1/1/2026","1/31/2026","ALL","ALL","ALL","ALL","8/7/2026 3:00:49 PM","True","ALL"
"NoHome-No-Show","Surname0134","Given0134","377146","(555)555-0134","234 Sample St","Lake Worth","FL","33467","Lake Worth, FL  33467","person0134@example.com","1/6/2026","Win","NA","0","","NoHome","Internet","BOCA","BOCA","Internet, Lead Gurus","Lead Gurus","NA","NoHome-No-Show","43","0","No Answer","0.0000","0.0000","1/8/2026 2:00:00 PM","","Dana Whitfield","1/1/2026","1/31/2026","ALL","ALL","ALL","ALL","8/7/2026 3:00:49 PM","True","ALL"
"Superseded","Surname0135","Given0135","390334","(555)555-0135","235 Sample St","Port Saint Lucie","FL","34984","Port Saint Lucie, FL  34984","person0135@example.com","1/6/2026","Win","COMP","0","0","OPPFDN","Internet","BOCA","BOCA","Internet, Lead Gurus","Lead Gurus","COMP","OPPFDN-Full Demo No Sale","21","2","Bought Competition","0.0000","0.0000","1/10/2026 10:00:00 AM","","Dana Whitfield","1/1/2026","1/31/2026","ALL","ALL","ALL","ALL","8/7/2026 3:00:49 PM","True","ALL"
"Killed","Surname0136","Given0136","390692","(555)555-0136","236 Sample St","Boca Raton","FL","33433","Boca Raton, FL  33433","person0136@example.com","1/7/2026","","AM","0","0","Data","Internet","","BOCA","Internet, Lead Gurus","Lead Gurus","AM","Data-Data Only - No Appt","40","0","Answering Machine","0.0000","0.0000","","","Dana Whitfield","1/1/2026","1/31/2026","ALL","ALL","ALL","ALL","8/7/2026 3:00:49 PM","True","ALL"
"Killed","Surname0137","Given0137","390686","(555)555-0137","237 Sample St","","","33467",",     33467","person0137@example.com","1/7/2026","Win","AM","0","0","Data","Internet","BOCA","BOCA","Internet, Lead Gurus","Lead Gurus","AM","Data-Data Only - No Appt","41","0","Answering Machine","0.0000","0.0000","","","Dana Whitfield","1/1/2026","1/31/2026","ALL","ALL","ALL","ALL","8/7/2026 3:00:49 PM","True","ALL"
"Killed","Surname0138","Given0138","382431","(555)555-0138","238 Sample St","Fort Pierce","FL","34982","Fort Pierce, FL  34982","person0138@example.com","1/7/2026","","","0","0","Data","Internet","BOCA","BOCA","Internet, Lead Gurus","Lead Gurus","","Data-Data Only - No Appt","0","0","","0.0000","0.0000","","","Dana Whitfield","1/1/2026","1/31/2026","ALL","ALL","ALL","ALL","8/7/2026 3:00:49 PM","True","ALL"
"Killed","Surname0139","Given0139","386697","(555)555-0139","239 Sample St"," Greenacres","","33467"," Greenacres,     33467","person0139@example.com","1/7/2026","Win","CB","0","0","CXL","Internet","BOCA","BOCA","Affiliate, LeadPilot","LeadPilotData","CB","CXL-Cancelled Appointment","6","0","CallBack Set","0.0000","0.0000","1/20/2026 2:00:00 PM","","Dana Whitfield","1/1/2026","1/31/2026","ALL","ALL","ALL","ALL","8/7/2026 3:00:49 PM","True","ALL"
"Killed","Surname0140","Given0140","390457","(555)555-0140","240 Sample St","Port St. Lucie","FL","34987","Port St. Lucie, FL  34987","person0140@example.com","1/7/2026","Win","AM","0","0","Data","Internet","","BOCA","Internet, MyHomePros","MyHomePros","AM","Data-Data Only - No Appt","50","0","Answering Machine","0.0000","0.0000","","","Dana Whitfield","1/1/2026","1/31/2026","ALL","ALL","ALL","ALL","8/7/2026 3:00:49 PM","True","ALL"
"Killed","Surname0141","Given0141","390555","(555)555-0141","241 Sample St","West Palm Beach","FL","33407","West Palm Beach, FL  33407","person0141@example.com","1/7/2026","Win","AM","0","0","Data","Internet","","BOCA","Internet, MyHomePros","MyHomePros","AM","Data-Data Only - No Appt","44","0","Answering Machine","0.0000","0.0000","","","Dana Whitfield","1/1/2026","1/31/2026","ALL","ALL","ALL","ALL","8/7/2026 3:00:49 PM","True","ALL"
"Superseded","Surname0142","Given0142","390413","(555)555-0142","242 Sample St","Stuart","FL","34996","Stuart, FL  34996","person0142@example.com","1/7/2026","Win","NA","0","","Data","Internet","","BOCA","Internet, MyHomePros","MyHomePros","NA","Data-Data Only - No Appt","2","1","No Answer","0.0000","0.0000","","","Dana Whitfield","1/1/2026","1/31/2026","ALL","ALL","ALL","ALL","8/7/2026 3:00:49 PM","True","ALL"
"Superseded","Surname0143","Given0143","390725","(555)555-0143","243 Sample St","Port Saint Lucie","FL","34953","Port Saint Lucie, FL  34953","person0143@example.com","1/7/2026","","NA","0","","DNC","Internet","BOCA","BOCA","Internet, Lead Gurus","Lead Gurus","NA","DNC-Do Not Call","62","1","No Answer","0.0000","0.0000","1/13/2026 10:00:00 AM","","Dana Whitfield","1/1/2026","1/31/2026","ALL","ALL","ALL","ALL","8/7/2026 3:00:49 PM","True","ALL"
"Killed","Surname0144","Given0144","390437","(555)555-0144","","","","34984",",     34984","person0144@example.com","1/7/2026","","","0","0","Data","","","BOCA","Internet, Socius Marketing","","","Data-Data Only - No Appt","0","0","","0.0000","0.0000","","","Dana Whitfield","1/1/2026","1/31/2026","ALL","ALL","ALL","ALL","8/7/2026 3:00:49 PM","True","ALL"
"Killed","Surname0145","Given0145","390501","(555)555-0145","245 Sample St","Boca Raton","FL","33431","Boca Raton, FL  33431","person0145@example.com","1/7/2026","Win","NA","0","0","Data","Internet","","BOCA","Internet, MyHomePros","MyHomePros","NA","Data-Data Only - No Appt","49","0","No Answer","0.0000","0.0000","","","Dana Whitfield","1/1/2026","1/31/2026","ALL","ALL","ALL","ALL","8/7/2026 3:00:49 PM","True","ALL"
"Superseded","Surname0146","Given0146","328434","(555)555-0146","246 Sample St","Jupiter","FL","33458","Jupiter, FL  33458","person0146@example.com","1/7/2026","Win","Verif","0","","Data","Internet","BOCA","BOCA","Internet, MyHomePros","MyHomePros","Verif","Data-Data Only - No Appt","4","1","Verified","0.0000","0.0000","","","Dana Whitfield","1/1/2026","1/31/2026","ALL","ALL","ALL","ALL","8/7/2026 3:00:49 PM","True","ALL"
"Can't Do Project","Surname0147","Given0147","390507","(555)555-0147","247 Sample St","Lake Worth","FL","33467","Lake Worth, FL  33467","person0147@example.com","1/7/2026","Win","OS","0","0","Data","Internet","","BOCA","Internet, MyHomePros","MyHomePros","OS","Data-Data Only - No Appt","1","0","Can't Do Project","0.0000","0.0000","","","Dana Whitfield","1/1/2026","1/31/2026","ALL","ALL","ALL","ALL","8/7/2026 3:00:49 PM","True","ALL"
"Can't Do Project","Surname0148","Given0148","390404","(555)555-0148","","Port Saint Lucie","FL","34984","Port Saint Lucie, FL  34984","person0148@example.com","1/7/2026","","OS","0","0","Data","Internet","BOCA","BOCA","Internet, Lead Gurus","Lead Gurus","OS","Data-Data Only - No Appt","5","0","Can't Do Project","0.0000","0.0000","","","Dana Whitfield","1/1/2026","1/31/2026","ALL","ALL","ALL","ALL","8/7/2026 3:00:49 PM","True","ALL"
"Killed","Surname0149","Given0149","390651","(555)555-0149","249 Sample St","Palm City","FL","34990","Palm City, FL  34990","person0149@example.com","1/7/2026","Win","AM","0","0","Data","Internet","","BOCA","Internet, MyHomePros","MyHomePros","AM","Data-Data Only - No Appt","2","0","Answering Machine","0.0000","0.0000","","","Dana Whitfield","1/1/2026","1/31/2026","ALL","ALL","ALL","ALL","8/7/2026 3:00:49 PM","True","ALL"
"Killed","Surname0150","Given0150","390474","(555)555-0150","250 Sample St","Fort Pierce","FL","34982","Fort Pierce, FL  34982","person0150@example.com","1/7/2026","Win","NA","0","0","Data","Internet","","BOCA","Internet, MyHomePros","MyHomePros","NA","Data-Data Only - No Appt","47","0","No Answer","0.0000","0.0000","","","Dana Whitfield","1/1/2026","1/31/2026","ALL","ALL","ALL","ALL","8/7/2026 3:00:49 PM","True","ALL"
"Killed","Surname0151","Given0151","390907","(555)555-0151","251 Sample St","Flanders A","FL","33484","Flanders A, FL  33484","person0151@example.com","1/8/2026","Win","NA","0","0","Data","Internet","BOCA","BOCA","Internet, MyHomePros","MyHomePros","NA","Data-Data Only - No Appt","41","0","No Answer","0.0000","0.0000","","","Dana Whitfield","1/1/2026","1/31/2026","ALL","ALL","ALL","ALL","8/7/2026 3:00:49 PM","True","ALL"
"Killed","Surname0152","Given0152","390905","(555)555-0152","252 Sample St","Palm City","FL","34990","Palm City, FL  34990","person0152@example.com","1/8/2026","Win","NA","0","0","Data","Internet","","BOCA","Internet, MyHomePros","MyHomePros","NA","Data-Data Only - No Appt","47","0","No Answer","0.0000","0.0000","","","Dana Whitfield","1/1/2026","1/31/2026","ALL","ALL","ALL","ALL","8/7/2026 3:00:49 PM","True","ALL"
"Killed","Surname0153","Given0153","390916","(555)555-0153","253 Sample St","Riviera Beach","FL","33407","Riviera Beach, FL  33407","person0153@example.com","1/8/2026","","NA","0","0","Set","Affiliates","BOCA","BOCA","Affiliate, LeadPilot","LeadPilot","NA","Set-Appointment Date Set","49","0","No Answer","0.0000","0.0000","1/9/2026 2:00:00 PM","","Dana Whitfield","1/1/2026","1/31/2026","ALL","ALL","ALL","ALL","8/7/2026 3:00:49 PM","True","ALL"
"Superseded","Surname0154","Given0154","390943","(555)555-0154","254 Sample St","Stuart","FL","34997","Stuart, FL  34997","person0154@example.com","1/8/2026","Win","AM","0","","OPPFDN","Internet","BOCA","BOCA","Internet, Lead Gurus","Lead Gurus","AM","OPPFDN-Full Demo No Sale","98","1","Answering Machine","0.0000","0.0000","1/12/2026 6:00:00 PM","","Dana Whitfield","1/1/2026","1/31/2026","ALL","ALL","ALL","ALL","8/7/2026 3:00:49 PM","True","ALL"
"Killed","Surname0155","Given0155","221086","(555)555-0155","255 Sample St","West Palm Beach","FL","33415","West Palm Beach, FL  33415","person0155@example.com","1/8/2026","Win","NA","0","0","Data","Internet","BOCA","BOCA","Internet, MyHomePros","MyHomePros","NA","Data-Data Only - No Appt","52","0","No Answer","0.0000","0.0000","","","Dana Whitfield","1/1/2026","1/31/2026","ALL","ALL","ALL","ALL","8/7/2026 3:00:49 PM","True","ALL"
"Killed","Surname0156","Given0156","197490","(555)555-0156","256 Sample St","Boca Raton","FL","33434","Boca Raton, FL  33434","person0156@example.com","1/8/2026","","NA","0","0","Data","Internet","BOCA","BOCA","Internet, Lead Gurus","Lead Gurus","NA","Data-Data Only - No Appt","43","0","No Answer","0.0000","0.0000","","","Dana Whitfield","1/1/2026","1/31/2026","ALL","ALL","ALL","ALL","8/7/2026 3:00:49 PM","True","ALL"
"No Interest Now","Surname0157","Given0157","390952","(555)555-0157","257 Sample St","Port St. Lucie","FL","34983","Port St. Lucie, FL  34983","person0157@example.com","1/8/2026","Win","NI","0","0","Data","Internet","BOCA","BOCA","Internet, MyHomePros","MyHomePros","NI","Data-Data Only - No Appt","24","0","No Interest Now","0.0000","0.0000","","","Dana Whitfield","1/1/2026","1/31/2026","ALL","ALL","ALL","ALL","8/7/2026 3:00:49 PM","True","ALL"
"Asked DNC","Surname0158","Given0158","211648","(555)555-0158","258 Sample St","Boca Raton","FL","33498","Boca Raton, FL  33498","","1/8/2026","","DNC","0","0","Set","Affiliates","BOCA","BOCA","Affiliate, LeadPilot","LeadPilot","DNC","Set-Appointment Date Set","6","0","Asked DNC","0.0000","0.0000","1/9/2026 10:00:00 AM","","Dana Whitfield","1/1/2026","1/31/2026","ALL","ALL","ALL","ALL","8/7/2026 3:00:49 PM","True","ALL"
"Superseded","Surname0159","Given0159","390927","(555)555-0159","259 Sample St","Boynton Beach","FL","33437","Boynton Beach, FL  33437","person0159@example.com","1/8/2026","Win","DNC","0","0","OPPFDN","Internet","BOCA","BOCA","Internet, Lead Gurus","Lead Gurus","DNC","OPPFDN-Full Demo No Sale","36","1","Asked DNC","0.0000","0.0000","1/12/2026 6:00:00 PM","","Dana Whitfield","1/1/2026","1/31/2026","ALL","ALL","ALL","ALL","8/7/2026 3:00:49 PM","True","ALL"
"Killed","Surname0160","Given0160","390759","(555)555-0160","260 Sample St","Port St. Lucie","FL","34953","Port St. Lucie, FL  34953","person0160@example.com","1/8/2026","Win","AM","0","0","Data","Internet","BOCA","BOCA","Internet, MyHomePros","MyHomePros","AM","Data-Data Only - No Appt","51","0","Answering Machine","0.0000","0.0000","","","Dana Whitfield","1/1/2026","1/31/2026","ALL","ALL","ALL","ALL","8/7/2026 3:00:49 PM","True","ALL"
"Killed","Surname0161","Given0161","390936","(555)555-0161","261 Sample St","Stuart","FL","34994","Stuart, FL  34994","person0161@example.com","1/8/2026","Win","RMH","0","0","Data","Internet","BOCA","BOCA","Internet, MyHomePros","MyHomePros","RMH","Data-Data Only - No Appt","10","0","Renter/Mobile Home","0.0000","0.0000","","","Dana Whitfield","1/1/2026","1/31/2026","ALL","ALL","ALL","ALL","8/7/2026 3:00:49 PM","True","ALL"
"Killed","Surname0162","Given0162","391002","(555)555-0162","","Port Saint Lucie","FL","34953","Port Saint Lucie, FL  34953","person0162@example.com","1/8/2026","","NA","0","0","Data","Internet","BOCA","BOCA","Internet, Lead Gurus","Lead Gurus","NA","Data-Data Only - No Appt","32","0","No Answer","0.0000","0.0000","","","Dana Whitfield","1/1/2026","1/31/2026","ALL","ALL","ALL","ALL","8/7/2026 3:00:49 PM","True","ALL"
"Killed","Surname0163","Given0163","390730","(555)555-0163","263 Sample St","Boynton Beach","FL","33436","Boynton Beach, FL  33436","person0163@example.com","1/8/2026","Win","NA","0","0","Data","Internet","BOCA","BOCA","Internet, Lead Gurus","Lead Gurus","NA","Data-Data Only - No Appt","47","0","No Answer","0.0000","0.0000","","","Dana Whitfield","1/1/2026","1/31/2026","ALL","ALL","ALL","ALL","8/7/2026 3:00:49 PM","True","ALL"
"Killed","Surname0164","Given0164","391220","(555)555-0164","264 Sample St","Tequesta","FL","33469","Tequesta, FL  33469","","1/9/2026","","NA","0","0","Set","Affiliates","BOCA","BOCA","Affiliate, LeadPilot","LeadPilot","NA","Set-Appointment Date Set","1","0","No Answer","0.0000","0.0000","1/10/2026 6:00:00 PM","","Dana Whitfield","1/1/2026","1/31/2026","ALL","ALL","ALL","ALL","8/7/2026 3:00:49 PM","True","ALL"
"Killed","Surname0165","Given0165","391100","(555)555-0165","265 Sample St","Boca Raton","FL","33486","Boca Raton, FL  33486","person0165@example.com","1/9/2026","Win","CONF","0","0","OPPFDN","Internet","BOCA","BOCA","Internet, Lead Gurus","Lead Gurus","CONF","OPPFDN-Full Demo No Sale","1","0","Confirmed","0.0000","0.0000","1/10/2026 10:00:00 AM","","Dana Whitfield","1/1/2026","1/31/2026","ALL","ALL","ALL","ALL","8/7/2026 3:00:49 PM","True","ALL"
"Superseded","Surname0166","Given0166","391217","(555)555-0166","266 Sample St","Miami","FL","33055","Miami, FL  33055","person0166@example.com","1/9/2026","","NA","0","","Set","Affiliates","BOCA","BOCA","Affiliate, LeadPilot","LeadPilot","NA","Set-Appointment Date Set","10","1","No Answer","0.0000","0.0000","1/10/2026 10:00:00 AM","","Dana Whitfield","1/1/2026","1/31/2026","ALL","ALL","ALL","ALL","8/7/2026 3:00:49 PM","True","ALL"
"Killed","Surname0167","Given0167","166667","(555)555-0167","267 Sample St","Greenacres","FL","33463","Greenacres, FL  33463","person0167@example.com","1/9/2026","","AM","0","0","Data","Internet","BOCA","BOCA","Internet, Lead Gurus","Lead Gurus","AM","Data-Data Only - No Appt","40","0","Answering Machine","0.0000","0.0000","","","Dana Whitfield","1/1/2026","1/31/2026","ALL","ALL","ALL","ALL","8/7/2026 3:00:49 PM","True","ALL"
"No Interest Now","Surname0168","Given0168","390987","(555)555-0168","268 Sample St","Palm Beach Gardens","Fl","33418","Palm Beach Gardens, Fl  33418","person0168@example.com","1/9/2026","","NI","0","0","Data","CustRef","","BOCA","CustRef, GetTheReferral.Com","GetTheReferral.Com","NI","Data-Data Only - No Appt","3","0","No Interest Now","0.0000","0.0000","","","Dana Whitfield","1/1/2026","1/31/2026","ALL","ALL","ALL","ALL","8/7/2026 3:00:49 PM","True","ALL"
"No Interest Now","Surname0169","Given0169","391041","(555)555-0169","269 Sample St","Fort Pierce","FL","34982","Fort Pierce, FL  34982","person0169@example.com","1/9/2026","","NI","0","0","Data","Internet","","BOCA","Internet, Lead Gurus","Lead Gurus","NI","Data-Data Only - No Appt","1","0","No Interest Now","0.0000","0.0000","","","Dana Whitfield","1/1/2026","1/31/2026","ALL","ALL","ALL","ALL","8/7/2026 3:00:49 PM","True","ALL"
"Killed","Surname0170","Given0170","391111","(555)555-0170","270 Sample St","Port Saint Lucie","FL","34983","Port Saint Lucie, FL  34983","person0170@example.com","1/9/2026","Win","NA","0","0","Data","Internet","","BOCA","Internet, MyHomePros","MyHomePros","NA","Data-Data Only - No Appt","34","0","No Answer","0.0000","0.0000","","","Dana Whitfield","1/1/2026","1/31/2026","ALL","ALL","ALL","ALL","8/7/2026 3:00:49 PM","True","ALL"
"Superseded","Surname0171","Given0171","348529","(555)555-0171","","","nu","",", nu","person0171@example.com","1/9/2026","","","0","","DNC","Internet","BOCA","BOCA","Internet, Lead Gurus","Lead Gurus","","DNC-Do Not Call","0","1","","0.0000","0.0000","1/12/2026 6:00:00 PM","","Dana Whitfield","1/1/2026","1/31/2026","ALL","ALL","ALL","ALL","8/7/2026 3:00:49 PM","True","ALL"
"Killed","Surname0172","Given0172","391139","(555)555-0172","272 Sample St","Port St. Lucie","FL","34952","Port St. Lucie, FL  34952","person0172@example.com","1/9/2026","Win","AM","0","0","Data","Internet","","BOCA","Internet, MyHomePros","MyHomePros","AM","Data-Data Only - No Appt","40","0","Answering Machine","0.0000","0.0000","","","Dana Whitfield","1/1/2026","1/31/2026","ALL","ALL","ALL","ALL","8/7/2026 3:00:49 PM","True","ALL"
"Killed","Surname0173","Given0173","275788","(555)555-0173","273 Sample St","Port Saint Lucie","FL","34952","Port Saint Lucie, FL  34952","person0173@example.com","1/9/2026","Win","CONF","0","0","OPPFDN","Internet","BOCA","BOCA","Internet, Lead Gurus","Lead Gurus","CONF","OPPFDN-Full Demo No Sale","2","0","Confirmed","0.0000","0.0000","1/14/2026 10:00:00 AM","","Dana Whitfield","1/1/2026","1/31/2026","ALL","ALL","ALL","ALL","8/7/2026 3:00:49 PM","True","ALL"
"No Interest Now","Surname0174","Given0174","391014","(555)555-0174","274 Sample St","Conway Trail","FL","33437","Conway Trail, FL  33437","person0174@example.com","1/9/2026","Win","NI","0","0","Data","Internet","","BOCA","Internet, MyHomePros","MyHomePros","NI","Data-Data Only - No Appt","1","0","No Interest Now","0.0000","0.0000","","","Dana Whitfield","1/1/2026","1/31/2026","ALL","ALL","ALL","ALL","8/7/2026 3:00:49 PM","True","ALL"
"Asked DNC","Surname0175","Given0175","391017","(555)555-0175","275 Sample St","Jupiter","FL","33458","Jupiter, FL  33458","person0175@example.com","1/9/2026","Win","DNC","0","0","No Demo","Internet","BOCA","BOCA","Internet, Lead Gurus","Lead Gurus","DNC","No Demo-No Demo","7","0","Asked DNC","0.0000","0.0000","1/9/2026 6:00:00 PM","","Dana Whitfield","1/1/2026","1/31/2026","ALL","ALL","ALL","ALL","8/7/2026 3:00:49 PM","True","ALL"
"Killed","Surname0176","Given0176","391248","(555)555-0176","","Jupiter","FL","33458","Jupiter, FL  33458","person0176@example.com","1/9/2026","","BD","0","0","DNC","Internet","BOCA","BOCA","Internet, Lead Gurus","Lead Gurus","BD","DNC-Do Not Call","1","0","Bad Data","0.0000","0.0000","","","Dana Whitfield","1/1/2026","1/31/2026","ALL","ALL","ALL","ALL","8/7/2026 3:00:49 PM","True","ALL"
"DNC-Do Not Call","Surname0177","Given0177","391406","(555)555-0177","277 Sample St"," Port Saint Lucie,","FL","34953"," Port Saint Lucie,, FL  34953","","1/10/2026","","LEAD","0","","DNC","Internet","BOCA","BOCA","Internet, Googgle PPC Windows","Google PPC Windows","LEAD","DNC-Do Not Call","1","0","Lead Exists","0.0000","0.0000","","","Dana Whitfield","1/1/2026","1/31/2026","ALL","ALL","ALL","ALL","8/7/2026 3:00:49 PM","True","ALL"
"DNC-Do Not Call","Surname0178","Given0178","391339","(555)555-0178","278 Sample St","Jupiter","FL","33478","Jupiter, FL  33478","person0178@example.com","1/10/2026","Win","NA","0","","DNC","Internet","BOCA","BOCA","Internet, MyHomePros","MyHomePros","NA","DNC-Do Not Call","11","0","No Answer","0.0000","0.0000","1/15/2026 2:00:00 PM","","Dana Whitfield","1/1/2026","1/31/2026","ALL","ALL","ALL","ALL","8/7/2026 3:00:49 PM","True","ALL"
"No Interest Now","Surname0179","Given0179","391400","(555)555-0179","279 Sample St","Hobe Sound","FL","33455","Hobe Sound, FL  33455","person0179@example.com","1/10/2026","Win","NI","0","0","OPPFDN","Internet","BOCA","BOCA","Internet, Lead Gurus","Lead Gurus","NI","OPPFDN-Full Demo No Sale","3","0","No Interest Now","0.0000","0.0000","1/13/2026 10:00:00 AM","","Dana Whitfield","1/1/2026","1/31/2026","ALL","ALL","ALL","ALL","8/7/2026 3:00:49 PM","True","ALL"
"No Interest Now","Surname0180","Given0180","391328","(555)555-0180","280 Sample St","Port St. Lucie","FL","34986","Port St. Lucie, FL  34986","person0180@example.com","1/10/2026","Win","NI","0","0","Data","Internet","","BOCA","Internet, MyHomePros","MyHomePros","NI","Data-Data Only - No Appt","33","0","No Interest Now","0.0000","0.0000","","","Dana Whitfield","1/1/2026","1/31/2026","ALL","ALL","ALL","ALL","8/7/2026 3:00:49 PM","True","ALL"
"Killed","Surname0181","Given0181","391375","(555)555-0181","281 Sample St","Port St. Lucie","FL","34983","Port St. Lucie, FL  34983","person0181@example.com","1/10/2026","Win","AM","0","0","Data","Internet","BOCA","BOCA","Internet, MyHomePros","MyHomePros","AM","Data-Data Only - No Appt","39","0","Answering Machine","0.0000","0.0000","","","Dana Whitfield","1/1/2026","1/31/2026","ALL","ALL","ALL","ALL","8/7/2026 3:00:49 PM","True","ALL"
"Killed","Surname0182","Given0182","391326","(555)555-0182","282 Sample St","West Palm Beach","FL","33406","West Palm Beach, FL  33406","person0182@example.com","1/10/2026","Win","NA","0","0","Data","Internet","BOCA","BOCA","Internet, MyHomePros","MyHomePros","NA","Data-Data Only - No Appt","40","0","No Answer","0.0000","0.0000","","","Dana Whitfield","1/1/2026","1/31/2026","ALL","ALL","ALL","ALL","8/7/2026 3:00:49 PM","True","ALL"
"No Interest Now","Surname0183","Given0183","391311","(555)555-0183","283 Sample St","Jupiter","FL","33458","Jupiter, FL  33458","person0183@example.com","1/10/2026","Win","NI","0","0","Data","Internet","BOCA","BOCA","Internet, MyHomePros","MyHomePros","NI","Data-Data Only - No Appt","3","0","No Interest Now","0.0000","0.0000","","","Dana Whitfield","1/1/2026","1/31/2026","ALL","ALL","ALL","ALL","8/7/2026 3:00:49 PM","True","ALL"
"Killed","Surname0184","Given0184","391276","(555)555-0184","284 Sample St","Boynton Beach","FL","33436","Boynton Beach, FL  33436","person0184@example.com","1/10/2026","Win","NA","0","0","Data","Internet","BOCA","BOCA","Internet, Lead Gurus","Lead Gurus","NA","Data-Data Only - No Appt","40","0","No Answer","0.0000","0.0000","","","Dana Whitfield","1/1/2026","1/31/2026","ALL","ALL","ALL","ALL","8/7/2026 3:00:49 PM","True","ALL"
"Asked DNC","Surname0185","Given0185","391359","(555)555-0185","285 Sample St","Port St. Lucie","FL","34983","Port St. Lucie, FL  34983","person0185@example.com","1/10/2026","Win","DNC","0","0","Data","Internet","","BOCA","Internet, MyHomePros","MyHomePros","DNC","Data-Data Only - No Appt","6","0","Asked DNC","0.0000","0.0000","","","Dana Whitfield","1/1/2026","1/31/2026","ALL","ALL","ALL","ALL","8/7/2026 3:00:49 PM","True","ALL"
"Killed","Surname0186","Given0186","391342","(555)555-0186","286 Sample St","Port St. Lucie","FL","34987","Port St. Lucie, FL  34987","person0186@example.com","1/10/2026","Win","NA","0","0","Data","Internet","BOCA","BOCA","Internet, MyHomePros","MyHomePros","NA","Data-Data Only - No Appt","41","0","No Answer","0.0000","0.0000","","","Dana Whitfield","1/1/2026","1/31/2026","ALL","ALL","ALL","ALL","8/7/2026 3:00:49 PM","True","ALL"
"No Interest Now","Surname0187","Given0187","258442","(555)555-0187","287 Sample St","West Palm Beach","FL","33406","West Palm Beach, FL  33406","person0187@example.com","1/10/2026","Win","NI","0","0","Data","Internet","BOCA","BOCA","Internet, Lead Gurus","Lead Gurus","NI","Data-Data Only - No Appt","3","0","No Interest Now","0.0000","0.0000","","","Dana Whitfield","1/1/2026","1/31/2026","ALL","ALL","ALL","ALL","8/7/2026 3:00:49 PM","True","ALL"
"No Interest Now","Surname0188","Given0188","391418","(555)555-0188","","Loxahatchee","FL","33470","Loxahatchee, FL  33470","person0188@example.com","1/10/2026","Win","NI","0","0","Data","Internet","BOCA","BOCA","Internet, Lead Gurus","Lead Gurus","NI","Data-Data Only - No Appt","11","0","No Interest Now","0.0000","0.0000","","","Dana Whitfield","1/1/2026","1/31/2026","ALL","ALL","ALL","ALL","8/7/2026 3:00:49 PM","True","ALL"
"Killed","Surname0189","Given0189","308180","(555)555-0189","289 Sample St","Port Saint Lucie","FL","34953","Port Saint Lucie, FL  34953","person0189@example.com","1/10/2026","Win","NA","0","0","Data","Internet","BOCA","BOCA","Internet, MyHomePros","MyHomePros","NA","Data-Data Only - No Appt","38","0","No Answer","0.0000","0.0000","","","Dana Whitfield","1/1/2026","1/31/2026","ALL","ALL","ALL","ALL","8/7/2026 3:00:49 PM","True","ALL"
"No Interest Now","Surname0190","Given0190","391332","(555)555-0190","290 Sample St","BOCA RATON","FL","33486","BOCA RATON , FL  33486","","1/10/2026","Win","NI","0","0","OPPFDN","Internet","BOCA","BOCA","Internet, Lead Gurus","Lead Gurus","NI","OPPFDN-Full Demo No Sale","12","0","No Interest Now","0.0000","0.0000","1/15/2026 9:00:00 AM","","Dana Whitfield","1/1/2026","1/31/2026","ALL","ALL","ALL","ALL","8/7/2026 3:00:49 PM","True","ALL"
"Asked DNC","Surname0191","Given0191","391365","(555)555-0191","291 Sample St","Boynton Beach","FL","33437","Boynton Beach, FL  33437","person0191@example.com","1/10/2026","Win","DNC","0","0","Data","Internet","BOCA","BOCA","Internet, MyHomePros","MyHomePros","DNC","Data-Data Only - No Appt","19","0","Asked DNC","0.0000","0.0000","","","Dana Whitfield","1/1/2026","1/31/2026","ALL","ALL","ALL","ALL","8/7/2026 3:00:49 PM","True","ALL"
"Bought Competition","Surname0192","Given0192","391386","(555)555-0192","","Port Saint Lucie","FL","34952","Port Saint Lucie, FL  34952","person0192@example.com","1/10/2026","Win","COMP","0","0","Data","Internet","BOCA","BOCA","Internet, Lead Gurus","Lead Gurus","COMP","Data-Data Only - No Appt","4","0","Bought Competition","0.0000","0.0000","","","Dana Whitfield","1/1/2026","1/31/2026","ALL","ALL","ALL","ALL","8/7/2026 3:00:49 PM","True","ALL"
"Sale-Contract Signed","Surname0193","Given0193","391268","(555)555-0193","293 Sample St","West Palm Beach","FL","33412","West Palm Beach, FL  33412","person0193@example.com","1/10/2026","Win","CONF","8","44","Sale","Internet","BOCA","BOCA","Internet, Lead Gurus","Lead Gurus","CONF","Sale-Contract Signed","7","0","Confirmed","33193","33193","1/12/2026 2:00:00 PM","Paid In Full","Dana Whitfield","1/1/2026","1/31/2026","ALL","ALL","ALL","ALL","8/7/2026 3:00:49 PM","True","ALL"
"No Interest Now","Surname0194","Given0194","391443","(555)555-0194","294 Sample St","Port Saint Lucie","FL","34984","Port Saint Lucie, FL  34984","person0194@example.com","1/10/2026","","NI","0","0","Data","Internet","BOCA","BOCA","Internet, Lead Gurus","Lead Gurus","NI","Data-Data Only - No Appt","1","0","No Interest Now","0.0000","0.0000","","","Dana Whitfield","1/1/2026","1/31/2026","ALL","ALL","ALL","ALL","8/7/2026 3:00:49 PM","True","ALL"
"Killed","Surname0195","Given0195","307168","(555)555-0195","295 Sample St","Boca Raton","FL","33433","Boca Raton, FL  33433","person0195@example.com","1/11/2026","","RMH","0","0","DNC","Internet","BOCA","BOCA","Internet, Lead Gurus","Lead Gurus","RMH","DNC-Do Not Call","7","0","Renter/Mobile Home","0.0000","0.0000","1/17/2026 2:00:00 PM","","Dana Whitfield","1/1/2026","1/31/2026","ALL","ALL","ALL","ALL","8/7/2026 3:00:49 PM","True","ALL"
"Superseded","Surname0196","Given0196","254936","(555)555-0196","296 Sample St","Port Saint Lucie","FL","34952","Port Saint Lucie, FL  34952","person0196@example.com","1/11/2026","Win","NA","0","","Set","Internet","BOCA","BOCA","Internet, Lead Gurus","Lead Gurus","NA","Set-Appointment Date Set","68","1","No Answer","0.0000","0.0000","1/12/2026 6:00:00 PM","","Dana Whitfield","1/1/2026","1/31/2026","ALL","ALL","ALL","ALL","8/7/2026 3:00:49 PM","True","ALL"
"Can't Do Project","Surname0197","Given0197","391471","(555)555-0197","297 Sample St","Boca Raton","FL","33434","Boca Raton, FL  33434","person0197@example.com","1/11/2026","Win","OS","0","0","Data","Internet","BOCA","BOCA","Internet, Lead Gurus","Lead Gurus","OS","Data-Data Only - No Appt","3","0","Can't Do Project","0.0000","0.0000","","","Dana Whitfield","1/1/2026","1/31/2026","ALL","ALL","ALL","ALL","8/7/2026 3:00:49 PM","True","ALL"
"No Interest Now","Surname0198","Given0198","328909","(555)555-0198","298 Sample St","Port Saint Lucie","FL","34983","Port Saint Lucie, FL  34983","person0198@example.com","1/11/2026","","NI","0","0","Set","Internet","BOCA","BOCA","Internet, Lead Gurus","Lead Gurus","NI","Set-Appointment Date Set","1","0","No Interest Now","0.0000","0.0000","1/14/2026 2:00:00 PM","","Dana Whitfield","1/1/2026","1/31/2026","ALL","ALL","ALL","ALL","8/7/2026 3:00:49 PM","True","ALL"
"Killed","Surname0199","Given0199","391558","(555)555-0199","","Jupiter","FL","33458","Jupiter, FL  33458","person0199@example.com","1/11/2026","","AM","0","0","Data","Internet","BOCA","BOCA","Internet, Lead Gurus","Lead Gurus","AM","Data-Data Only - No Appt","38","0","Answering Machine","0.0000","0.0000","","","Dana Whitfield","1/1/2026","1/31/2026","ALL","ALL","ALL","ALL","8/7/2026 3:00:49 PM","True","ALL"
"Killed","Surname0200","Given0200","251233","(555)555-0200","300 Sample St","PORT ST LUCIE","FL","34986","PORT ST LUCIE, FL  34986","person0200@example.com","1/11/2026","","NA","0","0","Data","Internet","BOCA","BOCA","Internet, Lead Gurus","Lead Gurus","NA","Data-Data Only - No Appt","1","0","No Answer","0.0000","0.0000","","","Dana Whitfield","1/1/2026","1/31/2026","ALL","ALL","ALL","ALL","8/7/2026 3:00:49 PM","True","ALL"
"Asked DNC","Surname0201","Given0201","391506","(555)555-0201","301 Sample St","Boynton Beach","FL","33436","Boynton Beach, FL  33436","person0201@example.com","1/11/2026","","DNC","0","0","Data","Internet","","BOCA","Internet, Lead Gurus","Lead Gurus","DNC","Data-Data Only - No Appt","1","0","Asked DNC","0.0000","0.0000","","","Dana Whitfield","1/1/2026","1/31/2026","ALL","ALL","ALL","ALL","8/7/2026 3:00:49 PM","True","ALL"
"No Interest Now","Surname0202","Given0202","151382","(555)555-0202","302 Sample St","Port Saint Lucie","FL","34983","Port Saint Lucie, FL  34983","person0202@example.com","1/11/2026","Win","NI","0","0","Data","Internet","BOCA","BOCA","Internet, MyHomePros","MyHomePros","NI","Data-Data Only - No Appt","3","0","No Interest Now","0.0000","0.0000","","","Dana Whitfield","1/1/2026","1/31/2026","ALL","ALL","ALL","ALL","8/7/2026 3:00:49 PM","True","ALL"
"Killed","Surname0203","Given0203","391496","(555)555-0203","","","","33498",",     33498","person0203@example.com","1/11/2026","Win","NA","0","0","Data","Internet","BOCA","BOCA","","Google PPC Windows","NA","Data-Data Only - No Appt","37","0","No Answer","0.0000","0.0000","","","Dana Whitfield","1/1/2026","1/31/2026","ALL","ALL","ALL","ALL","8/7/2026 3:00:49 PM","True","ALL"
"No Interest Now","Surname0204","Given0204","391823","(555)555-0204","304 Sample St","Delray Beach","FL","33446","Delray Beach, FL  33446","person0204@example.com","1/12/2026","Win","NI","0","0","OPPFDN","Internet","BOCA","BOCA","Internet, Lead Gurus","Lead Gurus","NI","OPPFDN-Full Demo No Sale","2","0","No Interest Now","0.0000","0.0000","1/14/2026 10:00:00 AM","","Dana Whitfield","1/1/2026","1/31/2026","ALL","ALL","ALL","ALL","8/7/2026 3:00:49 PM","True","ALL"
"Killed","Surname0205","Given0205","391579","(555)555-0205","","","nu","33484",", nu  33484","person0205@example.com","1/12/2026","","","0","0","Data","Internet","BOCA","BOCA","Internet, Socius Marketing","Reecewindows.com","","Data-Data Only - No Appt","0","0","","0.0000","0.0000","","","Dana Whitfield","1/1/2026","1/31/2026","ALL","ALL","ALL","ALL","8/7/2026 3:00:49 PM","True","ALL"
"Superseded","Surname0206","Given0206","391598","(555)555-0206","306 Sample St","Royal Palm Beach","FL","33411","Royal Palm Beach, FL  33411","person0206@example.com","1/12/2026","Win","","0","0","Sale","Affiliates","BOCA","BOCA","Affiliate, Fave Marketing","Fave Marketing","","Sale-Contract Signed","0","1","","67758","0.0000","1/17/2026 2:00:00 PM","Cancelled","Dana Whitfield","1/1/2026","1/31/2026","ALL","ALL","ALL","ALL","8/7/2026 3:00:49 PM","True","ALL"
"Superseded","Surname0207","Given0207","372713","(555)555-0207","","Fort Pierce","FL","34982","Fort Pierce, FL  34982","person0207@example.com","1/12/2026","Win","NI","0","","Data","Internet","BOCA","BOCA","Internet, MyHomePros","MyHomePros","NI","Data-Data Only - No Appt","54","1","No Interest Now","0.0000","0.0000","","","Dana Whitfield","1/1/2026","1/31/2026","ALL","ALL","ALL","ALL","8/7/2026 3:00:49 PM","True","ALL"
"Killed","Surname0208","Given0208","391636","(555)555-0208","308 Sample St","Stuart","FL","34997","Stuart, FL  34997","person0208@example.com","1/12/2026","Win","NA","0","0","Data","Internet","","BOCA","Internet, MyHomePros","MyHomePros","NA","Data-Data Only - No Appt","44","0","No Answer","0.0000","0.0000","","","Dana Whitfield","1/1/2026","1/31/2026","ALL","ALL","ALL","ALL","8/7/2026 3:00:49 PM","True","ALL"
"Killed","Surname0209","Given0209","391827","(555)555-0209","","","","33428",",     33428","person0209@example.com","1/12/2026","Door","HU","0","0","Data","Internet","BOCA","BOCA","","Google PPC Windows","HU","Data-Data Only - No Appt","2","0","Hung Up","0.0000","0.0000","","","Dana Whitfield","1/1/2026","1/31/2026","ALL","ALL","ALL","ALL","8/7/2026 3:00:49 PM","True","ALL"
"Can't Do Project","Surname0210","Given0210","391818","(555)555-0210","310 Sample St","West Palm Beach","FL","33415","West Palm Beach, FL  33415","person0210@example.com","1/12/2026","","OS","0","0","Data","Internet","","BOCA","Internet, Lead Gurus","Lead Gurus","OS","Data-Data Only - No Appt","2","0","Can't Do Project","0.0000","0.0000","","","Dana Whitfield","1/1/2026","1/31/2026","ALL","ALL","ALL","ALL","8/7/2026 3:00:49 PM","True","ALL"
"Killed","Surname0211","Given0211","391821","(555)555-0211","311 Sample St","Port Saint Lucie","FL","34983","Port Saint Lucie, FL  34983","person0211@example.com","1/12/2026","Win","NA","0","0","NoHome","Internet","BOCA","BOCA","Internet, Lead Gurus","Lead Gurus","NA","NoHome-No-Show","7","0","No Answer","0.0000","0.0000","1/27/2026 2:00:00 PM","","Dana Whitfield","1/1/2026","1/31/2026","ALL","ALL","ALL","ALL","8/7/2026 3:00:49 PM","True","ALL"
"Killed","Surname0212","Given0212","391718","(555)555-0212","312 Sample St","Fort Pierce","FL","34947","Fort Pierce, FL  34947","","1/12/2026","","NA","0","0","Set","Affiliates","BOCA","BOCA","Affiliate, LeadPilot","LeadPilot","NA","Set-Appointment Date Set","53","0","No Answer","0.0000","0.0000","1/13/2026 6:00:00 PM","","Dana Whitfield","1/1/2026","1/31/2026","ALL","ALL","ALL","ALL","8/7/2026 3:00:49 PM","True","ALL"
"Asked DNC","Surname0213","Given0213","391646","(555)555-0213","313 Sample St","Port Saint Lucie","FL","34953","Port Saint Lucie, FL  34953","person0213@example.com","1/12/2026","","DNC","0","0","Data","Internet","BOCA","BOCA","Internet, Lead Gurus","Lead Gurus","DNC","Data-Data Only - No Appt","9","0","Asked DNC","0.0000","0.0000","","","Dana Whitfield","1/1/2026","1/31/2026","ALL","ALL","ALL","ALL","8/7/2026 3:00:49 PM","True","ALL"
"Killed","Surname0214","Given0214","391715","(555)555-0214","314 Sample St","Port Saint Lucie","FL","34953","Port Saint Lucie, FL  34953","","1/12/2026","","NA","0","0","Set","Affiliates","BOCA","BOCA","Affiliate, LeadPilot","LeadPilot","NA","Set-Appointment Date Set","2","0","No Answer","0.0000","0.0000","1/13/2026 6:00:00 PM","","Dana Whitfield","1/1/2026","1/31/2026","ALL","ALL","ALL","ALL","8/7/2026 3:00:49 PM","True","ALL"
"Bought Competition","Surname0215","Given0215","391832","(555)555-0215","315 Sample St","Palm Beach Gardens","FL","33418","Palm Beach Gardens, FL  33418","person0215@example.com","1/12/2026","Win","COMP","0","0","OPPFDN","Internet","BOCA","BOCA","Internet, Lead Gurus","Lead Gurus","COMP","OPPFDN-Full Demo No Sale","52","0","Bought Competition","0.0000","0.0000","2/16/2026 10:00:00 AM","","Dana Whitfield","1/1/2026","1/31/2026","ALL","ALL","ALL","ALL","8/7/2026 3:00:49 PM","True","ALL"
"No Interest Now","Surname0216","Given0216","391882","(555)555-0216","316 Sample St","Jupiter","FL","33458","Jupiter, FL  33458","person0216@example.com","1/13/2026","Win","NI","0","0","OPPFDN","Internet","BOCA","BOCA","Internet, Lead Gurus","Lead Gurus","NI","OPPFDN-Full Demo No Sale","13","0","No Interest Now","0.0000","0.0000","1/19/2026 6:00:00 PM","","Dana Whitfield","1/1/2026","1/31/2026","ALL","ALL","ALL","ALL","8/7/2026 3:00:49 PM","True","ALL"
"Killed","Surname0217","Given0217","322023","(555)555-0217","317 Sample St","Greenacres","FL","33413","Greenacres, FL  33413","person0217@example.com","1/13/2026","Win","NA","0","0","No Demo","Internet","BOCA","BOCA","Internet, MyHomePros","MyHomePros","NA","No Demo-No Demo","3","0","No Answer","0.0000","0.0000","1/14/2026 6:00:00 PM","","Dana Whitfield","1/1/2026","1/31/2026","ALL","ALL","ALL","ALL","8/7/2026 3:00:49 PM","True","ALL"
"Killed","Surname0218","Given0218","390943","(555)555-0218","318 Sample St","Stuart","FL","34997","Stuart, FL  34997","person0218@example.com","1/13/2026","Win","AM","0","0","OPPFDN","Internet","BOCA","BOCA","Internet, Lead Gurus","Lead Gurus","AM","OPPFDN-Full Demo No Sale","91","0","Answering Machine","0.0000","0.0000","1/20/2026 10:00:00 AM","","Dana Whitfield","1/1/2026","1/31/2026","ALL","ALL","ALL","ALL","8/7/2026 3:00:49 PM","True","ALL"
"Killed","Surname0219","Given0219","299294","(555)555-0219","","Boynton Beach","FL","33472","Boynton Beach, FL  33472","person0219@example.com","1/13/2026","Win","NA","0","0","Data","Internet","BOCA","BOCA","Internet, MyHomePros","MyHomePros","NA","Data-Data Only - No Appt","37","0","No Answer","0.0000","0.0000","","","Dana Whitfield","1/1/2026","1/31/2026","ALL","ALL","ALL","ALL","8/7/2026 3:00:49 PM","True","ALL"
"Killed","Surname0220","Given0220","391978","(555)555-0220","320 Sample St","Palm City","FL","34990","Palm City, FL  34990","person0220@example.com","1/13/2026","Win","NA","0","0","Data","Internet","","BOCA","Internet, MyHomePros","MyHomePros","NA","Data-Data Only - No Appt","40","0","No Answer","0.0000","0.0000","","","Dana Whitfield","1/1/2026","1/31/2026","ALL","ALL","ALL","ALL","8/7/2026 3:00:49 PM","True","ALL"
"Killed","Surname0221","Given0221","392028","(555)555-0221","321 Sample St","Port St. Lucie","FL","34952","Port St. Lucie, FL  34952","person0221@example.com","1/13/2026","Win","RMH","0","0","Data","Internet","","BOCA","Internet, MyHomePros","MyHomePros","RMH","Data-Data Only - No Appt","32","0","Renter/Mobile Home","0.0000","0.0000","","","Dana Whitfield","1/1/2026","1/31/2026","ALL","ALL","ALL","ALL","8/7/2026 3:00:49 PM","True","ALL"
"Killed","Surname0222","Given0222","282486","(555)555-0222","322 Sample St","Port Saint Lucie","FL","34983","Port Saint Lucie, FL  34983","person0222@example.com","1/13/2026","Win","NA","0","0","Data","Internet","BOCA","BOCA","Internet, MyHomePros","MyHomePros","NA","Data-Data Only - No Appt","33","0","No Answer","0.0000","0.0000","","","Dana Whitfield","1/1/2026","1/31/2026","ALL","ALL","ALL","ALL","8/7/2026 3:00:49 PM","True","ALL"
"Asked DNC","Surname0223","Given0223","390927","(555)555-0223","323 Sample St","Boynton Beach","FL","33437","Boynton Beach, FL  33437","person0223@example.com","1/13/2026","Win","DNC","0","0","OPPFDN","Internet","BOCA","BOCA","Internet, Lead Gurus","Lead Gurus","DNC","OPPFDN-Full Demo No Sale","34","0","Asked DNC","0.0000","0.0000","1/16/2026 10:00:00 AM","","Dana Whitfield","1/1/2026","1/31/2026","ALL","ALL","ALL","ALL","8/7/2026 3:00:49 PM","True","ALL"
"Killed","Surname0224","Given0224","288840","(555)555-0224","324 Sample St","Hobe Sound","FL","33455","Hobe Sound, FL  33455","person0224@example.com","1/13/2026","Win","HU","0","0","Data","Internet","BOCA","BOCA","Internet, MyHomePros","MyHomePros","HU","Data-Data Only - No Appt","17","0","Hung Up","0.0000","0.0000","","","Dana Whitfield","1/1/2026","1/31/2026","ALL","ALL","ALL","ALL","8/7/2026 3:00:49 PM","True","ALL"
"Killed","Surname0225","Given0225","391947","(555)555-0225","325 Sample St","Port St. Lucie","FL","34953","Port St. Lucie, FL  34953","person0225@example.com","1/13/2026","Win","AM","0","0","Data","Internet","","BOCA","Internet, MyHomePros","MyHomePros","AM","Data-Data Only - No Appt","40","0","Answering Machine","0.0000","0.0000","","","Dana Whitfield","1/1/2026","1/31/2026","ALL","ALL","ALL","ALL","8/7/2026 3:00:49 PM","True","ALL"
"Killed","Surname0226","Given0226","276731","(555)555-0226","326 Sample St","Lake Worth","FL","33463","Lake Worth, FL  33463","person0226@example.com","1/13/2026","","AM","0","0","Set","Internet","BOCA","BOCA","Internet, Lead Gurus","Lead Gurus","AM","Set-Appointment Date Set","66","0","Answering Machine","0.0000","0.0000","1/19/2026 2:00:00 PM","","Dana Whitfield","1/1/2026","1/31/2026","ALL","ALL","ALL","ALL","8/7/2026 3:00:49 PM","True","ALL"
"Killed","Surname0227","Given0227","391852","(555)555-0227","","","","33411",",     33411","person0227@example.com","1/13/2026","","FL","0","0","Data","Website","BOCA","BOCA","Internet, Socius Marketing","Previous Customer","FL","Data-Data Only - No Appt","25","0","Foreign Language","0.0000","0.0000","","","Dana Whitfield","1/1/2026","1/31/2026","ALL","ALL","ALL","ALL","8/7/2026 3:00:49 PM","True","ALL"
"No Interest Now","Surname0228","Given0228","391900","(555)555-0228","328 Sample St","Royal Palm Beach","FL","33411","Royal Palm Beach, FL  33411","person0228@example.com","1/13/2026","Win","NI","0","0","CXL","Internet","BOCA","BOCA","Internet, Googgle PPC Windows","Google PPC Windows","NI","CXL-Cancelled Appointment","3","0","No Interest Now","0.0000","0.0000","1/20/2026 6:00:00 PM","","Dana Whitfield","1/1/2026","1/31/2026","ALL","ALL","ALL","ALL","8/7/2026 3:00:49 PM","True","ALL"
"Killed","Surname0229","Given0229","391970","(555)555-0229","329 Sample St","Stuart","FL","34996","Stuart, FL  34996","person0229@example.com","1/13/2026","Win","NA","0","0","NoHome","Internet","BOCA","BOCA","Internet, MyHomePros","MyHomePros","NA","NoHome-No-Show","2","0","No Answer","0.0000","0.0000","1/14/2026 2:00:00 PM","","Dana Whitfield","1/1/2026","1/31/2026","ALL","ALL","ALL","ALL","8/7/2026 3:00:49 PM","True","ALL"
"Data-Data Only - No Appt","Surname0230","Given0230","379877","(555)555-0230","330 Sample St","Jupiter","FL","33458","Jupiter, FL  33458","person0230@example.com","1/13/2026","","","1","26","Data","Internet","BOCA","BOCA","Internet, Lead Gurus","Lead Gurus","","Data-Data Only - No Appt","0","0","","0.0000","0.0000","","","Dana Whitfield","1/1/2026","1/31/2026","ALL","ALL","ALL","ALL","8/7/2026 3:00:49 PM","True","ALL"
"Sale-Contract Signed","Surname0231","Given0231","391885","(555)555-0231","331 Sample St","Lake Worth","FL","33467","Lake Worth, FL  33467","person0231@example.com","1/13/2026","Win","AM","8","44","Sale","CustRef","BOCA","BOCA",", Referral","Customer Referral","AM","Sale-Contract Signed","9","0","Answering Machine","50000","50000","1/15/2026 2:00:00 PM","Paid In Full","Dana Whitfield","1/1/2026","1/31/2026","ALL","ALL","ALL","ALL","8/7/2026 3:00:49 PM","True","ALL"
"Superseded","Surname0232","Given0232","390334","(555)555-0232","332 Sample St","Port Saint Lucie","FL","34984","Port Saint Lucie, FL  34984","person0232@example.com","1/13/2026","Win","COMP","0","0","Sale","Internet","BOCA","BOCA","Internet, Lead Gurus","Lead Gurus","COMP","Sale-Contract Signed","17","1","Bought Competition","42295","0.0000","1/17/2026 10:00:00 AM","Cancelled","Dana Whitfield","1/1/2026","1/31/2026","ALL","ALL","ALL","ALL","8/7/2026 3:00:49 PM","True","ALL"
"Killed","Surname0233","Given0233","242299","(555)555-0233","333 Sample St","Boca Raton","FL","33431","Boca Raton, FL  33431","person0233@example.com","1/13/2026","","NA","0","0","Data","Internet","BOCA","BOCA","Internet, Lead Gurus","Lead Gurus","NA","Data-Data Only - No Appt","43","0","No Answer","0.0000","0.0000","","","Dana Whitfield","1/1/2026","1/31/2026","ALL","ALL","ALL","ALL","8/7/2026 3:00:49 PM","True","ALL"
"CXL-Cancelled Appointment","Surname0234","Given0234","391851","(555)555-0234","334 Sample St","Port Saint Lucie","FL","34983","Port Saint Lucie, FL  34983","person0234@example.com","1/13/2026","Win","NI","0","","CXL","Internet","BOCA","BOCA","Internet, Lead Gurus","Lead Gurus","NI","CXL-Cancelled Appointment","2","0","No Interest Now","0.0000","0.0000","1/17/2026 2:00:00 PM","","Dana Whitfield","1/1/2026","1/31/2026","ALL","ALL","ALL","ALL","8/7/2026 3:00:49 PM","True","ALL"
"Killed","Surname0235","Given0235","392205","(555)555-0235","335 Sample St","West Palm Beach","FL","33406","West Palm Beach, FL  33406","person0235@example.com","1/14/2026","Win","NA","0","0","Data","Internet","","BOCA","Internet, MyHomePros","MyHomePros","NA","Data-Data Only - No Appt","38","0","No Answer","0.0000","0.0000","","","Dana Whitfield","1/1/2026","1/31/2026","ALL","ALL","ALL","ALL","8/7/2026 3:00:49 PM","True","ALL"
"Data-Data Only - No Appt","Surname0236","Given0236","392190","(555)555-0236","336 Sample St","Wellington","FL","33414","Wellington, FL  33414","person0236@example.com","1/14/2026","Win","AM","0","","Data","Internet","","BOCA","Internet, MyHomePros","MyHomePros","AM","Data-Data Only - No Appt","3","0","Answering Machine","0.0000","0.0000","","","Dana Whitfield","1/1/2026","1/31/2026","ALL","ALL","ALL","ALL","8/7/2026 3:00:49 PM","True","ALL"
"Killed","Surname0237","Given0237","392224","(555)555-0237","337 Sample St","Lake Worth","FL","33467","Lake Worth, FL  33467","person0237@example.com","1/14/2026","Win","NA","0","0","CXL","Internet","BOCA","BOCA","Internet, Lead Gurus","Lead Gurus","NA","CXL-Cancelled Appointment","34","0","No Answer","0.0000","0.0000","1/17/2026 2:00:00 PM","","Dana Whitfield","1/1/2026","1/31/2026","ALL","ALL","ALL","ALL","8/7/2026 3:00:49 PM","True","ALL"
"Killed","Surname0238","Given0238","392052","(555)555-0238","338 Sample St","Lake Worth","FL","33460","Lake Worth, FL  33460","person0238@example.com","1/14/2026","Win","AM","0","0","Set","Internet","BOCA","BOCA","Internet, Lead Gurus","Lead Gurus","AM","Set-Appointment Date Set","66","0","Answering Machine","0.0000","0.0000","1/20/2026 10:00:00 AM","","Dana Whitfield","1/1/2026","1/31/2026","ALL","ALL","ALL","ALL","8/7/2026 3:00:49 PM","True","ALL"
"No Interest Now","Surname0239","Given0239","370242","(555)555-0239","","Jupiter","FL","33458","Jupiter, FL  33458","person0239@example.com","1/14/2026","","NI","0","0","Data","Internet","BOCA","BOCA","Internet, Lead Gurus","Lead Gurus","NI","Data-Data Only - No Appt","2","0","No Interest Now","0.0000","0.0000","","","Dana Whitfield","1/1/2026","1/31/2026","ALL","ALL","ALL","ALL","8/7/2026 3:00:49 PM","True","ALL"
"Killed","Surname0240","Given0240","392214","(555)555-0240","340 Sample St","Port Saint Lucie","FL","34986","Port Saint Lucie, FL  34986","person0240@example.com","1/14/2026","","NA","0","0","Data","Internet","BOCA","BOCA","Internet, Lead Gurus","Lead Gurus","NA","Data-Data Only - No Appt","37","0","No Answer","0.0000","0.0000","","","Dana Whitfield","1/1/2026","1/31/2026","ALL","ALL","ALL","ALL","8/7/2026 3:00:49 PM","True","ALL"
"Killed","Surname0241","Given0241","392091","(555)555-0241","341 Sample St","Green Acres","FL","33467","Green Acres, FL  33467","","1/14/2026","Win","AM","0","0","NoHome","Affiliates","BOCA","BOCA","Affiliate, LeadPilot","LeadPilot","AM","NoHome-No-Show","52","0","Answering Machine","0.0000","0.0000","1/16/2026 10:00:00 AM","","Dana Whitfield","1/1/2026","1/31/2026","ALL","ALL","ALL","ALL","8/7/2026 3:00:49 PM","True","ALL"
"Killed","Surname0242","Given0242","392115","(555)555-0242","342 Sample St","Port St. Lucie","FL","34953","Port St. Lucie, FL  34953","person0242@example.com","1/14/2026","Win","NA","0","0","Data","Internet","","BOCA","Internet, MyHomePros","MyHomePros","NA","Data-Data Only - No Appt","46","0","No Answer","0.0000","0.0000","","","Dana Whitfield","1/1/2026","1/31/2026","ALL","ALL","ALL","ALL","8/7/2026 3:00:49 PM","True","ALL"
"No Interest Now","Surname0243","Given0243","392239","(555)555-0243","343 Sample St","Boca Raton","FL","33487","Boca Raton, FL  33487","person0243@example.com","1/15/2026","","NI","0","0","Data","Internet","","BOCA","Internet, Lead Gurus","Lead Gurus","NI","Data-Data Only - No Appt","7","0","No Interest Now","0.0000","0.0000","","","Dana Whitfield","1/1/2026","1/31/2026","ALL","ALL","ALL","ALL","8/7/2026 3:00:49 PM","True","ALL"
"DNC-Do Not Call","Surname0244","Given0244","392262","(555)555-0244","344 Sample St","Royal Palm Beach","FL","33411","Royal Palm Beach, FL  33411","person0244@example.com","1/15/2026","Door","NI","0","","DNC","Internet","BOCA","BOCA","Internet, Lead Gurus","Lead Gurus","NI","DNC-Do Not Call","3","0","No Interest Now","0.0000","0.0000","1/17/2026 10:00:00 AM","","Dana Whitfield","1/1/2026","1/31/2026","ALL","ALL","ALL","ALL","8/7/2026 3:00:49 PM","True","ALL"
"Killed","Surname0245","Given0245","290182","(555)555-0245","345 Sample St","Port Saint Lucie","FL","34983","Port Saint Lucie, FL  34983","person0245@example.com","1/15/2026","Win","OpInt","0","0","Data","Internet","BOCA","BOCA","Internet, MyHomePros","MyHomePros","OpInt","Data-Data Only - No Appt","4","0","Op Intercept","0.0000","0.0000","","","Dana Whitfield","1/1/2026","1/31/2026","ALL","ALL","ALL","ALL","8/7/2026 3:00:49 PM","True","ALL"
"No Interest Now","Surname0246","Given0246","392358","(555)555-0246","346 Sample St","Delray Beach","FL","33444","Delray Beach, FL  33444","person0246@example.com","1/15/2026","Win","NI","0","0","Data","Internet","","BOCA","Internet, MyHomePros","MyHomePros","NI","Data-Data Only - No Appt","5","0","No Interest Now","0.0000","0.0000","","","Dana Whitfield","1/1/2026","1/31/2026","ALL","ALL","ALL","ALL","8/7/2026 3:00:49 PM","True","ALL"
"Killed","Surname0247","Given0247","392365","(555)555-0247","347 Sample St","Fort Pierce","FL","34982","Fort Pierce, FL  34982","person0247@example.com","1/15/2026","Win","NA","0","0","Data","Internet","","BOCA","Internet, MyHomePros","MyHomePros","NA","Data-Data Only - No Appt","41","0","No Answer","0.0000","0.0000","","","Dana Whitfield","1/1/2026","1/31/2026","ALL","ALL","ALL","ALL","8/7/2026 3:00:49 PM","True","ALL"
"Sale-Contract Signed","Surname0248","Given0248","392329","(555)555-0248","348 Sample St","Port St. Lucie","FL","34952","Port St. Lucie, FL  34952","person0248@example.com","1/15/2026","Win","AP","8","44","Sale","Internet","BOCA","BOCA","Internet, MyHomePros","MyHomePros","AP","Sale-Contract Signed","5","0","Appointment","38749","38749","1/16/2026 10:00:00 AM","Paid In Full","Dana Whitfield","1/1/2026","1/31/2026","ALL","ALL","ALL","ALL","8/7/2026 3:00:49 PM","True","ALL"
"Killed","Surname0249","Given0249","378985","(555)555-0249","","Fort Pierce","FL","34982","Fort Pierce, FL  34982","person0249@example.com","1/15/2026","Win","","0","0","Data","Internet","BOCA","BOCA","Internet, MyHomePros","MyHomePros","","Data-Data Only - No Appt","0","0","","0.0000","0.0000","","","Dana Whitfield","1/1/2026","1/31/2026","ALL","ALL","ALL","ALL","8/7/2026 3:00:49 PM","True","ALL"
"No Interest Now","Surname0250","Given0250","392233","(555)555-0250","350 Sample St","Boynton Beach","FL","33426","Boynton Beach, FL  33426","person0250@example.com","1/15/2026","Win","NI","0","0","OPPFDN","Internet","BOCA","BOCA","Internet, Lead Gurus","Lead Gurus","NI","OPPFDN-Full Demo No Sale","33","0","No Interest Now","0.0000","0.0000","1/20/2026 2:00:00 PM","","Dana Whitfield","1/1/2026","1/31/2026","ALL","ALL","ALL","ALL","8/7/2026 3:00:49 PM","True","ALL"
"Asked DNC","Surname0251","Given0251","392252","(555)555-0251","351 Sample St","Port St. Lucie","FL","34953","Port St. Lucie, FL  34953","person0251@example.com","1/15/2026","Win","DNC","0","0","Data","Internet","BOCA","BOCA","Internet, MyHomePros","MyHomePros","DNC","Data-Data Only - No Appt","11","0","Asked DNC","0.0000","0.0000","","","Dana Whitfield","1/1/2026","1/31/2026","ALL","ALL","ALL","ALL","8/7/2026 3:00:49 PM","True","ALL"
"Superseded","Surname0252","Given0252","392362","(555)555-0252","352 Sample St","Port Saint Lucie","FL","34953","Port Saint Lucie, FL  34953","person0252@example.com","1/15/2026","Win","NA","0","","Data","Internet","BOCA","BOCA","Internet, Lead Gurus","Lead Gurus","NA","Data-Data Only - No Appt","67","1","No Answer","0.0000","0.0000","","","Dana Whitfield","1/1/2026","1/31/2026","ALL","ALL","ALL","ALL","8/7/2026 3:00:49 PM","True","ALL"
"Killed","Surname0253","Given0253","392258","(555)555-0253","353 Sample St","Hobe Sound","FL","33455","Hobe Sound, FL  33455","person0253@example.com","1/15/2026","Win","AM","0","0","Data","Internet","","BOCA","Internet, MyHomePros","MyHomePros","AM","Data-Data Only - No Appt","45","0","Answering Machine","0.0000","0.0000","","","Dana Whitfield","1/1/2026","1/31/2026","ALL","ALL","ALL","ALL","8/7/2026 3:00:49 PM","True","ALL"
"Killed","Surname0254","Given0254","392267","(555)555-0254","354 Sample St","Boca Raton","FL","33433","Boca Raton, FL  33433","","1/15/2026","Win","AM","0","0","OPPFDN","Internet","BOCA","BOCA","Internet, Socius Marketing","Google Organic","AM","OPPFDN-Full Demo No Sale","98","0","Answering Machine","0.0000","0.0000","2/11/2026 2:00:00 PM","","Dana Whitfield","1/1/2026","1/31/2026","ALL","ALL","ALL","ALL","8/7/2026 3:00:49 PM","True","ALL"
"Sale-Contract Signed","Surname0255","Given0255","392269","(555)555-0255","355 Sample St","Port Saint Lucie","FL","34983","Port Saint Lucie, FL  34983","person0255@example.com","1/15/2026","Win","Reset","8","18","Sale","Internet","BOCA","BOCA","Internet, Lead Gurus","Lead Gurus","Reset","Sale-Contract Signed","2","0","Reset","32259","0.0000","1/16/2026 2:00:00 PM","Credit Decline","Dana Whitfield","1/1/2026","1/31/2026","ALL","ALL","ALL","ALL","8/7/2026 3:00:49 PM","True","ALL"
"Killed","Surname0256","Given0256","392248","(555)555-0256","356 Sample St","Port Saint Lucie","FL","34953","Port Saint Lucie, FL  34953","","1/15/2026","Win","AM","0","0","Data","Internet","BOCA","BOCA","Internet, Chat (REECE WEBSITE)","Chat (REECE WEBSITE)","AM","Data-Data Only - No Appt","36","0","Answering Machine","0.0000","0.0000","","","Dana Whitfield","1/1/2026","1/31/2026","ALL","ALL","ALL","ALL","8/7/2026 3:00:49 PM","True","ALL"
"Killed","Surname0257","Given0257","392389","(555)555-0257","357 Sample St","Port Saint Lucie","FL","34986","Port Saint Lucie, FL  34986","person0257@example.com","1/15/2026","Win","NA","0","0","Data","Internet","BOCA","BOCA","Internet, Lead Gurus","Lead Gurus","NA","Data-Data Only - No Appt","38","0","No Answer","0.0000","0.0000","","","Dana Whitfield","1/1/2026","1/31/2026","ALL","ALL","ALL","ALL","8/7/2026 3:00:49 PM","True","ALL"
"Killed","Surname0258","Given0258","392372","(555)555-0258","358 Sample St","Stuart","FL","34994","Stuart, FL  34994","person0258@example.com","1/15/2026","Win","NA","0","0","CXL","Internet","BOCA","BOCA","Internet, MyHomePros","MyHomePros","NA","CXL-Cancelled Appointment","4","0","No Answer","0.0000","0.0000","1/16/2026 2:00:00 PM","","Dana Whitfield","1/1/2026","1/31/2026","ALL","ALL","ALL","ALL","8/7/2026 3:00:49 PM","True","ALL"
"Superseded","Surname0259","Given0259","216205","(555)555-0259","359 Sample St","","FL","33467",", FL  33467","person0259@example.com","1/15/2026","","NA","0","","Data","Internet","BOCA","BOCA","Internet, Lead Gurus","Lead Gurus","NA","Data-Data Only - No Appt","1","2","No Answer","0.0000","0.0000","","","Dana Whitfield","1/1/2026","1/31/2026","ALL","ALL","ALL","ALL","8/7/2026 3:00:49 PM","True","ALL"
"Killed","Surname0260","Given0260","392551","(555)555-0260","360 Sample St","Boca Raton","FL","33431","Boca Raton, FL  33431","person0260@example.com","1/16/2026","Win","CONF","0","0","CXL","Internet","BOCA","BOCA","Internet, Lead Gurus","Lead Gurus","CONF","CXL-Cancelled Appointment","2","0","Confirmed","0.0000","0.0000","1/17/2026 10:00:00 AM","","Dana Whitfield","1/1/2026","1/31/2026","ALL","ALL","ALL","ALL","8/7/2026 3:00:49 PM","True","ALL"
"Killed","Surname0261","Given0261","392560","(555)555-0261","361 Sample St","Boca Raton","FL","33487","Boca Raton, FL  33487","person0261@example.com","1/16/2026","Win","NA","0","0","CXL","Internet","BOCA","BOCA","Internet, Lead Gurus","Lead Gurus","NA","CXL-Cancelled Appointment","7","0","No Answer","0.0000","0.0000","1/19/2026 10:00:00 AM","","Dana Whitfield","1/1/2026","1/31/2026","ALL","ALL","ALL","ALL","8/7/2026 3:00:49 PM","True","ALL"
"Killed","Surname0262","Given0262","392432","(555)555-0262","","","nu","34953",", nu  34953","person0262@example.com","1/16/2026","","","0","0","Data","","BOCA","BOCA","Internet, Socius Marketing","","","Data-Data Only - No Appt","0","0","","0.0000","0.0000","","","Dana Whitfield","1/1/2026","1/31/2026","ALL","ALL","ALL","ALL","8/7/2026 3:00:49 PM","True","ALL"
"Killed","Surname0263","Given0263","392400","(555)555-0263","","","","34953",",     34953","person0263@example.com","1/16/2026","","","0","0","Data","","","BOCA","Internet, Socius Marketing","","","Data-Data Only - No Appt","0","0","","0.0000","0.0000","","","Dana Whitfield","1/1/2026","1/31/2026","ALL","ALL","ALL","ALL","8/7/2026 3:00:49 PM","True","ALL"
"Killed","Surname0264","Given0264","392552","(555)555-0264","364 Sample St","Boynton Beach","FL","33437","Boynton Beach, FL  33437","","1/16/2026","Win","AM","0","0","OPPFDN","Internet","BOCA","BOCA","Internet, Googgle PPC Windows","Google PPC Windows","AM","OPPFDN-Full Demo No Sale","69","0","Answering Machine","0.0000","0.0000","1/19/2026 2:00:00 PM","","Dana Whitfield","1/1/2026","1/31/2026","ALL","ALL","ALL","ALL","8/7/2026 3:00:49 PM","True","ALL"
"Killed","Surname0265","Given0265","392491","(555)555-0265","365 Sample St","Boca Raton","FL","33498","Boca Raton, FL  33498","person0265@example.com","1/16/2026","Win","NA","0","0","Data","Internet","","BOCA","Internet, MyHomePros","MyHomePros","NA","Data-Data Only - No Appt","35","0","No Answer","0.0000","0.0000","","","Dana Whitfield","1/1/2026","1/31/2026","ALL","ALL","ALL","ALL","8/7/2026 3:00:49 PM","True","ALL"
"No Interest Now","Surname0266","Given0266","392459","(555)555-0266","","","","33496",",     33496","person0266@example.com","1/16/2026","","NI","0","0","Data","Internet","","BOCA","","Google PPC Windows","NI","Data-Data Only - No Appt","5","0","No Interest Now","0.0000","0.0000","","","Dana Whitfield","1/1/2026","1/31/2026","ALL","ALL","ALL","ALL","8/7/2026 3:00:49 PM","True","ALL"
"No Interest Now","Surname0267","Given0267","392449","(555)555-0267","367 Sample St","The Acreage","FL","33470","The Acreage, FL  33470","person0267@example.com","1/16/2026","Win","NI","0","0","Data","Internet","BOCA","BOCA","Internet, MyHomePros","MyHomePros","NI","Data-Data Only - No Appt","11","0","No Interest Now","0.0000","0.0000","","","Dana Whitfield","1/1/2026","1/31/2026","ALL","ALL","ALL","ALL","8/7/2026 3:00:49 PM","True","ALL"
"Asked DNC","Surname0268","Given0268","392542","(555)555-0268","368 Sample St","Port Saint Lucie","FL","34953","Port Saint Lucie, FL  34953","person0268@example.com","1/16/2026","","DNC","0","0","Data","Internet","","BOCA","Internet, Lead Gurus","Lead Gurus","DNC","Data-Data Only - No Appt","6","0","Asked DNC","0.0000","0.0000","","","Dana Whitfield","1/1/2026","1/31/2026","ALL","ALL","ALL","ALL","8/7/2026 3:00:49 PM","True","ALL"
"Killed","Surname0269","Given0269","392503","(555)555-0269","369 Sample St","Port Saint Lucie","FL","34953","Port Saint Lucie, FL  34953","person0269@example.com","1/16/2026","","AM","0","0","Data","Internet","BOCA","BOCA","Internet, Lead Gurus","Lead Gurus","AM","Data-Data Only - No Appt","44","0","Answering Machine","0.0000","0.0000","","","Dana Whitfield","1/1/2026","1/31/2026","ALL","ALL","ALL","ALL","8/7/2026 3:00:49 PM","True","ALL"
"Killed","Surname0270","Given0270","113082","(555)555-0270","370 Sample St","Lake Worth","FL","33467","Lake Worth, FL  33467","person0270@example.com","1/16/2026","Win","NA","0","0","Data","Internet","BOCA","BOCA","Internet, MyHomePros","MyHomePros","NA","Data-Data Only - No Appt","36","0","No Answer","0.0000","0.0000","","","Dana Whitfield","1/1/2026","1/31/2026","ALL","ALL","ALL","ALL","8/7/2026 3:00:49 PM","True","ALL"
"Superseded","Surname0271","Given0271","354078","(555)555-0271","","Delray Beach","FL","33484","Delray Beach, FL  33484","person0271@example.com","1/16/2026","Win","NA","0","","Data","Internet","BOCA","BOCA","Internet, Lead Gurus","Lead Gurus","NA","Data-Data Only - No Appt","102","2","No Answer","0.0000","0.0000","","","Dana Whitfield","1/1/2026","1/31/2026","ALL","ALL","ALL","ALL","8/7/2026 3:00:49 PM","True","ALL"
"Killed","Surname0272","Given0272","384050","(555)555-0272","372 Sample St","Port St. Lucie","FL","34986","Port St. Lucie, FL  34986","person0272@example.com","1/16/2026","Win","AM","0","0","Data","Internet","BOCA","BOCA","Internet, MyHomePros","MyHomePros","AM","Data-Data Only - No Appt","40","0","Answering Machine","0.0000","0.0000","","","Dana Whitfield","1/1/2026","1/31/2026","ALL","ALL","ALL","ALL","8/7/2026 3:00:49 PM","True","ALL"
"Can't Do Project","Surname0273","Given0273","392574","(555)555-0273","373 Sample St","Boca Raton","FL","33431","Boca Raton, FL  33431","person0273@example.com","1/16/2026","Win","OS","0","0","Data","Internet","BOCA","BOCA","Internet, MyHomePros","MyHomePros","OS","Data-Data Only - No Appt","2","0","Can't Do Project","0.0000","0.0000","","","Dana Whitfield","1/1/2026","1/31/2026","ALL","ALL","ALL","ALL","8/7/2026 3:00:49 PM","True","ALL"
"Killed","Surname0274","Given0274","331207","(555)555-0274","374 Sample St","Boca Raton","FL","33496","Boca Raton, FL  33496","person0274@example.com","1/16/2026","","","0","0","Data","Internet","BOCA","BOCA","Internet, Lead Gurus","Lead Gurus","","Data-Data Only - No Appt","0","0","","0.0000","0.0000","","","Dana Whitfield","1/1/2026","1/31/2026","ALL","ALL","ALL","ALL","8/7/2026 3:00:49 PM","True","ALL"
"Killed","Surname0275","Given0275","392496","(555)555-0275","375 Sample St","Port Saint Lucie","FL","34953","Port Saint Lucie, FL  34953","person0275@example.com","1/16/2026","Win","CONF","0","0","OPPFDN","Internet","BOCA","BOCA","Internet, Lead Gurus","Lead Gurus","CONF","OPPFDN-Full Demo No Sale","1","0","Confirmed","0.0000","0.0000","1/17/2026 2:00:00 PM","","Dana Whitfield","1/1/2026","1/31/2026","ALL","ALL","ALL","ALL","8/7/2026 3:00:49 PM","True","ALL"
"Killed","Surname0276","Given0276","392782","(555)555-0276","376 Sample St","Lake Worth","FL","33463","Lake Worth, FL  33463","person0276@example.com","1/17/2026","Win","NA","0","0","Data","Internet","BOCA","BOCA","Internet, Lead Gurus","Lead Gurus","NA","Data-Data Only - No Appt","3","0","No Answer","0.0000","0.0000","","","Dana Whitfield","1/1/2026","1/31/2026","ALL","ALL","ALL","ALL","8/7/2026 3:00:49 PM","True","ALL"
"No Interest Now","Surname0277","Given0277","392792","(555)555-0277","377 Sample St","West Palm Beach","FL","33411","West Palm Beach, FL  33411","person0277@example.com","1/17/2026","","NI","0","0","CXL","Internet","BOCA","BOCA","Internet, Lead Gurus","Lead Gurus","NI","CXL-Cancelled Appointment","3","0","No Interest Now","0.0000","0.0000","1/23/2026 2:00:00 PM","","Dana Whitfield","1/1/2026","1/31/2026","ALL","ALL","ALL","ALL","8/7/2026 3:00:49 PM","True","ALL"
"Killed","Surname0278","Given0278","392708","(555)555-0278","378 Sample St","West Palm Beach","FL","33412","West Palm Beach, FL  33412","person0278@example.com","1/17/2026","Win","HU","0","0","Data","Internet","","BOCA","Internet, MyHomePros","MyHomePros","HU","Data-Data Only - No Appt","40","0","Hung Up","0.0000","0.0000","","","Dana Whitfield","1/1/2026","1/31/2026","ALL","ALL","ALL","ALL","8/7/2026 3:00:49 PM","True","ALL"
"No Interest Now","Surname0279","Given0279","392700","(555)555-0279","","Stuart","FL","34997","Stuart, FL  34997","person0279@example.com","1/17/2026","","NI","0","0","Data","Internet","","BOCA","Internet, Lead Gurus","Lead Gurus","NI","Data-Data Only - No Appt","25","0","No Interest Now","0.0000","0.0000","","","Dana Whitfield","1/1/2026","1/31/2026","ALL","ALL","ALL","ALL","8/7/2026 3:00:49 PM","True","ALL"
"Superseded","Surname0280","Given0280","346072","(555)555-0280","380 Sample St","Riviera Beach","FL","33404","Riviera Beach, FL  33404","person0280@example.com","1/17/2026","Win","AM","0","","Data","Internet","BOCA","BOCA","Internet, Lead Gurus","Lead Gurus","AM","Data-Data Only - No Appt","46","1","Answering Machine","0.0000","0.0000","","","Dana Whitfield","1/1/2026","1/31/2026","ALL","ALL","ALL","ALL","8/7/2026 3:00:49 PM","True","ALL"
"Killed","Surname0281","Given0281","355794","(555)555-0281","381 Sample St","Wellington","FL","33449","Wellington, FL  33449","person0281@example.com","1/17/2026","Win","NA","0","0","Data","Internet","BOCA","BOCA","Internet, MyHomePros","MyHomePros","NA","Data-Data Only - No Appt","2","0","No Answer","0.0000","0.0000","","","Dana Whitfield","1/1/2026","1/31/2026","ALL","ALL","ALL","ALL","8/7/2026 3:00:49 PM","True","ALL"
"Superseded","Surname0282","Given0282","392593","(555)555-0282","382 Sample St","Delray Beach","FL","33446","Delray Beach, FL  33446","person0282@example.com","1/17/2026","Win","CONF","0","","OPPFDN","Internet","BOCA","BOCA","Internet, Lead Gurus","Lead Gurus","CONF","OPPFDN-Full Demo No Sale","7","1","Confirmed","0.0000","0.0000","1/20/2026 10:00:00 AM","","Dana Whitfield","1/1/2026","1/31/2026","ALL","ALL","ALL","ALL","8/7/2026 3:00:49 PM","True","ALL"
"Data-Data Only - No Appt","Surname0283","Given0283","272000","(555)555-0283","383 Sample St","Port Saint Lucie","FL","34952","Port Saint Lucie, FL  34952","person0283@example.com","1/17/2026","Win","NI","0","","Data","Internet","BOCA","BOCA","Internet, Lead Gurus","Lead Gurus","NI","Data-Data Only - No Appt","71","0","No Interest Now","0.0000","0.0000","","","Dana Whitfield","1/1/2026","1/31/2026","ALL","ALL","ALL","ALL","8/7/2026 3:00:49 PM","True","ALL"
"No Interest Now","Surname0284","Given0284","392661","(555)555-0284","384 Sample St","Boynton Beach","FL","33437","Boynton Beach, FL  33437","person0284@example.com","1/17/2026","","NI","0","0","CXL","Internet","BOCA","BOCA","Internet, Lead Gurus","Lead Gurus","NI","CXL-Cancelled Appointment","2","0","No Interest Now","0.0000","0.0000","1/23/2026 2:00:00 PM","","Dana Whitfield","1/1/2026","1/31/2026","ALL","ALL","ALL","ALL","8/7/2026 3:00:49 PM","True","ALL"
"Killed","Surname0285","Given0285","392776","(555)555-0285","385 Sample St","Miami Gardens","FL","33056","Miami Gardens, FL  33056","person0285@example.com","1/17/2026","Win","CONF","0","0","OPPFDN","Internet","BOCA","BOCA","Internet, Lead Gurus","Lead Gurus","CONF","OPPFDN-Full Demo No Sale","1","0","Confirmed","0.0000","0.0000","1/20/2026 2:00:00 PM","","Dana Whitfield","1/1/2026","1/31/2026","ALL","ALL","ALL","ALL","8/7/2026 3:00:49 PM","True","ALL"
"No Interest Now","Surname0286","Given0286","392974","(555)555-0286","386 Sample St","Stuart","FL","34997","Stuart, FL  34997","person0286@example.com","1/18/2026","Win","NI","0","0","CXL","Internet","BOCA","BOCA","Internet, Lead Gurus","Lead Gurus","NI","CXL-Cancelled Appointment","3","0","No Interest Now","0.0000","0.0000","1/22/2026 10:00:00 AM","","Dana Whitfield","1/1/2026","1/31/2026","ALL","ALL","ALL","ALL","8/7/2026 3:00:49 PM","True","ALL"
"Data-Data Only - No Appt","Surname0287","Given0287","392888","(555)555-0287","387 Sample St","Boca Raton","FL","33496","Boca Raton, FL  33496","person0287@example.com","1/18/2026","","NI","0","","Data","Internet","","BOCA","Internet, Lead Gurus","Lead Gurus","NI","Data-Data Only - No Appt","2","0","No Interest Now","0.0000","0.0000","","","Dana Whitfield","1/1/2026","1/31/2026","ALL","ALL","ALL","ALL","8/7/2026 3:00:49 PM","True","ALL"
"Killed","Surname0288","Given0288","392866","(555)555-0288","388 Sample St","West Palm Beach","FL","33411","West Palm Beach, FL  33411","person0288@example.com","1/18/2026","Win","AM","0","0","Data","Internet","BOCA","BOCA","Internet, MyHomePros","MyHomePros","AM","Data-Data Only - No Appt","38","0","Answering Machine","0.0000","0.0000","","","Dana Whitfield","1/1/2026","1/31/2026","ALL","ALL","ALL","ALL","8/7/2026 3:00:49 PM","True","ALL"
"Killed","Surname0289","Given0289","171946","(555)555-0289","389 Sample St","West Palm Beach","FL","33409","West Palm Beach, FL  33409","person0289@example.com","1/18/2026","Win","NA","0","0","Data","Internet","BOCA","BOCA","Internet, MyHomePros","MyHomePros","NA","Data-Data Only - No Appt","42","0","No Answer","0.0000","0.0000","","","Dana Whitfield","1/1/2026","1/31/2026","ALL","ALL","ALL","ALL","8/7/2026 3:00:49 PM","True","ALL"
"Killed","Surname0290","Given0290","392934","(555)555-0290","","Boynton Beach","FL","33437","Boynton Beach, FL  33437","person0290@example.com","1/18/2026","","AM","0","0","Data","Internet","","BOCA","Internet, Lead Gurus","Lead Gurus","AM","Data-Data Only - No Appt","43","0","Answering Machine","0.0000","0.0000","","","Dana Whitfield","1/1/2026","1/31/2026","ALL","ALL","ALL","ALL","8/7/2026 3:00:49 PM","True","ALL"
"No Interest Now","Surname0291","Given0291","392927","(555)555-0291","391 Sample St","Palm Beach Gardens","FL","33410","Palm Beach Gardens, FL  33410","person0291@example.com","1/18/2026","Win","NI","0","0","Data","Internet","BOCA","BOCA","Internet, Lead Gurus","Lead Gurus","NI","Data-Data Only - No Appt","4","0","No Interest Now","0.0000","0.0000","","","Dana Whitfield","1/1/2026","1/31/2026","ALL","ALL","ALL","ALL","8/7/2026 3:00:49 PM","True","ALL"
"Killed","Surname0292","Given0292","392886","(555)555-0292","392 Sample St","Boynton Beach","FL","33436","Boynton Beach, FL  33436","person0292@example.com","1/18/2026","Win","NA","0","0","Data","Internet","","BOCA","Internet, MyHomePros","MyHomePros","NA","Data-Data Only - No Appt","39","0","No Answer","0.0000","0.0000","","","Dana Whitfield","1/1/2026","1/31/2026","ALL","ALL","ALL","ALL","8/7/2026 3:00:49 PM","True","ALL"
"Killed","Surname0293","Given0293","392899","(555)555-0293","393 Sample St","West Palm Beach","FL","33413","West Palm Beach, FL  33413","person0293@example.com","1/18/2026","","OpInt","0","0","Data","Internet","","BOCA","Internet, Lead Gurus","Lead Gurus","OpInt","Data-Data Only - No Appt","4","0","Op Intercept","0.0000","0.0000","","","Dana Whitfield","1/1/2026","1/31/2026","ALL","ALL","ALL","ALL","8/7/2026 3:00:49 PM","True","ALL"
"Can't Do Project","Surname0294","Given0294","392904","(555)555-0294","394 Sample St","Stuart","FL","34996","Stuart, FL  34996","person0294@example.com","1/18/2026","Win","OS","0","0","Data","Internet","BOCA","BOCA","Internet, MyHomePros","MyHomePros","OS","Data-Data Only - No Appt","8","0","Can't Do Project","0.0000","0.0000","","","Dana Whitfield","1/1/2026","1/31/2026","ALL","ALL","ALL","ALL","8/7/2026 3:00:49 PM","True","ALL"
"Sale-Contract Signed","Surname0295","Given0295","392862","(555)555-0295","395 Sample St","Port St. Lucie","FL","34953","Port St. Lucie, FL  34953","person0295@example.com","1/18/2026","Win","NA","8","44","Sale","Internet","BOCA","BOCA","Internet, MyHomePros","MyHomePros","NA","Sale-Contract Signed","2","0","No Answer","6288","6288","1/19/2026 2:00:00 PM","Paid In Full","Dana Whitfield","1/1/2026","1/31/2026","ALL","ALL","ALL","ALL","8/7/2026 3:00:49 PM","True","ALL"
"Killed","Surname0296","Given0296","392891","(555)555-0296","396 Sample St","Port St. Lucie","FL","34953","Port St. Lucie, FL  34953","person0296@example.com","1/18/2026","Win","AM","0","0","Data","Internet","BOCA","BOCA","Internet, MyHomePros","MyHomePros","AM","Data-Data Only - No Appt","41","0","Answering Machine","0.0000","0.0000","","","Dana Whitfield","1/1/2026","1/31/2026","ALL","ALL","ALL","ALL","8/7/2026 3:00:49 PM","True","ALL"
"Superseded","Surname0297","Given0297","392926","(555)555-0297","397 Sample St","Delray Beach","FL","33446","Delray Beach, FL  33446","person0297@example.com","1/18/2026","Win","NI","0","","Data","Internet","BOCA","BOCA","Internet, Lead Gurus","Lead Gurus","NI","Data-Data Only - No Appt","49","1","No Interest Now","0.0000","0.0000","","","Dana Whitfield","1/1/2026","1/31/2026","ALL","ALL","ALL","ALL","8/7/2026 3:00:49 PM","True","ALL"
"Killed","Surname0298","Given0298","167134","(555)555-0298","398 Sample St","PORT SAINT LUCIE","FL","34983","PORT SAINT LUCIE, FL  34983","person0298@example.com","1/18/2026","Win","NA","0","0","Data","Internet","BOCA","BOCA","Internet, Lead Gurus","Lead Gurus","NA","Data-Data Only - No Appt","37","0","No Answer","0.0000","0.0000","","","Dana Whitfield","1/1/2026","1/31/2026","ALL","ALL","ALL","ALL","8/7/2026 3:00:49 PM","True","ALL"
"Killed","Surname0299","Given0299","392913","(555)555-0299","399 Sample St","Port Saint Lucie","FL","34984","Port Saint Lucie, FL  34984","person0299@example.com","1/18/2026","Win","NA","0","0","Data","Internet","BOCA","BOCA","Internet, MyHomePros","MyHomePros","NA","Data-Data Only - No Appt","37","0","No Answer","0.0000","0.0000","","","Dana Whitfield","1/1/2026","1/31/2026","ALL","ALL","ALL","ALL","8/7/2026 3:00:49 PM","True","ALL"
"Killed","Surname0300","Given0300","392914","(555)555-0300","400 Sample St","Greenacres","FL","33467","Greenacres, FL  33467","person0300@example.com","1/18/2026","Win","","0","0","Data","Internet","BOCA","BOCA","Internet, MyHomePros","MyHomePros","","Data-Data Only - No Appt","0","0","","0.0000","0.0000","","","Dana Whitfield","1/1/2026","1/31/2026","ALL","ALL","ALL","ALL","8/7/2026 3:00:49 PM","True","ALL"
"Killed","Surname0301","Given0301","392949","(555)555-0301","401 Sample St","Port Saint Lucie","FL","34952","Port Saint Lucie, FL  34952","person0301@example.com","1/18/2026","Win","RMH","0","0","CXL","Internet","BOCA","BOCA","Internet, Lead Gurus","Lead Gurus","RMH","CXL-Cancelled Appointment","2","0","Renter/Mobile Home","0.0000","0.0000","1/21/2026 2:00:00 PM","","Dana Whitfield","1/1/2026","1/31/2026","ALL","ALL","ALL","ALL","8/7/2026 3:00:49 PM","True","ALL"
"Can't Do Project","Surname0302","Given0302","392903","(555)555-0302","","West Palm Beach","FL","33417","West Palm Beach, FL  33417","person0302@example.com","1/18/2026","","OS","0","0","Data","Internet","","BOCA","Internet, Lead Gurus","Lead Gurus","OS","Data-Data Only - No Appt","10","0","Can't Do Project","0.0000","0.0000","","","Dana Whitfield","1/1/2026","1/31/2026","ALL","ALL","ALL","ALL","8/7/2026 3:00:49 PM","True","ALL"
"Data-Data Only - No Appt","Surname0303","Given0303","345531","(555)555-0303","403 Sample St","Delray Beach","FL","33446","Delray Beach, FL  33446","person0303@example.com","1/18/2026","","","1","26","Data","Internet","BOCA","BOCA","Internet, Lead Gurus","Lead Gurus","","Data-Data Only - No Appt","0","0","","0.0000","0.0000","","","Dana Whitfield","1/1/2026","1/31/2026","ALL","ALL","ALL","ALL","8/7/2026 3:00:49 PM","True","ALL"
"Killed","Surname0304","Given0304","392847","(555)555-0304","404 Sample St","Port Saint Lucie","FL","34983","Port Saint Lucie, FL  34983","person0304@example.com","1/18/2026","Win","NA","0","0","Data","Internet","","BOCA","Internet, MyHomePros","MyHomePros","NA","Data-Data Only - No Appt","42","0","No Answer","0.0000","0.0000","","","Dana Whitfield","1/1/2026","1/31/2026","ALL","ALL","ALL","ALL","8/7/2026 3:00:49 PM","True","ALL"
"No Interest Now","Surname0305","Given0305","392893","(555)555-0305","405 Sample St","Riviera Beach","FL","33404","Riviera Beach, FL  33404","person0305@example.com","1/18/2026","Win","NI","0","0","Data","Internet","BOCA","BOCA","Internet, MyHomePros","MyHomePros","NI","Data-Data Only - No Appt","33","0","No Interest Now","0.0000","0.0000","","","Dana Whitfield","1/1/2026","1/31/2026","ALL","ALL","ALL","ALL","8/7/2026 3:00:49 PM","True","ALL"
"No Interest Now","Surname0306","Given0306","392874","(555)555-0306","406 Sample St","Port St. Lucie","FL","34953","Port St. Lucie, FL  34953","person0306@example.com","1/18/2026","Win","NI","0","0","OPPFDN","Internet","BOCA","BOCA","Internet, MyHomePros","MyHomePros","NI","OPPFDN-Full Demo No Sale","37","0","No Interest Now","0.0000","0.0000","1/20/2026 2:00:00 PM","","Dana Whitfield","1/1/2026","1/31/2026","ALL","ALL","ALL","ALL","8/7/2026 3:00:49 PM","True","ALL"
"Killed","Surname0307","Given0307","392855","(555)555-0307","407 Sample St","Boynton Beach","FL","33473","Boynton Beach, FL  33473","person0307@example.com","1/18/2026","Win","AM","0","0","Data","Internet","","BOCA","Internet, MyHomePros","MyHomePros","AM","Data-Data Only - No Appt","16","0","Answering Machine","0.0000","0.0000","","","Dana Whitfield","1/1/2026","1/31/2026","ALL","ALL","ALL","ALL","8/7/2026 3:00:49 PM","True","ALL"
"No Interest Now","Surname0308","Given0308","393044","(555)555-0308","408 Sample St","Jupiter","FL","33477","Jupiter, FL  33477","person0308@example.com","1/19/2026","Win","NI","0","0","Data","Internet","BOCA","BOCA","Internet, MyHomePros","MyHomePros","NI","Data-Data Only - No Appt","1","0","No Interest Now","0.0000","0.0000","","","Dana Whitfield","1/1/2026","1/31/2026","ALL","ALL","ALL","ALL","8/7/2026 3:00:49 PM","True","ALL"
"Killed","Surname0309","Given0309","393011","(555)555-0309","409 Sample St","Riviera Beach","FL","33407","Riviera Beach, FL  33407","person0309@example.com","1/19/2026","Win","OpInt","0","0","Data","Internet","","BOCA","Internet, MyHomePros","MyHomePros","OpInt","Data-Data Only - No Appt","39","0","Op Intercept","0.0000","0.0000","","","Dana Whitfield","1/1/2026","1/31/2026","ALL","ALL","ALL","ALL","8/7/2026 3:00:49 PM","True","ALL"
"Superseded","Surname0310","Given0310","213126","(555)555-0310","410 Sample St","Port Saint Lucie","FL","34953","Port Saint Lucie, FL  34953","person0310@example.com","1/19/2026","","AM","0","","Data","Internet","BOCA","BOCA","Internet, Lead Gurus","Lead Gurus","AM","Data-Data Only - No Appt","43","1","Answering Machine","0.0000","0.0000","","","Dana Whitfield","1/1/2026","1/31/2026","ALL","ALL","ALL","ALL","8/7/2026 3:00:49 PM","True","ALL"
"No Interest Now","Surname0311","Given0311","392888","(555)555-0311","411 Sample St","Boca Raton","FL","33496","Boca Raton, FL  33496","person0311@example.com","1/19/2026","Win","NI","0","0","Data","Internet","BOCA","BOCA","Internet, MyHomePros","MyHomePros","NI","Data-Data Only - No Appt","1","0","No Interest Now","0.0000","0.0000","","","Dana Whitfield","1/1/2026","1/31/2026","ALL","ALL","ALL","ALL","8/7/2026 3:00:49 PM","True","ALL"
"Superseded","Surname0312","Given0312","393191","(555)555-0312","412 Sample St","Port Saint Lucie","FL","34953","Port Saint Lucie, FL  34953","person0312@example.com","1/19/2026","","NI","0","","Data","Internet","BOCA","BOCA","Internet, Lead Gurus","Lead Gurus","NI","Data-Data Only - No Appt","4","1","No Interest Now","0.0000","0.0000","","","Dana Whitfield","1/1/2026","1/31/2026","ALL","ALL","ALL","ALL","8/7/2026 3:00:49 PM","True","ALL"
"Killed","Surname0313","Given0313","393188","(555)555-0313","413 Sample St","Boynton Beach","FL","33436","Boynton Beach, FL  33436","","1/19/2026","Door","CONF","0","0","OPPFDN","Affiliates","BOCA","BOCA","Affiliate, Elite Marketing","Elite Marketing","CONF","OPPFDN-Full Demo No Sale","4","0","Confirmed","0.0000","0.0000","1/22/2026 6:00:00 PM","","Dana Whitfield","1/1/2026","1/31/2026","ALL","ALL","ALL","ALL","8/7/2026 3:00:49 PM","True","ALL"
"Killed","Surname0314","Given0314","393160","(555)555-0314","414 Sample St","Boynton Beach","FL","33436","Boynton Beach, FL  33436","","1/19/2026","Door","AM","0","0","OPPFDN","Affiliates","BOCA","BOCA","Affiliate, Elite Marketing","Elite Marketing","AM","OPPFDN-Full Demo No Sale","76","0","Answering Machine","0.0000","0.0000","1/20/2026 7:00:00 PM","","Dana Whitfield","1/1/2026","1/31/2026","ALL","ALL","ALL","ALL","8/7/2026 3:00:49 PM","True","ALL"
"Data-Data Only - No Appt","Surname0315","Given0315","393283","(555)555-0315","415 Sample St","West Palm Beach","FL","33415","West Palm Beach, FL  33415","person0315@example.com","1/19/2026","","AM","0","","Data","Internet","","BOCA","Internet, Lead Gurus","Lead Gurus","AM","Data-Data Only - No Appt","47","0","Answering Machine","0.0000","0.0000","","","Dana Whitfield","1/1/2026","1/31/2026","ALL","ALL","ALL","ALL","8/7/2026 3:00:49 PM","True","ALL"
"Killed","Surname0316","Given0316","393141","(555)555-0316","416 Sample St","Palm Beach Gardens","FL","33418","Palm Beach Gardens, FL  33418","person0316@example.com","1/19/2026","Win","HU","0","0","Data","Internet","","BOCA","Internet, MyHomePros","MyHomePros","HU","Data-Data Only - No Appt","32","0","Hung Up","0.0000","0.0000","","","Dana Whitfield","1/1/2026","1/31/2026","ALL","ALL","ALL","ALL","8/7/2026 3:00:49 PM","True","ALL"
"Sale-Contract Signed","Surname0317","Given0317","393063","(555)555-0317","417 Sample St","Port Saint Lucie","FL","34952","Port Saint Lucie, FL  34952","person0317@example.com","1/19/2026","Win","Verif","8","44","Sale","Internet","BOCA","BOCA","Internet, Lead Gurus","Lead Gurus","Verif","Sale-Contract Signed","6","0","Verified","212459","212456","1/21/2026 10:00:00 AM","Paid In Full","Dana Whitfield","1/1/2026","1/31/2026","ALL","ALL","ALL","ALL","8/7/2026 3:00:49 PM","True","ALL"
"Killed","Surname0318","Given0318","391598","(555)555-0318","418 Sample St","Royal Palm Beach","FL","33411","Royal Palm Beach, FL  33411","person0318@example.com","1/19/2026","Win","","0","0","OPPFDN","Affiliates","BOCA","BOCA","Affiliate, Fave Marketing","Fave Marketing","","OPPFDN-Full Demo No Sale","0","0","","0.0000","0.0000","1/22/2026 6:00:00 PM","","Dana Whitfield","1/1/2026","1/31/2026","ALL","ALL","ALL","ALL","8/7/2026 3:00:49 PM","True","ALL"
"Killed","Surname0319","Given0319","393125","(555)555-0319","419 Sample St","West Palm Beach","FL","33411","West Palm Beach, FL  33411","person0319@example.com","1/19/2026","","NA","0","0","CXL","Internet","BOCA","BOCA","Internet, Lead Gurus","Lead Gurus","NA","CXL-Cancelled Appointment","9","0","No Answer","0.0000","0.0000","1/23/2026 10:00:00 AM","","Dana Whitfield","1/1/2026","1/31/2026","ALL","ALL","ALL","ALL","8/7/2026 3:00:49 PM","True","ALL"
"Killed","Surname0320","Given0320","393027","(555)555-0320","","Lake Worth","FL","33467","Lake Worth, FL  33467","person0320@example.com","1/19/2026","","AM","0","0","Data","Internet","","BOCA","Internet, Lead Gurus","Lead Gurus","AM","Data-Data Only - No Appt","41","0","Answering Machine","0.0000","0.0000","","","Dana Whitfield","1/1/2026","1/31/2026","ALL","ALL","ALL","ALL","8/7/2026 3:00:49 PM","True","ALL"
"Killed","Surname0321","Given0321","206332","(555)555-0321","421 Sample St","PALM CITY","FL","34990","PALM CITY, FL  34990","person0321@example.com","1/19/2026","Win","NA","0","0","OPPFDN","Internet","BOCA","BOCA","Internet, Lead Gurus","Lead Gurus","NA","OPPFDN-Full Demo No Sale","94","0","No Answer","0.0000","0.0000","1/26/2026 6:00:00 PM","","Dana Whitfield","1/1/2026","1/31/2026","ALL","ALL","ALL","ALL","8/7/2026 3:00:49 PM","True","ALL"
"No Interest Now","Surname0322","Given0322","392980","(555)555-0322","422 Sample St","Delray Beach","FL","33446","Delray Beach, FL  33446","person0322@example.com","1/19/2026","Win","NI","0","0","Data","Internet","","BOCA","Internet, MyHomePros","MyHomePros","NI","Data-Data Only - No Appt","6","0","No Interest Now","0.0000","0.0000","","","Dana Whitfield","1/1/2026","1/31/2026","ALL","ALL","ALL","ALL","8/7/2026 3:00:49 PM","True","ALL"
"No Interest Now","Surname0323","Given0323","393192","(555)555-0323","423 Sample St","Delray Beach","FL","33484","Delray Beach, FL  33484","person0323@example.com","1/19/2026","Win","NI","0","0","OPPFDN","Internet","BOCA","BOCA","Internet, Lead Gurus","Lead Gurus","NI","OPPFDN-Full Demo No Sale","2","0","No Interest Now","0.0000","0.0000","1/20/2026 6:00:00 PM","","Dana Whitfield","1/1/2026","1/31/2026","ALL","ALL","ALL","ALL","8/7/2026 3:00:49 PM","True","ALL"
"Sale-Contract Signed","Surname0324","Given0324","317430","(555)555-0324","424 Sample St","West Palm Beach","FL","33401","West Palm Beach, FL  33401","person0324@example.com","1/20/2026","Win","","8","44","Sale","PrevCust","BOCA","BOCA","Cust., Prev.","Previous Customer","","Sale-Contract Signed","0","0","","7845","7845","1/21/2026 6:00:00 PM","Paid In Full","Dana Whitfield","1/1/2026","1/31/2026","ALL","ALL","ALL","ALL","8/7/2026 3:00:49 PM","True","ALL"
"Appointment","Surname0325","Given0325","360954","(555)555-0325","425 Sample St","Jupiter","FL","33458","Jupiter, FL  33458","person0325@example.com","1/22/2026","SGD","AP","0","0","OPPFDN","Internet","BOCA","BOCA","Internet, Googgle PPC Windows","Google PPC Windows","AP","OPPFDN-Full Demo No Sale","1","0","Appointment","0.0000","0.0000","1/24/2026 9:00:00 AM","","Dana Whitfield","1/1/2026","1/31/2026","ALL","ALL","ALL","ALL","8/7/2026 3:00:49 PM","True","ALL"
"Out of Area","Surname0326","Given0326","395104","(555)555-0326","426 Sample St","Sebring","FL","33870","Sebring, FL  33870","person0326@example.com","1/26/2026","","OOA","0","0","Data","Internet","","BOCA","Internet, Lead Gurus","Lead Gurus","OOA","Data-Data Only - No Appt","24","0","Out of Area","0.0000","0.0000","","","Dana Whitfield","1/1/2026","1/31/2026","ALL","ALL","ALL","ALL","8/7/2026 3:00:49 PM","True","ALL"
"Sale-Contract Signed","Surname0327","Given0327","198234","(555)555-0327","427 Sample St","Pembroke Pines","FL","33027","Pembroke Pines, FL  33027","person0327@example.com","1/7/2026","Win","AM","8","17","Sale","TownShowCase","FTLAU","FTLAU",", Home Show","TownShowCase","AM","Sale-Contract Signed","7","0","Answering Machine","69872","0.0000","1/7/2026 6:00:00 PM","Cancelled","Dana Whitfield","1/1/2026","1/31/2026","ALL","ALL","ALL","ALL","8/7/2026 3:00:49 PM","True","ALL"
"OPPFDN-Full Demo No Sale","Surname0328","Given0328","82635","(555)555-0328","428 Sample St","Coral Springs","FL","33076","Coral Springs, FL  33076","","1/20/2026","Win","NI","0","","OPPFDN","Canvass","FTLAU","FTLAU","Bain, Frank","Canvass","NI","OPPFDN-Full Demo No Sale","9","0","No Interest Now","0.0000","0.0000","1/21/2026 6:00:00 PM","","Dana Whitfield","1/1/2026","1/31/2026","ALL","ALL","ALL","ALL","8/7/2026 3:00:49 PM","True","ALL"
"NoRehash-No Rehash","Surname0329","Given0329","389285","(555)555-0329","429 Sample St","CAPE CORAL","FL","33904","CAPE CORAL, FL  33904","person0329@example.com","1/2/2026","Win","CB","0","","NoRehash","Canvass","FTMYR","FTMYR","Mason, Kristin - FTM","Canvass","CB","NoRehash-No Rehash","2","0","CallBack Set","0.0000","0.0000","1/7/2026 6:00:00 PM","","Dana Whitfield","1/1/2026","1/31/2026","ALL","ALL","ALL","ALL","8/7/2026 3:00:49 PM","True","ALL"
"No Demo-No Demo","Surname0330","Given0330","390243","(555)555-0330","430 Sample St","Marco Island","FL","34145","Marco Island, FL  34145","person0330@example.com","1/6/2026","Win","NA","4","","No Demo","Canvass","FTMYR","FTMYR","Calvo, Eric - FTM","Canvass","NA","No Demo-No Demo","1","0","No Answer","0.0000","0.0000","1/7/2026 2:00:00 PM","","Dana Whitfield","1/1/2026","1/31/2026","ALL","ALL","ALL","ALL","8/7/2026 3:00:49 PM","True","ALL"
"Killed","Surname0331","Given0331","391119","(555)555-0331","431 Sample St","Port Charlotte","FL","33952","Port Charlotte, FL  33952","person0331@example.com","1/9/2026","Win","NA","0","0","NoRehash","SelfGenerated","FTMYR","FTMYR","Gen, Self","Self Generated","NA","NoRehash-No Rehash","64","0","No Answer","0.0000","0.0000","1/13/2026 6:00:00 PM","","Dana Whitfield","1/1/2026","1/31/2026","ALL","ALL","ALL","ALL","8/7/2026 3:00:49 PM","True","ALL"
"Superseded","Surname0332","Given0332","392512","(555)555-0332","432 Sample St","Naples","FL","34104","Naples, FL  34104","","1/16/2026","Win","COMP","0","0","OPPFDN","Events 2026","FTMYR","FTMYR","Petito, Angelina - FTM","Naples New Hope Home Show","COMP","OPPFDN-Full Demo No Sale","15","1","Bought Competition","0.0000","0.0000","1/17/2026 2:00:00 PM","","Dana Whitfield","1/1/2026","1/31/2026","ALL","ALL","ALL","ALL","8/7/2026 3:00:49 PM","True","ALL"
"NOC-Not covered","Surname0333","Given0333","346046","(555)555-0333","433 Sample St","Port Charlotte","FL","33952","Port Charlotte, FL  33952","person0333@example.com","1/19/2026","Win","NA","0","","NOC","Internet","FTMYR","FTMYR","Internet, Lead Gurus","Lead Gurus","NA","NOC-Not covered","34","0","No Answer","0.0000","0.0000","1/19/2026 6:00:00 PM","","Dana Whitfield","1/1/2026","1/31/2026","ALL","ALL","ALL","ALL","8/7/2026 3:00:49 PM","True","ALL"
"Sale-Contract Signed","Surname0334","Given0334","393755","(555)555-0334","434 Sample St","Cape Coral","FL","33991","Cape Coral, FL  33991","person0334@example.com","1/21/2026","Win","LEAD","8","44","Sale","Mail","FTMYR","FTMYR","Mail, Direct","USA Today-DirectMail","LEAD","Sale-Contract Signed","3","0","Lead Exists","5387","5387","1/23/2026 6:00:00 PM","Paid In Full","Dana Whitfield","1/1/2026","1/31/2026","ALL","ALL","ALL","ALL","8/7/2026 3:00:49 PM","True","ALL"
"1Leg-1 Leg Wife or Husband Missing","Surname0335","Given0335","395389","(555)555-0335","435 Sample St","Lehigh Acres","FL","33936","Lehigh Acres, FL  33936","","1/27/2026","Win","NA","0","","1Leg","Canvass","FTMYR","FTMYR","Petito, Angelina - FTM","Canvass","NA","1Leg-1 Leg Wife or Husband Missing","4","0","No Answer","0.0000","0.0000","1/28/2026 2:00:00 PM","","Dana Whitfield","1/1/2026","1/31/2026","ALL","ALL","ALL","ALL","8/7/2026 3:00:49 PM","True","ALL"
"NIS-Not Assigned","Surname0336","Given0336","395946","(555)555-0336","436 Sample St","Ramrod Key","FL","33042","Ramrod Key, FL  33042","person0336@example.com","1/29/2026","Win","AM","0","","NIS","Internet","MIAMI","MIAMI","Internet, Lead Gurus","Lead Gurus","AM","NIS-Not Assigned","37","0","Answering Machine","0.0000","0.0000","2/8/2026 10:00:00 AM","","Dana Whitfield","1/1/2026","1/31/2026","ALL","ALL","ALL","ALL","8/7/2026 3:00:49 PM","True","ALL"
"Verif-Verified Appointment","Surname0337","Given0337","113335","(555)555-0337","437 Sample St","North Port","FL","34287","North Port, FL  34287","","1/6/2026","Win","NA","0","","Verif","Affiliates","SAR","SAR","Affiliate, MVP Marketing","MVP Marketing","NA","Verif-Verified Appointment","68","0","No Answer","0.0000","0.0000","1/21/2026 2:00:00 PM","","Dana Whitfield","1/1/2026","1/31/2026","ALL","ALL","ALL","ALL","8/7/2026 3:00:49 PM","True","ALL"
