"id","District","Market","custname","city","ContractDate","grossamount","job_id","contractid","ProductID","ProductID2","ProductID3","ProductID4","Status","Subsourcedescr","TotalDue","Phone","Email","MostRecentNoteHOA","FinanceSource1","FinanceSource2","FinanceSource3","fullname","SDate","EDate","xjbs_id","CurrentDateTime","UseColor"
"406132","FTMYR","FTMYR","Surname0000, Given0000","City0000","03/01/26","9990","56876","34678","Door","","","","Credit Decline","Google Service Ads","0.0000","(555)555-0000","person0000@example.com","","Finance","","","Dana Whitfield","3/1/2026","3/31/2026","All","8/7/2026 3:00:10 PM","True"
"403630","ORL","ORL","Surname0001, Given0001","City0001","03/01/26","32400","56877","34705","Win","","","","Cancelled","Canvass","0.0000","(555)555-0001","person0001@example.com","","Finance","","","Dana Whitfield","3/1/2026","3/31/2026","All","8/7/2026 3:00:10 PM","True"
"406722","STPET","STPET","Surname0002, Given0002","City0002","03/01/26","14000","56878","34675","Win","","","","Cancelled","Lead Gurus","0.0000","(555)555-0002","person0002@example.com","","Finance","","","Dana Whitfield","3/1/2026","3/31/2026","All","8/7/2026 3:00:10 PM","True"
"403313","ORL","ORL","Surname0003, Given0003","City0003","03/02/26","28917","56880","34708","Win","","","","Paid In Full","Lead Gurus","0.0000","(555)555-0003","person0003@example.com","","WaterCress","","","Dana Whitfield","3/1/2026","3/31/2026","All","8/7/2026 3:00:10 PM","True"
"403478","STPET","STPET","Surname0004, Given0004","City0004","03/02/26","41000","56881","34757","Win","","","","Paid In Full","Customer Referral","0.0000","(555)555-0004","person0004@example.com","","Cash","","","Dana Whitfield","3/1/2026","3/31/2026","All","8/7/2026 3:00:10 PM","True"
"284190","ORL","ORL","Surname0005, Given0005","City0005","03/02/26","7500","56882","34707","Win","","","","Paid In Full","Lead Gurus","0.0000","(555)555-0005","person0005@example.com","03/30/2026 - Xxxxx, Xxxxxxxx - XXX xxxxxxxx","Cash","","","Dana Whitfield","3/1/2026","3/31/2026","All","8/7/2026 3:00:10 PM","True"
"405701","ORL","ORL","Surname0006, Given0006","City0006","03/02/26","22260","56883","34736","Win","","","","Credit Decline","MyHomePros","0.0000","(555)555-0006","person0006@example.com","","Finance","","","Dana Whitfield","3/1/2026","3/31/2026","All","8/7/2026 3:00:10 PM","True"
"406297","STPET","STPET","Surname0007, Given0007","City0007","03/02/26","18500","56884","34758","Win","","","","Paid In Full","Billboard","0.0000","(555)555-0007","person0007@example.com","","Medallion Bank","","","Dana Whitfield","3/1/2026","3/31/2026","All","8/7/2026 3:00:10 PM","True"
"405969","ORL","ORL","Surname0008, Given0008","City0003","03/02/26","6292","56886","34700","Win","","","","Cancelled","Reecewindows.com","0.0000","(555)555-0008","person0008@example.com","","Credit Card","","","Dana Whitfield","3/1/2026","3/31/2026","All","8/7/2026 3:00:10 PM","True"
"405845","SAR","SAR","Surname0009, Given0009","City0008","03/02/26","16955","56887","34759","Win","","","","Paid In Full","Customer Referral","0.0000","(555)555-0009","person0009@example.com","03/19/2026 - Xxxxxx, Xxxxxxx - XXX Xxxxxxxx xxxxxxxx xxx xxxxxxxx xx XX.","Service Finance","","","Dana Whitfield","3/1/2026","3/31/2026","All","8/7/2026 3:00:10 PM","True"
"407129","MIAMI","MIAMI","Surname0010, Given0010","City0009","03/02/26","14755","56888","34696","Win","","","","Cancelled","Google PPC Windows","0.0000","(555)555-0010","person0010@example.com","","Medallion Bank","","","Dana Whitfield","3/1/2026","3/31/2026","All","8/7/2026 3:00:10 PM","True"
"407097","STPET","STPET","Surname0011, Given0011","City0007","03/02/26","16000","56890","34760","Win","","","","Paid In Full","Canvass","0.0000","(555)555-0011","person0011@example.com","","Medallion Bank","","","Dana Whitfield","3/1/2026","3/31/2026","All","8/7/2026 3:00:10 PM","True"
"62116","STPET","STPET","Surname0012, Given0012","City0010","03/02/26","10500","56891","34743","Door","","","","Installed & Unpaid","Canvass","4750","(555)555-0012","person0012@example.com","","Cash","","","Dana Whitfield","3/1/2026","3/31/2026","All","8/7/2026 3:00:10 PM","True"
"198359","LAKE","LAKE","Surname0013, Given0013","City0011","03/02/26","11136","56892","34709","Win","","","","Credit Decline","Lead Gurus","0.0000","(555)555-0013","","03/03/2026 - Xxxxxx, Xxxxxxx - Xxxxxxxxx'x Xxxxxxxxxxx XXX Xxxxxxxx
XXX Xxxx XXX Xxxxxxxx Xxxxxxxxxx
Xxxxxxx Xxxxxx Xxxxxx
XXX Xxxxxxx 2108 Xxxx Xxxxxxxx XX
XXX Xxxxx 863-686-3700
XXX Xxxxx Xxxxxx@XXXxxxxxxxxxxxxxxxxxx.xxx","Finance","","","Dana Whitfield","3/1/2026","3/31/2026","All","8/7/2026 3:00:10 PM","True"
"406747","FTLAU","FTLAU","Surname0014, Given0014","City0012","03/02/26","19383","56893","34694","Win","","","","Credit Decline","Prolific Marketing","0.0000","(555)555-0014","person0014@example.com","","Finance","","","Dana Whitfield","3/1/2026","3/31/2026","All","8/7/2026 3:00:10 PM","True"
"406781","BOCA","BOCA","Surname0015, Given0015","City0013","03/02/26","18406","56894","34695","Win","","","","Cancelled","Lead Gurus","0.0000","(555)555-0015","person0015@example.com","","Cash","","","Dana Whitfield","3/1/2026","3/31/2026","All","8/7/2026 3:00:10 PM","True"
"407074","FTMYR","FTMYR","Surname0016, Given0016","City0014","03/02/26","34444","56899","34713","Win","","","","Paid In Full","Canvass","0.0000","(555)555-0016","person0016@example.com","","Arlington","","","Dana Whitfield","3/1/2026","3/31/2026","All","8/7/2026 3:00:10 PM","True"
"403633","STPET","STPET","Surname0017, Given0017","City0015","03/02/26","13905","56925","34996","Win","","","","Paid In Full","Magazine","0.0000","(555)555-0017","person0017@example.com","","Credit Card","","","Dana Whitfield","3/1/2026","3/31/2026","All","8/7/2026 3:00:10 PM","True"
"406350","LAKE","LAKE","Surname0018, Given0018","City0011","03/03/26","23235","56895","34737","Win","","","","Paid In Full","Canvass","0.0000","(555)555-0018","person0018@example.com","","Credit Card","","","Dana Whitfield","3/1/2026","3/31/2026","All","8/7/2026 3:00:10 PM","True"
"407174","ORL","ORL","Surname0019, Given0019","City0003","03/03/26","12278","56896","34740","Win","","","","Awaiting Product","Canvass","12277","(555)555-0019","person0019@example.com","07/15/2026 - Xxxxx, Xxxxxxxx - XXX xxxxxxxx","WaterCress","","","Dana Whitfield","3/1/2026","3/31/2026","All","8/7/2026 3:00:10 PM","True"
"97510","FTMYR","FTMYR","Surname0020, Given0020","City0000","03/03/26","91558","56897","34715","Win","","","","Paid In Full","Lead Gurus","0.0000","(555)555-0020","person0020@example.com","","Service Finance","","","Dana Whitfield","3/1/2026","3/31/2026","All","8/7/2026 3:00:10 PM","True"
"407118","FTMYR","FTMYR","Surname0021, Given0021","City0016","03/03/26","12000","56898","34718","Win","","","","Paid In Full","Canvass","0.0000","(555)555-0021","person0021@example.com","","Cash","","","Dana Whitfield","3/1/2026","3/31/2026","All","8/7/2026 3:00:10 PM","True"
"405846","ORL","ORL","Surname0022, Given0022","City0017","03/03/26","8801","56900","34742","Win","","","","Cancelled","Peacock TV","0.0000","(555)555-0022","person0022@example.com","","Finance","","","Dana Whitfield","3/1/2026","3/31/2026","All","8/7/2026 3:00:10 PM","True"
"407204","ORL","ORL","Surname0023, Given0023","City0003","03/03/26","24300","56901","34738","Win","","","","Cancelled","Canvass","0.0000","(555)555-0023","","","Pure Finance","","","Dana Whitfield","3/1/2026","3/31/2026","All","8/7/2026 3:00:10 PM","True"
"390511","FTMYR","FTMYR","Surname0024, Given0024","City0000","03/03/26","22243","56902","34714","Win","","","","Paid In Full","Previous Customer","0.0000","(555)555-0024","person0024@example.com","","Cash","","","Dana Whitfield","3/1/2026","3/31/2026","All","8/7/2026 3:00:10 PM","True"
"407433","SAR","SAR","Surname0025, Given0025","City0018","03/03/26","5912","56903","34761","Win","","","","Paid In Full","5 Star","0.0000","(555)555-0025","person0025@example.com","","Credit Card","","","Dana Whitfield","3/1/2026","3/31/2026","All","8/7/2026 3:00:10 PM","True"
"407408","FTMYR","FTMYR","Surname0026, Given0026","City0019","03/03/26","5102","56905","34729","Door","","","","Paid In Full","Lead Gurus","0.0000","(555)555-0026","person0026@example.com","","Credit Card","","","Dana Whitfield","3/1/2026","3/31/2026","All","8/7/2026 3:00:10 PM","True"
"351142","BOCA","BOCA","Surname0027, Given0027","City0020","03/03/26","11348","56906","34730","Door","","","","Paid In Full","Lead Gurus","0.0000","(555)555-0027","person0027@example.com","","Cash","","","Dana Whitfield","3/1/2026","3/31/2026","All","8/7/2026 3:00:10 PM","True"
"69701","SAR","SAR","Surname0028, Given0028","City0021","03/03/26","24827","56907","34762","Win","","","","Paid In Full","MyHomePros","0.0000","(555)555-0028","person0028@example.com","","Cash","","","Dana Whitfield","3/1/2026","3/31/2026","All","8/7/2026 3:00:10 PM","True"
"397847","JAX","JAX","Surname0029, Given0029","City0022","03/03/26","9952","56908","34747","Win","","","","Paid In Full","Lead Gurus","0.0000","(555)555-0029","person0029@example.com","","Cash","","","Dana Whitfield","3/1/2026","3/31/2026","All","8/7/2026 3:00:10 PM","True"
"309352","FTMYR","FTMYR","Surname0030, Given0030","City0000","03/03/26","13000","56909","34732","Win","","","","Credit Decline","Canvass","0.0000","(555)555-0030","person0030@example.com","","Finance","","","Dana Whitfield","3/1/2026","3/31/2026","All","8/7/2026 3:00:10 PM","True"
"407448","STPET","STPET","Surname0031, Given0031","City0007","03/03/26","21500","56910","34763","Win","","","","Cancelled","Google PPC Windows","0.0000","(555)555-0031","","","Cash","","","Dana Whitfield","3/1/2026","3/31/2026","All","8/7/2026 3:00:10 PM","True"
"404526","LAKE","LAKE","Surname0032, Given0032","City0011","03/03/26","23457","56911","34735","Win","","","","Paid In Full","Lead Gurus","0.0000","(555)555-0032","person0032@example.com","","Cash","","","Dana Whitfield","3/1/2026","3/31/2026","All","8/7/2026 3:00:10 PM","True"
"405398","STPET","STPET","Surname0033, Given0033","City0023","03/03/26","12851","56912","34764","Win","","","","Paid In Full","Simpletext","0.0000","(555)555-0033","person0033@example.com","","Service Finance","","","Dana Whitfield","3/1/2026","3/31/2026","All","8/7/2026 3:00:10 PM","True"
"406903","JAX","JAX","Surname0034, Given0034","City0022","03/03/26","16921","56913","34746","Win","","","","Cancelled By Mgt","Contractor Appointment-West","0.0000","(555)555-0034","person0034@example.com","","Cash","","","Dana Whitfield","3/1/2026","3/31/2026","All","8/7/2026 3:00:10 PM","True"
"407207","ORL","ORL","Surname0035, Given0035","City0003","03/03/26","17547","56914","34739","Win","","","","Cancelled","Canvass","0.0000","(555)555-0035","person0035@example.com","","Service Finance","","","Dana Whitfield","3/1/2026","3/31/2026","All","8/7/2026 3:00:10 PM","True"
"407431","SAR","SAR","Surname0036, Given0036","City0024","03/03/26","21950","56915","34765","Win","","","","Paid In Full","Lead Gurus","0.0000","(555)555-0036","person0036@example.com","","Service Finance","","","Dana Whitfield","3/1/2026","3/31/2026","All","8/7/2026 3:00:10 PM","True"
"321177","FTMYR","FTMYR","Surname0037, Given0037","City0000","03/04/26","32711","56917","34741","Win","","","","Paid In Full","TheHomeMag","0.0000","(555)555-0037","person0037@example.com","","Service Finance","","","Dana Whitfield","3/1/2026","3/31/2026","All","8/7/2026 3:00:10 PM","True"
"403410","JAX","JAX","Surname0038, Given0038","City0025","03/04/26","6651","56918","34748","Win","","","","Paid In Full","MVP Marketing","0.0000","(555)555-0038","person0038@example.com","","Cash","","","Dana Whitfield","3/1/2026","3/31/2026","All","8/7/2026 3:00:10 PM","True"
"407653","FTMYR","FTMYR","Surname0039, Given0039","City0016","03/04/26","10000","56919","34744","Win","","","","Paid In Full","Canvass","0.0000","(555)555-0039","person0039@example.com","","WaterCress","","","Dana Whitfield","3/1/2026","3/31/2026","All","8/7/2026 3:00:10 PM","True"
"407609","FTMYR","FTMYR","Surname0040, Given0040","City0026","03/04/26","26696","56920","34745","Win","","","","Paid In Full","Lead Gurus","0.0000","(555)555-0040","person0040@example.com","03/18/2026 - Xxxxx, Xxxxxxx - XXX xxx'x xxxxxx xxx xxxxxxx xx xx XX, xx xxxx xxxxxxxx xxxx xxx xxxxxxxx xxxxx & XXX xxxxxxxx xxx xxxxxxxx xxxxxxx","Service Finance","","","Dana Whitfield","3/1/2026","3/31/2026","All","8/7/2026 3:00:10 PM","True"
"331060","SAR","SAR","Surname0041, Given0041","City0027","03/04/26","4080","56921","34769","Win","","","","Paid In Full","Previous Customer","0.0000","(555)555-0041","person0041@example.com","","Cash","","","Dana Whitfield","3/1/2026","3/31/2026","All","8/7/2026 3:00:10 PM","True"
"406383","FTMYR","FTMYR","Surname0042, Given0042","City0026","03/04/26","11241","56922","34754","Win","","","","Cancelled","Lead Gurus","-1","(555)555-0042","person0042@example.com","","WaterCress","","","Dana Whitfield","3/1/2026","3/31/2026","All","8/7/2026 3:00:10 PM","True"
"407462","FTMYR","FTMYR","Surname0043, Given0043","City0016","03/04/26","26195","56923","34753","Win","","","","Paid In Full","Canvass","0.0000","(555)555-0043","person0043@example.com","","WaterCress","","","Dana Whitfield","3/1/2026","3/31/2026","All","8/7/2026 3:00:10 PM","True"
"407672","ORL","ORL","Surname0044, Given0044","City0028","03/04/26","10413","56924","34751","Win","","","","Paid In Full","Lead Gurus","0.0000","(555)555-0044","person0044@example.com","","Cash","","","Dana Whitfield","3/1/2026","3/31/2026","All","8/7/2026 3:00:10 PM","True"
"406225","STPET","STPET","Surname0045, Given0045","City0029","03/04/26","13020","56926","34770","Win","","","","Paid In Full","5 Star","0.0000","(555)555-0045","person0045@example.com","","Service Finance","","","Dana Whitfield","3/1/2026","3/31/2026","All","8/7/2026 3:00:10 PM","True"
"407377","FTLAU","FTLAU","Surname0046, Given0046","City0030","03/04/26","10500","56927","34749","Door","","","","Paid In Full","Customer Referral","0.0000","(555)555-0046","person0046@example.com","04/10/2026 - Xxxxx, Xxxxx - XXX xxxxxxxx xxxxx xxxxxxxx/xxxxxxxx","Service Finance","","","Dana Whitfield","3/1/2026","3/31/2026","All","8/7/2026 3:00:10 PM","True"
"407532","STPET","STPET","Surname0047, Given0047","City0002","03/04/26","109981","56928","34771","Win","","","","Installed & Unpaid","Canvass","54991","(555)555-0047","person0047@example.com","","Cash","","","Dana Whitfield","3/1/2026","3/31/2026","All","8/7/2026 3:00:10 PM","True"
"407647","ORL","ORL","Surname0048, Given0048","City0003","03/04/26","16800","56929","34755","Win","","","","Cancelled","MyHomePros","0.0000","(555)555-0048","person0048@example.com","03/05/2026 - Xxxxxx, Xxxxxxx - Xxxxxxxxx'x Xxxxxxxxxxx XXX Xxxxxxxx
XXX Xxxx Xxxxxxxx Xxxxxx XXX X/X Xxxxxx Xxxxxxxxx Xxxxxxxxxx
Xxxxxxx Xxxxxx Xxxxx
XXX Xxxxxxx 7380 X Xxxx Xxxx Xxxx Xxxxxxx, Xx 32819
XXX Xxxxx 407-494-1099
XXX Xxxxx Xxxxxxxx@xxxxxxxxxxxxxxxxxx.xxx","Credit Card","","","Dana Whitfield","3/1/2026","3/31/2026","All","8/7/2026 3:00:10 PM","True"
"272139","MIAMI","MIAMI","Surname0049, Given0049","City0031","03/04/26","10900","56930","34750","Win","","","","Paid In Full","Previous Customer","0.0000","(555)555-0049","person0049@example.com","04/10/2026 - Xxxxx, Xxxxx - XXX xxxxxxxx xxxxxxxx/xxxxxxxx

Xxxxxx xx Xxxxxx","WaterCress","","","Dana Whitfield","3/1/2026","3/31/2026","All","8/7/2026 3:00:10 PM","True"
"407354","STPET","STPET","Surname0050, Given0050","City0032","03/04/26","10000","56931","34774","Win","","","","Paid In Full","Google Service Ads","0.0000","(555)555-0050","person0050@example.com","03/17/2026 - Xxxxxx, Xxxxxxx - XXX xxxxxxxx xxxxxxxx xxx xxxxxxxx xx XX
***XX XXXX XXX-Xxxxxxx xxx 03/12/26***","Cash","","","Dana Whitfield","3/1/2026","3/31/2026","All","8/7/2026 3:00:10 PM","True"
"407643","STPET","STPET","Surname0051, Given0051","City0033","03/04/26","17641","56932","34773","Win","","","","Paid In Full","Canvass","0.0000","(555)555-0051","person0051@example.com","","Service Finance","","","Dana Whitfield","3/1/2026","3/31/2026","All","8/7/2026 3:00:10 PM","True"
"403226","SAR","SAR","Surname0052, Given0052","City0034","03/04/26","26308","56933","34775","Win","","","","PIF Survey Ready","Modernize","0.0000","(555)555-0052","person0052@example.com","","Cash","","","Dana Whitfield","3/1/2026","3/31/2026","All","8/7/2026 3:00:10 PM","True"
"407896","SAR","SAR","Surname0053, Given0053","City0035","03/04/26","21000","56934","34776","Win","","","","Paid In Full","Trucks","0.0000","(555)555-0053","person0053@example.com","","Service Finance","","","Dana Whitfield","3/1/2026","3/31/2026","All","8/7/2026 3:00:10 PM","True"
"366371","ORL","ORL","Surname0054, Given0054","City0003","03/04/26","26871","56935","34756","Win","","","","Credit Decline","Lead Gurus","0.0000","(555)555-0054","person0054@example.com","","Finance","","","Dana Whitfield","3/1/2026","3/31/2026","All","8/7/2026 3:00:10 PM","True"
"407531","SAR","SAR","Surname0055, Given0055","City0027","03/04/26","25831","56937","34777","Win","","","","Credit Decline","Canvass","0.0000","(555)555-0055","person0055@example.com","","Finance","","","Dana Whitfield","3/1/2026","3/31/2026","All","8/7/2026 3:00:10 PM","True"
"314940","SAR","SAR","Surname0056, Given0056","City0036","03/04/26","14500","57027","34879","Win","","","","Paid In Full","Canvass","0.0000","(555)555-0056","person0056@example.com","04/22/2026 - Xxxxxx, Xxxxxxx - XXX Xxxxxxxx xxxxxxxx xxx xxxxxxxx xx XX.","Cash","","","Dana Whitfield","3/1/2026","3/31/2026","All","8/7/2026 3:00:10 PM","True"
"404665","SAR","SAR","Surname0057, Given0057","City0021","03/05/26","24520","56940","34779","Win","","","","Paid In Full","Lead Gurus","0.0000","(555)555-0057","person0057@example.com","","Service Finance","","","Dana Whitfield","3/1/2026","3/31/2026","All","8/7/2026 3:00:10 PM","True"
"407949","STPET","STPET","Surname0058, Given0058","City0037","03/05/26","23151","56941","34780","Win","","","","Paid In Full","Lead Gurus","0.0000","(555)555-0058","person0058@example.com","03/24/2026 - Xxxxxx, Xxxxxxx - XXX Xxxxxxxx xxxxxxxx xxx xxxxxxxx xx XX","Service Finance","","","Dana Whitfield","3/1/2026","3/31/2026","All","8/7/2026 3:00:10 PM","True"
"407834","STPET","STPET","Surname0059, Given0059","City0038","03/05/26","11845","56942","34781","Win","","","","Paid In Full","Canvass Sticky","0.0000","(555)555-0059","person0059@example.com","04/21/2026 - Xxxxxx, Xxxxxxx - XXX Xxxxxxxx xxxxxxxx xxx xxxxxxxx xx XX","Cash","","","Dana Whitfield","3/1/2026","3/31/2026","All","8/7/2026 3:00:10 PM","True"
"407706","SAR","SAR","Surname0060, Given0060","City0027","03/05/26","33666","56943","34817","Win","","","","Paid In Full","Lead Gurus","0.0000","(555)555-0060","person0060@example.com","","Service Finance","","","Dana Whitfield","3/1/2026","3/31/2026","All","8/7/2026 3:00:10 PM","True"
"404569","","JAX","Surname0061, Given0061","City0039","03/05/26","96887","56944","34784","Win","","","","Paid In Full","Lead Gurus","-0.5","(555)555-0061","person0061@example.com","","Cash","","","Dana Whitfield","3/1/2026","3/31/2026","All","8/7/2026 3:00:10 PM","True"
"408035","FTMYR","FTMYR","Surname0062, Given0062","City0040","03/05/26","12000","56945","34767","Win","","","","Product Received","Canvass","11999","(555)555-0062","person0062@example.com","05/12/2026 - Xxxxx, Xxxxxxx - Xxxxxx XX xxx xx xxxxxx, xx xxxxxx, xxxx XX & xxxx xxxxx","Service Finance","","","Dana Whitfield","3/1/2026","3/31/2026","All","8/7/2026 3:00:10 PM","True"
"160521","FTMYR","FTMYR","Surname0063, Given0063","City0041","03/05/26","27757","56946","34768","Win","","","","Paid In Full","Canvass","0.0000","(555)555-0063","person0063@example.com","","Service Finance","","","Dana Whitfield","3/1/2026","3/31/2026","All","8/7/2026 3:00:10 PM","True"
"407509","ORL","ORL","Surname0064, Given0064","City0042","03/05/26","35884","56947","34815","Win","","","","Cancelled","MyHomePros","0.0000","(555)555-0064","person0064@example.com","","Service Finance","","","Dana Whitfield","3/1/2026","3/31/2026","All","8/7/2026 3:00:10 PM","True"
"406120","STPET","STPET","Surname0065, Given0065","City0043","03/05/26","15105","56949","34818","Win","","","","Paid In Full","Canvass","0.0000","(555)555-0065","person0065@example.com","03/24/2026 - Xxxxxx, Xxxxxxx - XXX Xxxxxxxx xxxxxxxx xxx xxxxxxxx xx XX","Service Finance","","","Dana Whitfield","3/1/2026","3/31/2026","All","8/7/2026 3:00:10 PM","True"
"408229","STPET","STPET","Surname0066, Given0066","City0043","03/05/26","8968","56950","34819","Win","","","","Paid In Full","Reecewindows.com","0.0000","(555)555-0066","person0066@example.com","03/12/2026 - Xxxxxx, Xxxxxxx - XXX Xxxxxxxx xxx xxxxxxxx xxx xxxxxxxx 
**XX XXXX XXX-Xxxxxxx 03/12/26**","Service Finance","","","Dana Whitfield","3/1/2026","3/31/2026","All","8/7/2026 3:00:10 PM","True"
"408124","ORL","ORL","Surname0067, Given0067","City0003","03/05/26","7972","56951","34766","Win","","","","Cancelled","Lead Gurus","0.0000","(555)555-0067","person0067@example.com","03/06/2026 - Xxxxxx, Xxxxxxx - Xxxxxxxxx'x Xxxxxxxxxxx XXX Xxxxxxxx
XXX Xxxx XXX
Xxxxxxx Xxxxxx Xxxxxxx X
XXX Xxxxxxx Xxxxxxx
XXX Xxxxx 407-992-8808
XXX Xxxxx Xxxxxxx@xxxxxxxxxxxxxxxxxxxxxxxxx.xxx","WaterCress","","","Dana Whitfield","3/1/2026","3/31/2026","All","8/7/2026 3:00:10 PM","True"
"408121","JAX","JAX","Surname0068, Given0068","City0022","03/05/26","25515","56952","34785","Win","","","","Paid In Full","Lead Gurus","0.0000","(555)555-0068","person0068@example.com","04/13/2026 - Xxxxxx, Xxxxxxx - XXX Xxxxxxxx xxxxxxxx xxx xxxxxxxx xx XX.
**XX XXXX XXX-Xxxxxxx xxx 03/13/26**","Medallion Bank","","","Dana Whitfield","3/1/2026","3/31/2026","All","8/7/2026 3:00:10 PM","True"
"406301","STPET","STPET","Surname0069, Given0069","City0044","03/06/26","6903","56953","34820","Win","","","","Hold - Permit","Canvass","1903","(555)555-0069","person0069@example.com","07/24/2026 - Xxxxxx, Xxxxxxx - Xxxx 2xx xxxxx xx Xxxxxxxxxx xxxxxxx xxx xxxxxx xx xx Xxxxxxxxxxxxx Xxxx (xxxxx xxxx).","Service Finance","","","Dana Whitfield","3/1/2026","3/31/2026","All","8/7/2026 3:00:10 PM","True"
"235451","STPET","STPET","Surname0070, Given0070","City0045","03/06/26","10000","56954","34854","Win","","","","Paid In Full","Prolific Marketing","0.0000","(555)555-0070","person0070@example.com","","Medallion Bank","","","Dana Whitfield","3/1/2026","3/31/2026","All","8/7/2026 3:00:10 PM","True"
"186100","FTMYR","FTMYR","Surname0071, Given0071","City0016","03/06/26","45543","56955","34799","Door","","","","Paid In Full","Canvass","0.0000","(555)555-0071","person0071@example.com","","Cash","","","Dana Whitfield","3/1/2026","3/31/2026","All","8/7/2026 3:00:10 PM","True"
"300094","FTMYR","FTMYR","Surname0072, Given0072","City0016","03/06/26","42500","56956","34782","Win","","","","Paid In Full","Canvass","0.0000","(555)555-0072","person0072@example.com","","Service Finance","","","Dana Whitfield","3/1/2026","3/31/2026","All","8/7/2026 3:00:10 PM","True"
"369954","FTMYR","FTMYR","Surname0073, Given0073","City0016","03/06/26","15525","56957","34778","Win","","","","Paid In Full","Lead Gurus","0.0000","(555)555-0073","person0073@example.com","","Pure Finance","","","Dana Whitfield","3/1/2026","3/31/2026","All","8/7/2026 3:00:10 PM","True"
"406952","JAX","JAX","Surname0074, Given0074","City0022","03/06/26","15308","56958","34786","Win","","","","Credit Decline","Contractor Appointment-West","0.0000","(555)555-0074","person0074@example.com","","Finance","","","Dana Whitfield","3/1/2026","3/31/2026","All","8/7/2026 3:00:10 PM","True"
"407147","ORL","ORL","Surname0075, Given0075","City0028","03/06/26","21429","56959","34797","Win","","","","Installed & Unpaid","Lead Gurus","10714","(555)555-0075","person0075@example.com","","Credit Card","","","Dana Whitfield","3/1/2026","3/31/2026","All","8/7/2026 3:00:10 PM","True"
"380452","ORL","ORL","Surname0076, Given0076","City0046","03/06/26","21944","56960","34802","Win","","","","Paid In Full","5 Star","0.0000","(555)555-0076","person0076@example.com","","WaterCress","","","Dana Whitfield","3/1/2026","3/31/2026","All","8/7/2026 3:00:10 PM","True"
"229885","STPET","STPET","Surname0077, Given0077","City0043","03/06/26","12944","56961","34824","Door","","","","Paid In Full","MVP Marketing","0.0000","(555)555-0077","person0077@example.com","04/08/2026 - Xxxxxx, Xxxxxxx - XXX Xxxxxxxx xxxxxxxx xxx xxxxxxxx xx XX
**XX XXXX XXX-Xxxxxxx xxx 03/17/26**","Service Finance","","","Dana Whitfield","3/1/2026","3/31/2026","All","8/7/2026 3:00:10 PM","True"
"314235","SAR","SAR","Surname0078, Given0078","City0021","03/06/26","17669","56962","34946","Win","","","","Paid In Full","Previous Customer","0.0000","(555)555-0078","person0078@example.com","","Cash","","","Dana Whitfield","3/1/2026","3/31/2026","All","8/7/2026 3:00:10 PM","True"
"408004","SAR","SAR","Surname0079, Given0079","City0047","03/06/26","11672","56963","34828","Win","","","","Paid In Full","Resource Living","0.0000","(555)555-0079","person0079@example.com","04/10/2026 - Xxxxxx, Xxxxxxx - XXX Xxxxxxxx xxxxxxxx xxx xxxxxxxx xx XX","Credit Card","","","Dana Whitfield","3/1/2026","3/31/2026","All","8/7/2026 3:00:10 PM","True"
"408507","SAR","SAR","Surname0080, Given0080","City0027","03/06/26","29500","56964","34836","Win","","","","Paid In Full","Lead Gurus","0.0000","(555)555-0080","person0080@example.com","03/30/2026 - Xxxxxx, Xxxxxxx - XXX Xxxxxxxx xxxxxxxx xxx xxxxxxxx xx XX","Service Finance","","","Dana Whitfield","3/1/2026","3/31/2026","All","8/7/2026 3:00:10 PM","True"
"209298","FTMYR","FTMYR","Surname0081, Given0081","City0016","03/06/26","23284","56965","34798","Win","","","","Paid In Full","Previous Customer","0.0000","(555)555-0081","","","Medallion Bank","","","Dana Whitfield","3/1/2026","3/31/2026","All","8/7/2026 3:00:10 PM","True"
"230437","STPET","STPET","Surname0082, Given0082","City0015","03/06/26","33900","56966","34840","Win","","","","Paid In Full","Canvass Sticky","0.0000","(555)555-0082","person0082@example.com","03/19/2026 - Xxxxxx, Xxxxxxx - XXX Xxxxxxxx xxxxxxxx xxx xxxxxxxx xx XX
**XX XXXX XXX-Xxxxxxx 03/19/26**","WaterCress","","","Dana Whitfield","3/1/2026","3/31/2026","All","8/7/2026 3:00:10 PM","True"
"403317","ORL","ORL","Surname0083, Given0083","City0048","03/06/26","8739","56967","34806","Win","","","","Cancelled","MyHomePros","0.0000","(555)555-0083","person0083@example.com","","Service Finance","","","Dana Whitfield","3/1/2026","3/31/2026","All","8/7/2026 3:00:10 PM","True"
"406991","JAX","JAX","Surname0084, Given0084","City0022","03/06/26","27861","56968","34787","Win","","","","Paid In Full","Lead Gurus","0.0000","(555)555-0084","person0084@example.com","","WaterCress","","","Dana Whitfield","3/1/2026","3/31/2026","All","8/7/2026 3:00:10 PM","True"
"405200","BOCA","BOCA","Surname0085, Given0085","City0049","03/06/26","28282","56969","34791","SGD","","","","Cancelled","Lead Gurus","0.0000","(555)555-0085","person0085@example.com","03/09/2026 - Xxxxx, Xxxxx - XXX xxxxxxxx X/X xx xxxxxx xxxxxx
Xxxxx Xxxxxxxx xxxxxx xxxx xxx xxxxxxxxx xx xxxx xx Xxxxxxxxx xx xxx Xxxxxxxxxxx Xxxxxx (X/X) xx xxx Xxxxxxxxxxx xx Xxxxxxxxx. 
","YGrene","","","Dana Whitfield","3/1/2026","3/31/2026","All","8/7/2026 3:00:10 PM","True"
"408572","STPET","STPET","Surname0086, Given0086","City0045","03/06/26","35700","56970","34837","Win","","","","Paid In Full","Canvass","0.0000","(555)555-0086","person0086@example.com","04/24/2026 - Xxxxxx, Xxxxxxx - XXX Xxxxxxxx xxxxxxxx xxx xxxxxxxx xx XX.","Service Finance","","","Dana Whitfield","3/1/2026","3/31/2026","All","8/7/2026 3:00:10 PM","True"
"82691","BOCA","BOCA","Surname0087, Given0087","City0013","03/06/26","41500","56971","34792","Win","","","","Credit Decline","Canvass","0.0000","(555)555-0087","person0087@example.com","03/09/2026 - Xxxxx, Xxxxx - Xxx xxxxxxxx
XXX xxxxxxxx
Xxxxxxx Xxxxxxx XXX
***XXX XXXX XXXXX XX XXXXXXXXX***","Finance","","","Dana Whitfield","3/1/2026","3/31/2026","All","8/7/2026 3:00:10 PM","True"
"407615","LAKE","LAKE","Surname0088, Given0088","City0011","03/06/26","11875","56991","34812","Win","","","","Cancelled By Mgt","Lead Gurus","0.0000","(555)555-0088","person0088@example.com","04/14/2026 - Xxxxx, Xxxxxxxx - XXX xxxxxxxx","Service Finance","","","Dana Whitfield","3/1/2026","3/31/2026","All","8/7/2026 3:00:10 PM","True"
"175861","SAR","SAR","Surname0089, Given0089","City0027","03/07/26","16254","56972","34838","Win","","","","Paid In Full","Billboard","0.0000","(555)555-0089","person0089@example.com","","Service Finance","","","Dana Whitfield","3/1/2026","3/31/2026","All","8/7/2026 3:00:10 PM","True"
"146938","FTMYR","FTMYR","Surname0090, Given0090","City0050","03/07/26","19970","56973","34801","Door","","","","Paid In Full","Canvass","0.0000","(555)555-0090","person0090@example.com","","Service Finance","","","Dana Whitfield","3/1/2026","3/31/2026","All","8/7/2026 3:00:10 PM","True"
"408800","FTMYR","FTMYR","Surname0091, Given0091","City0014","03/07/26","4750","56974","34808","Win","","","","Paid In Full","Self Generated","0.0000","(555)555-0091","person0091@example.com","03/09/2026 - Xxxxx, Xxxxxxx - XXX xxxxxxxx xxxxxxxx","Service Finance","","","Dana Whitfield","3/1/2026","3/31/2026","All","8/7/2026 3:00:10 PM","True"
"398287","FTMYR","FTMYR","Surname0092, Given0092","City0019","03/07/26","9220","56975","34800","Win","","","","Paid In Full","MVP Marketing","0.0000","(555)555-0092","person0092@example.com","03/09/2026 - Xxxxx, Xxxxxxx - Xxxxxxx Xxxx Xxxxxxxxxxx xxxx xxx xxxxxxx xxxxxxxx xxx xxxx xxx xxxx xxxxxxx","Service Finance","","","Dana Whitfield","3/1/2026","3/31/2026","All","8/7/2026 3:00:10 PM","True"
"408030","SAR","SAR","Surname0093, Given0093","City0008","03/07/26","20500","56976","34839","Win","","","","Paid In Full","Lead Gurus","68","(555)555-0093","person0093@example.com","","Service Finance","","","Dana Whitfield","3/1/2026","3/31/2026","All","8/7/2026 3:00:10 PM","True"
"404549","FTLAU","FTLAU","Surname0094, Given0094","City0051","03/07/26","48000","56977","34793","Win","","","","PIF Survey Ready","Google Organic","0.0000","(555)555-0094","person0094@example.com","03/30/2026 - Xxxxx, Xxxxx - XXX xxxxxxxx xxxxx xxxxxxxx/xxxxxxxx

Xxxxxx xx Xxxxxx","Service Finance","","","Dana Whitfield","3/1/2026","3/31/2026","All","8/7/2026 3:00:10 PM","True"
"401452","JAX","JAX","Surname0095, Given0095","City0052","03/07/26","5961","56979","34790","Win","","","","Paid In Full","Modernize","0.0000","(555)555-0095","person0095@example.com","","Arlington","","","Dana Whitfield","3/1/2026","3/31/2026","All","8/7/2026 3:00:10 PM","True"
"408610","SAR","SAR","Surname0096, Given0096","City0036","03/07/26","49999","56980","34841","Win","","","","Paid In Full","Canvass","0.0000","(555)555-0096","person0096@example.com","04/17/2026 - Xxxxxx, Xxxxxxx - Xxxxxx xxx xxxx xxxx xx xxx XXX xxx xxxxx xxxxxxx.","Service Finance","","","Dana Whitfield","3/1/2026","3/31/2026","All","8/7/2026 3:00:10 PM","True"
"408433","BOCA","BOCA","Surname0097, Given0097","City0020","03/07/26","35500","56981","34794","Win","","","","Credit Decline","Lead Gurus","0.0000","(555)555-0097","person0097@example.com","","Finance","","","Dana Whitfield","3/1/2026","3/31/2026","All","8/7/2026 3:00:10 PM","True"
"325762","FTMYR","FTMYR","Surname0098, Given0098","City0000","03/07/26","12500","56982","34809","Win","","","","Cancelled","Google Organic","0.0000","(555)555-0098","person0098@example.com","03/11/2026 - Xxxxx, Xxxxxxx - Xxxxxxx xxxxx xxx xxx xx xxxxxx, xxx'x xxxxx XXX xxxxxxxxxxx xxxxx xxxx xxx xxxxxxx xxx XX xxx xxx xxxxxxxxx","Cash","","","Dana Whitfield","3/1/2026","3/31/2026","All","8/7/2026 3:00:10 PM","True"
"407218","STPET","STPET","Surname0099, Given0099","City0053","03/07/26","18565","56983","34842","Win","","","","Credit Decline","Lead Gurus","0.0000","(555)555-0099","person0099@example.com","03/16/2026 - Xxxxxx, Xxxxxxx - XXX XXXXXXX;  
Xxxxxxxx Xxxxxx (Xxxxxx Xxxxxxxxxx) 
Xxxxx, Xx xxxxxxxxxx xxxx xxxxx xxx xxx xxxxxxxxxxx xx xxxxxx.   Xxxx xxxxxxx xxx xxxx xxxxxxxx xx x Xxxxxx Xxxxxxxxxx xxx xxxx xxxxxxx xxx xx xxxxx xx xxxxx. Xx Xxxxxx, xx xxxxxxx xxx xxxxx xx xxxxx xxx xxxxxxxxxxx.

","Medallion Bank","","","Dana Whitfield","3/1/2026","3/31/2026","All","8/7/2026 3:00:10 PM","True"
"379688","FTMYR","FTMYR","Surname0100, Given0100","City0040","03/07/26","7990","56984","34803","Door","","","","Paid In Full","Previous Customer","0.0000","(555)555-0100","person0100@example.com","","Cash","","","Dana Whitfield","3/1/2026","3/31/2026","All","8/7/2026 3:00:10 PM","True"
"405589","JAX","JAX","Surname0101, Given0101","City0022","03/07/26","15212","56985","34788","Win","","","","Credit Decline","Lead Gurus","0.0000","(555)555-0101","person0101@example.com","","Finance","","","Dana Whitfield","3/1/2026","3/31/2026","All","8/7/2026 3:00:10 PM","True"
"406927","FTMYR","FTMYR","Surname0102, Given0102","City0054","03/07/26","25870","56986","34810","Win","","","","Dead Deal","Lead Gurus","0.0000","(555)555-0102","person0102@example.com","","WaterCress","","","Dana Whitfield","3/1/2026","3/31/2026","All","8/7/2026 3:00:10 PM","True"
"406673","SAR","SAR","Surname0103, Given0103","City0035","03/07/26","16900","56988","34823","Win","","","","Paid In Full","Venice Home Show","0.0000","(555)555-0103","person0103@example.com","","WaterCress","","","Dana Whitfield","3/1/2026","3/31/2026","All","8/7/2026 3:00:10 PM","True"
"408908","BOCA","BOCA","Surname0104, Given0104","City0055","03/07/26","12564","56989","34796","Win","","","","Dead Deal","Modernize","0.0000","(555)555-0104","person0104@example.com","03/09/2026 - Xxxxx, Xxxxx - Xxx xxxxxxxx
XXX xxxxxxxx
Xxxxxxxxx Xxxx XXX
x/x XXX Xxxxxxxxxx
2950 X Xxx Xx
 Xxxxxxxxxx, XX 33467
 (561) 641-1016
xxxx@xxxxxxxxxxxxx.xxx

XXX xxxxxxxx
Xxxxxx xx Xxxxxx","Finance","","","Dana Whitfield","3/1/2026","3/31/2026","All","8/7/2026 3:00:10 PM","True"
"269933","FTMYR","FTMYR","Surname0105, Given0105","City0000","03/07/26","14662","56990","34805","Win","","","","Credit Decline","Canvass","0.0000","(555)555-0105","person0105@example.com","","Finance","","","Dana Whitfield","3/1/2026","3/31/2026","All","8/7/2026 3:00:10 PM","True"
"407461","STPET","STPET","Surname0106, Given0106","City0037","03/07/26","15686","56992","34843","Win","","","","Paid In Full","Lead Gurus","0.0000","(555)555-0106","person0106@example.com","04/24/2026 - Xxxxxx, Xxxxxxx - XXX Xxxxxxxx xxxxxxxx xxx xxxxxxxx xx XX.","Service Finance","","","Dana Whitfield","3/1/2026","3/31/2026","All","8/7/2026 3:00:10 PM","True"
"408950","FTMYR","FTMYR","Surname0107, Given0107","City0056","03/07/26","58541","56993","34807","Win","","","","Paid In Full","Google PPC Windows","0.0000","(555)555-0107","person0107@example.com","","Medallion Bank","","","Dana Whitfield","3/1/2026","3/31/2026","All","8/7/2026 3:00:10 PM","True"
"408897","STPET","STPET","Surname0108, Given0108","City0043","03/07/26","6250","56994","34844","SGD","","","","Paid In Full","Canvass","0.0000","(555)555-0108","person0108@example.com","","Service Finance","","","Dana Whitfield","3/1/2026","3/31/2026","All","8/7/2026 3:00:10 PM","True"
"407606","STPET","STPET","Surname0109, Given0109","City0010","03/07/26","11800","56995","34845","Win","","","","Cancelled","Canvass","0.0000","(555)555-0109","person0109@example.com","","Credit Card","","","Dana Whitfield","3/1/2026","3/31/2026","All","8/7/2026 3:00:10 PM","True"
"254936","BOCA","BOCA","Surname0110, Given0110","City0020","03/07/26","61222","56996","34795","Win","","","","Credit Decline","Lead Gurus","0.0000","(555)555-0110","person0110@example.com","","Finance","","","Dana Whitfield","3/1/2026","3/31/2026","All","8/7/2026 3:00:10 PM","True"
"408152","JAX","JAX","Surname0111, Given0111","City0022","03/07/26","13285","56997","34789","Win","","","","Credit Decline","Contractor Appointment-West","0.0000","(555)555-0111","person0111@example.com","","Finance","","","Dana Whitfield","3/1/2026","3/31/2026","All","8/7/2026 3:00:10 PM","True"
"199799","SAR","SAR","Surname0112, Given0112","City0027","03/07/26","0.0000","56999","NEW","Win","","","","Credit Decline","Modernize","0.0000","(555)555-0112","person0112@example.com","","Finance","","","Dana Whitfield","3/1/2026","3/31/2026","All","8/7/2026 3:00:10 PM","True"
"402882","ORL","ORL","Surname0113, Given0113","City0057","03/08/26","25584","57000","34804","Win","","","","Paid In Full","Lead Gurus","0.0000","(555)555-0113","person0113@example.com","","Cash","","","Dana Whitfield","3/1/2026","3/31/2026","All","8/7/2026 3:00:10 PM","True"
"405314","FTMYR","FTMYR","Surname0114, Given0114","City0026","03/08/26","20000","57001","34811","Win","","","","Paid In Full","Lead Gurus","0.0000","(555)555-0114","person0114@example.com","","Service Finance","","","Dana Whitfield","3/1/2026","3/31/2026","All","8/7/2026 3:00:10 PM","True"
"408883","LAKE","LAKE","Surname0115, Given0115","City0011","03/08/26","40000","57002","34830","Win","","","","Paid In Full","Lead Gurus","0.0000","(555)555-0115","person0115@example.com","04/16/2026 - Xxxxx, Xxxxxxxx - XXX xxxxxxxx","Cash","","","Dana Whitfield","3/1/2026","3/31/2026","All","8/7/2026 3:00:10 PM","True"
"408890","STPET","STPET","Surname0116, Given0116","City0043","03/08/26","4500","57003","34846","Win","","","","Cancelled","Canvass","0.0000","(555)555-0116","person0116@example.com","","Finance","","","Dana Whitfield","3/1/2026","3/31/2026","All","8/7/2026 3:00:10 PM","True"
"390978","LAKE","LAKE","Surname0117, Given0117","City0058","03/08/26","10500","57004","34829","Win","","","","Cancelled","MVP Marketing","0.0000","(555)555-0117","person0117@example.com","03/10/2026 - Xxxxxx, Xxxxxxx - Xxxxxxxxx'x/Xxxxxxxxxx Xxxxxxxxxxx XXX/Xxxxxxxxxx Xxxxxxxxxxx Xxxxxxxx
Xxxx Xxxxxxxxxx Xxxxxxxxx Xxxxxxxxxxx
Xxxxxxx Xxxxxx Xxxxxxx Xxx
Xxxxxxx 1512 Xxxxxxxxx Xxxx - Xxxxxxxxx, XX 33837
Xxxxx (407)705-2190 Xxx 427
Xxxxx Xxxx@xxxxxxxxxxxxxxxxx.xxx","Cash","","","Dana Whitfield","3/1/2026","3/31/2026","All","8/7/2026 3:00:10 PM","True"
"408905","FTMYR","FTMYR","Surname0118, Given0118","City0014","03/08/26","16037","57005","34813","Win","","","","Paid In Full","Canvass","0.0000","(555)555-0118","person0118@example.com","","Service Finance","","","Dana Whitfield","3/1/2026","3/31/2026","All","8/7/2026 3:00:10 PM","True"
"408386","ORL","ORL","Surname0119, Given0119","City0003","03/09/26","10000","57006","34827","Win","","","","Paid In Full","MyHomePros","0.0000","(555)555-0119","person0119@example.com","05/13/2026 - Xxxxx, Xxxxxxxx - XXX xxxxxxxx","WaterCress","","","Dana Whitfield","3/1/2026","3/31/2026","All","8/7/2026 3:00:10 PM","True"
"407124","FTMYR","FTMYR","Surname0120, Given0120","City0000","03/09/26","16590","57007","34814","Win","","","","Paid In Full","Canvass","0.0000","(555)555-0120","person0120@example.com","","Service Finance","","","Dana Whitfield","3/1/2026","3/31/2026","All","8/7/2026 3:00:10 PM","True"
"405507","ORL","ORL","Surname0121, Given0121","City0059","03/09/26","20974","57008","34833","Win","","","","Credit Decline","Google PPC Windows","0.0000","(555)555-0121","person0121@example.com","","Finance","","","Dana Whitfield","3/1/2026","3/31/2026","All","8/7/2026 3:00:10 PM","True"
"408870","FTMYR","FTMYR","Surname0122, Given0122","City0014","03/09/26","10000","57009","34816","Win","","","","Product Received","The Fort Myers Home Show","5000","(555)555-0122","person0122@example.com","03/26/2026 - Xxxxx, Xxxxxxx - Xxxxxxxx xxxxxxxx","Cash","","","Dana Whitfield","3/1/2026","3/31/2026","All","8/7/2026 3:00:10 PM","True"
"211109","LAKE","LAKE","Surname0123, Given0123","City0060","03/09/26","8716","57010","34831","Win","","","","Paid In Full","Lead Gurus","0.0000","(555)555-0123","person0123@example.com","04/10/2026 - Xxxxx, Xxxxxxxx - XXX xxxxxxxx","Cash","","","Dana Whitfield","3/1/2026","3/31/2026","All","8/7/2026 3:00:10 PM","True"
"409104","FTMYR","FTMYR","Surname0124, Given0124","City0026","03/09/26","9747","57011","34821","Door","","","","Credit Decline","Self Generated","0.0000","(555)555-0124","person0124@example.com","","Finance","","","Dana Whitfield","3/1/2026","3/31/2026","All","8/7/2026 3:00:10 PM","True"
"401747","FTMYR","FTMYR","Surname0125, Given0125","City0061","03/09/26","20090","57012","34822","Win","","","","Paid In Full","20th Annual Coconut Point Art Festival","0.0000","(555)555-0125","person0125@example.com","04/06/2026 - Xxxxx, Xxxxxxx - Xxxxxx XXX xx xxx xx xxxxxx, xx xxxxxx, xxxx XX","Service Finance","","","Dana Whitfield","3/1/2026","3/31/2026","All","8/7/2026 3:00:10 PM","True"
"264921","FTMYR","FTMYR","Surname0126, Given0126","City0026","03/09/26","7200","57013","34825","Win","","","","Cancelled","Contractor Appointment Rev Share","0.0000","(555)555-0126","person0126@example.com","03/09/2026 - Xxxxx, Xxxxxxx - Xx XXX xxxx xx xxxxxxxx, xxxxxxx xxxxxxxxxxxxxxx@xxxxx.xxx xx xxxxx xx xxxx xxxxxx xxxx xxxxxxxx","Service Finance","","","Dana Whitfield","3/1/2026","3/31/2026","All","8/7/2026 3:00:10 PM","True"
"408594","STPET","STPET","Surname0127, Given0127","City0007","03/09/26","12000","57014","34873","Win","","","","Dead Deal","Canvass","0.0000","(555)555-0127","person0127@example.com","","Credit Card","","","Dana Whitfield","3/1/2026","3/31/2026","All","8/7/2026 3:00:10 PM","True"
"409482","STPET","STPET","Surname0128, Given0128","City0062","03/09/26","5685","57015","34872","Win","","","","Paid In Full","Self Generated","0.0000","(555)555-0128","person0128@example.com","","Credit Card","","","Dana Whitfield","3/1/2026","3/31/2026","All","8/7/2026 3:00:10 PM","True"
"408324","SAR","SAR","Surname0129, Given0129","City0027","03/09/26","36000","57016","34877","Win","","","","Cancelled","Lead Gurus","0.0000","(555)555-0129","","","Service Finance","","","Dana Whitfield","3/1/2026","3/31/2026","All","8/7/2026 3:00:10 PM","True"
"377731","SAR","SAR","Surname0130, Given0130","City0063","03/09/26","30449","57017","34875","Win","","","","Paid In Full","Google PPC Windows","0.0000","(555)555-0130","person0130@example.com","05/01/2026 - Xxxxxx, Xxxxxxx - XXX Xxxxxxxx xxxxxxxx xxx xxxxxxxx xx XX.","Service Finance","","","Dana Whitfield","3/1/2026","3/31/2026","All","8/7/2026 3:00:10 PM","True"
"392487","STPET","STPET","Surname0131, Given0131","City0064","03/09/26","9850","57018","34878","","","","","Paid In Full","Previous Customer","0.0000","(555)555-0131","person0131@example.com","","Cash","","","Dana Whitfield","3/1/2026","3/31/2026","All","8/7/2026 3:00:10 PM","True"
"254317","SAR","SAR","Surname0132, Given0132","City0008","03/09/26","19341","57019","34876","Win","","","","Paid In Full","Canvass","0.0000","(555)555-0132","person0132@example.com","04/23/2026 - Xxxxxx, Xxxxxxx - XXX Xxxxxxxx xxxxxxxx xxx xxxxxxxx xx XX","YGrene","","","Dana Whitfield","3/1/2026","3/31/2026","All","8/7/2026 3:00:10 PM","True"
"143895","STPET","STPET","Surname0133, Given0133","City0038","03/09/26","5400","57020","34871","Door","","","","Paid In Full","Previous Customer","0.0000","(555)555-0133","person0133@example.com","","Credit Card","","","Dana Whitfield","3/1/2026","3/31/2026","All","8/7/2026 3:00:10 PM","True"
"406635","ORL","ORL","Surname0134, Given0134","City0065","03/09/26","34303","57021","34832","Win","","","","Cancelled","Modernize","0.0000","(555)555-0134","person0134@example.com","03/12/2026 - Xxxxx, Xxxxxxxx - XXX xxxxxxxx:
Xxxxx xxx xxx xxxxxxxxxx Xxxx & Xxxxxxxxxx. Xxxx xxxxx xxx xxxx xxxxxxxx xxx xx xxxxx xxxxxxxx xx xxx Xxxx & Xxxxxxxxxx xxxxxxx xxxx. Xx xxxx xxxxxx xxxx xxxxx xx xxx xxxxxxxxxxx xxxxx xxx xxxxxxx xx xxxxxxx xx xxxxxxxx.","Cash","","","Dana Whitfield","3/1/2026","3/31/2026","All","8/7/2026 3:00:10 PM","True"
"408058","BOCA","BOCA","Surname0135, Given0135","City0066","03/09/26","41488","57022","34826","Win","","","","Started","Reece ChatBot","20000","(555)555-0135","person0135@example.com","05/04/2026 - Xxxxx, Xxxxx - XXX xxxxxxxx xxxxxxxx/xxxxxxxx

Xxxxxx xx Xxxxxx","Service Finance","","","Dana Whitfield","3/1/2026","3/31/2026","All","8/7/2026 3:00:10 PM","True"
"366702","STPET","STPET","Surname0136, Given0136","City0043","03/10/26","12692","57023","35022","Win","","","","Paid In Full","Lead Gurus","0.0000","(555)555-0136","person0136@example.com","","WaterCress","","","Dana Whitfield","3/1/2026","3/31/2026","All","8/7/2026 3:00:10 PM","True"
"408654","FTMYR","FTMYR","Surname0137, Given0137","City0067","03/10/26","30605","57024","34834","Win","","","","Scheduled","Modernize","30604","(555)555-0137","person0137@example.com","03/12/2026 - Xxxxx, Xxxxxxx - XXX xxxxxxx: Xxxx (239)444-2355

Xxx Xxxx, xx xxxxxx xxxxxx xxx xxxxxxxxxxx, xx xxx xx xx xxx XX xxxxxxx xxx xxxxxx. XXX xxxx xxxxxxx xx xxxxx xxx, xx xxxx xx xxxxx xx xxxx xxx xxxx xxxxxx xxx xxxxxxxxxxx xxxxxx","Service Finance","","","Dana Whitfield","3/1/2026","3/31/2026","All","8/7/2026 3:00:10 PM","True"
"409550","FTMYR","FTMYR","Surname0138, Given0138","City0014","03/10/26","102084","57025","34835","Win","","","","Paid In Full","Google PPC Windows","0.0000","(555)555-0138","person0138@example.com","04/13/2026 - Xxxxx, Xxxxxxx - XXX xxxxxxxx xxxxxxxx","Cash","","","Dana Whitfield","3/1/2026","3/31/2026","All","8/7/2026 3:00:10 PM","True"
"408958","ORL","ORL","Surname0139, Given0139","City0060","03/10/26","6403","57026","34858","Win","","","","Dead Deal","Lead Gurus","0.0000","(555)555-0139","person0139@example.com","","YGrene","","","Dana Whitfield","3/1/2026","3/31/2026","All","8/7/2026 3:00:10 PM","True"
"409657","STPET","STPET","Surname0140, Given0140","City0043","03/10/26","17522","57028","34880","Win","","","","Paid In Full","Google PPC Windows","0.0000","(555)555-0140","person0140@example.com","","Cash","","","Dana Whitfield","3/1/2026","3/31/2026","All","8/7/2026 3:00:10 PM","True"
"97833","STPET","STPET","Surname0141, Given0141","City0068","03/10/26","9000","57029","34874","Win","","","","Paid In Full","Canvass","0.0000","(555)555-0141","","","Cash","","","Dana Whitfield","3/1/2026","3/31/2026","All","8/7/2026 3:00:10 PM","True"
"164294","FTMYR","FTMYR","Surname0142, Given0142","City0026","03/10/26","11571","57030","34848","Win","","","","Credit Decline","Lead Gurus","0.0000","(555)555-0142","person0142@example.com","","Finance","","","Dana Whitfield","3/1/2026","3/31/2026","All","8/7/2026 3:00:10 PM","True"
"406901","FTMYR","FTMYR","Surname0143, Given0143","City0016","03/10/26","13000","57031","34847","Win","","","","Paid In Full","Lead Gurus","0.0000","(555)555-0143","person0143@example.com","03/24/2026 - Xxxxx, Xxxxxxx - Xxxxxxxx xxxxxx xxxxxxxx","Service Finance","","","Dana Whitfield","3/1/2026","3/31/2026","All","8/7/2026 3:00:10 PM","True"
"403195","ORL","ORL","Surname0144, Given0144","City0060","03/10/26","25621","57032","34862","Win","","","","Paid In Full","Canvass","0.0000","(555)555-0144","person0144@example.com","","WaterCress","","","Dana Whitfield","3/1/2026","3/31/2026","All","8/7/2026 3:00:10 PM","True"
"194715","FTMYR","FTMYR","Surname0145, Given0145","City0000","03/10/26","24500","57033","34850","Win","","","","Cancelled","Canvass","0.0000","(555)555-0145","person0145@example.com","","Credit Card","","","Dana Whitfield","3/1/2026","3/31/2026","All","8/7/2026 3:00:10 PM","True"
"409744","STPET","STPET","Surname0146, Given0146","City0069","03/10/26","21857","57034","34881","Win","","","","Paid In Full","Canvass","0.0000","(555)555-0146","person0146@example.com","03/16/2026 - Xxxxxx, Xxxxxxx - XXX Xxxxxxxx xxxxxxxx xxx xxxxxxxx xx XX
**XX XXXX XXX-Xxxxxxx 03/14/26**","WaterCress","","","Dana Whitfield","3/1/2026","3/31/2026","All","8/7/2026 3:00:10 PM","True"
"406833","SAR","SAR","Surname0147, Given0147","City0036","03/10/26","10890","57035","34856","Win","","","","Cancelled","Venice Home Show","0.0000","(555)555-0147","","","WaterCress","","","Dana Whitfield","3/1/2026","3/31/2026","All","8/7/2026 3:00:10 PM","True"
"409703","STPET","STPET","Surname0148, Given0148","City0043","03/10/26","15500","57036","34890","SGD","","","","Paid In Full","Trucks","0.0000","(555)555-0148","person0148@example.com","03/30/2026 - Xxxxxx, Xxxxxxx - XXX Xxxxxxxx xxxxxxxx xxx xxxxxxxx xx XX","Cash","","","Dana Whitfield","3/1/2026","3/31/2026","All","8/7/2026 3:00:10 PM","True"
"409463","SAR","SAR","Surname0149, Given0149","City0070","03/10/26","12327","57037","34893","Win","","","","Paid In Full","Canvass","0.0000","(555)555-0149","person0149@example.com","04/23/2026 - Xxxxxx, Xxxxxxx - XXX Xxxxxxxx xxxxxxxx xxx xxxxxxxx xx XX.","Service Finance","","","Dana Whitfield","3/1/2026","3/31/2026","All","8/7/2026 3:00:10 PM","True"
"409758","SAR","SAR","Surname0150, Given0150","City0008","03/10/26","11874","57038","34855","Win","","","","Paid In Full","Canvass","0.0000","(555)555-0150","person0150@example.com","","Cash","","","Dana Whitfield","3/1/2026","3/31/2026","All","8/7/2026 3:00:10 PM","True"
"409444","ORL","ORL","Surname0151, Given0151","City0042","03/10/26","6842","57039","34861","Win","","","","Credit Decline","Canvass","0.0000","(555)555-0151","person0151@example.com","","Finance","","","Dana Whitfield","3/1/2026","3/31/2026","All","8/7/2026 3:00:10 PM","True"
"329660","STPET","STPET","Surname0152, Given0152","City0045","03/10/26","24500","57040","34894","Win","","","","Paid In Full","Google PPC Windows","0.0000","(555)555-0152","person0152@example.com","","YGrene","","","Dana Whitfield","3/1/2026","3/31/2026","All","8/7/2026 3:00:10 PM","True"
"409857","STPET","STPET","Surname0153, Given0153","City0071","03/10/26","7500","57041","34895","Win","","","","Paid In Full","Canvass","0.0000","(555)555-0153","person0153@example.com","05/19/2026 - Xxxxxx, Xxxxxxx - XXX Xxxxxxxx xxxxxxxx xxx xxxxxxxx xx XX.","Cash","","","Dana Whitfield","3/1/2026","3/31/2026","All","8/7/2026 3:00:10 PM","True"
"399208","FTLAU","FTLAU","Surname0154, Given0154","City0072","03/10/26","87996","57042","34849","Win","","","","Cancelled","Canvass","0.0000","(555)555-0154","person0154@example.com","03/11/2026 - Xxxxx, Xxxxx - Xxx xxxxxxxx
XXX xxxxxxxx
Xxxxxx Xxxxx***X/X xxxx Xxxxxx***

Xxxxxx xx Xxxxxx

","Finance","","","Dana Whitfield","3/1/2026","3/31/2026","All","8/7/2026 3:00:10 PM","True"
"349086","FTMYR","FTMYR","Surname0155, Given0155","City0000","03/10/26","44874","57043","34851","Win","","","","Cancelled","The Fort Myers Home Show","0.0000","(555)555-0155","person0155@example.com","","Medallion Bank","","","Dana Whitfield","3/1/2026","3/31/2026","All","8/7/2026 3:00:10 PM","True"
"407050","LAKE","LAKE","Surname0156, Given0156","City0073","03/11/26","17000","57045","34865","Win","","","","Paid In Full","Porch101","0.0000","(555)555-0156","person0156@example.com","04/13/2026 - Xxxxx, Xxxxxxxx - XXX xxxxxxxx","Cash","","","Dana Whitfield","3/1/2026","3/31/2026","All","8/7/2026 3:00:10 PM","True"
"409930","STPET","STPET","Surname0157, Given0157","City0033","03/11/26","12963","57046","NEW","Win","","","","Cancelled","Modernize","0.0000","(555)555-0157","person0157@example.com","","Service Finance","","","Dana Whitfield","3/1/2026","3/31/2026","All","8/7/2026 3:00:10 PM","True"
"82946","FTMYR","FTMYR","Surname0158, Given0158","City0016","03/11/26","20845","57047","34853","Win","","","","Cancelled","Canvass","0.0000","(555)555-0158","person0158@example.com","","Finance","","","Dana Whitfield","3/1/2026","3/31/2026","All","8/7/2026 3:00:10 PM","True"
"409884","ORL","ORL","Surname0159, Given0159","City0074","03/11/26","20000","57048","34868","Win","","","","Paid In Full","Canvass","700","(555)555-0159","person0159@example.com","","YGrene","","","Dana Whitfield","3/1/2026","3/31/2026","All","8/7/2026 3:00:10 PM","True"
"410004","STPET","STPET","Surname0160, Given0160","City0043","03/11/26","9987","57049","34896","Win","","","","Paid In Full","Customer Referral","-3","(555)555-0160","person0160@example.com","04/08/2026 - Xxxxxx, Xxxxxxx - XXX Xxxxxxxx xxxxxxxx xxx xxxxxxxx xx XX
**XX XXXX XXX-Xxxxxxx Xxxxxxxxx xxx 04/14/26**","Cash","","","Dana Whitfield","3/1/2026","3/31/2026","All","8/7/2026 3:00:10 PM","True"
"409259","FTMYR","FTMYR","Surname0161, Given0161","City0014","03/11/26","34140","57050","34852","Win","","","","Paid In Full","Customer Referral","0.0000","(555)555-0161","person0161@example.com","03/24/2026 - Xxxxx, Xxxxxxx - Xxxxxxx XXX xxx xx xxxxxx","Cash","","","Dana Whitfield","3/1/2026","3/31/2026","All","8/7/2026 3:00:10 PM","True"
"409975","SAR","SAR","Surname0162, Given0162","City0036","03/11/26","49572","57052","34928","SGD","","","","Paid In Full","Canvass","0.0000","(555)555-0162","person0162@example.com","04/14/2026 - Xxxxxx, Xxxxxxx - XXX Xxxxxxxx xxxxxxxx xxx xxxxxxxx xx XX","Service Finance","","","Dana Whitfield","3/1/2026","3/31/2026","All","8/7/2026 3:00:10 PM","True"
"341599","FTMYR","FTMYR","Surname0163, Given0163","City0040","03/11/26","12000","57053","34860","Win","","","","Product Received","Previous Customer","6000","(555)555-0163","person0163@example.com","","Cash","","","Dana Whitfield","3/1/2026","3/31/2026","All","8/7/2026 3:00:10 PM","True"
"409725","FTMYR","FTMYR","Surname0164, Given0164","City0000","03/11/26","89800","57054","34863","Win","","","","Paid In Full","Peacock TV","0.0000","(555)555-0164","person0164@example.com","","WaterCress","","","Dana Whitfield","3/1/2026","3/31/2026","All","8/7/2026 3:00:10 PM","True"
"409303","FTMYR","FTMYR","Surname0165, Given0165","City0075","03/11/26","9000","57055","34864","Win","","","","Paid In Full","The Fort Myers Home Show","0.0000","(555)555-0165","person0165@example.com","04/08/2026 - Xxxxx, Xxxxxxx - XXX xxxxxxxx xxxxxxxx","Service Finance","","","Dana Whitfield","3/1/2026","3/31/2026","All","8/7/2026 3:00:10 PM","True"
"409856","JAX","JAX","Surname0166, Given0166","City0076","03/11/26","11163","57056","34867","Win","","","","Paid In Full","Lead Gurus","0.0000","(555)555-0166","person0166@example.com","04/07/2026 - Xxxxxx, Xxxxxxx - XXX Xxxxxxxx xxxxxxxx xxx xxxxxxxx xx XX 
**XX XXXX XXX-Xxxxxxx xxxxxxxxx xx 03/16/26**","Cash","","","Dana Whitfield","3/1/2026","3/31/2026","All","8/7/2026 3:00:10 PM","True"
"407999","ORL","ORL","Surname0167, Given0167","City0077","03/11/26","18593","57057","34869","Win","","","","Paid In Full","Lead Gurus","0.0000","(555)555-0167","person0167@example.com","04/14/2026 - Xxxxx, Xxxxxxxx - XX xxxxxx xxxxxxx xxxxx xx xx XXX","WaterCress","","","Dana Whitfield","3/1/2026","3/31/2026","All","8/7/2026 3:00:10 PM","True"
"409781","JAX","JAX","Surname0168, Given0168","City0022","03/11/26","18921","57058","34866","Win","","","","Credit Decline","HomeBuddy","0.0000","(555)555-0168","person0168@example.com","","Arlington","","","Dana Whitfield","3/1/2026","3/31/2026","All","8/7/2026 3:00:10 PM","True"
"407594","FTMYR","FTMYR","Surname0169, Given0169","City0040","03/11/26","38000","57059","34859","Win","","","","Paid In Full","Canvass","0.0000","(555)555-0169","person0169@example.com","03/13/2026 - Xxxxx, Xxxxxxx - Xxxxx xxxx Xxxxxx (716)583-5613, xxx xxxxxxxxx xx xxx XXX, xxx xxxx xxxx xx xxx xxxxxxx xxxxxxxx xxx xxxx xxx xxxx xxxxxxx & xxxxx","Cash","","","Dana Whitfield","3/1/2026","3/31/2026","All","8/7/2026 3:00:10 PM","True"
"410256","LAKE","LAKE","Surname0170, Given0170","City0011","03/11/26","18958","57060","34870","Win","","","","Paid In Full","Canvass","0.0000","(555)555-0170","person0170@example.com","04/16/2026 - Xxxxx, Xxxxxxxx - XXX xxxxxxxx","Cash","","","Dana Whitfield","3/1/2026","3/31/2026","All","8/7/2026 3:00:10 PM","True"
"405822","STPET","STPET","Surname0171, Given0171","City0078","03/11/26","38300","57061","34898","Win","","","","Paid In Full","Lead Gurus","0.0000","(555)555-0171","person0171@example.com","","Cash","","","Dana Whitfield","3/1/2026","3/31/2026","All","8/7/2026 3:00:10 PM","True"
"410266","SAR","SAR","Surname0172, Given0172","City0027","03/11/26","39513","57062","34943","Win","","","","Credit Decline","Canvass","0.0000","(555)555-0172","","","Finance","","","Dana Whitfield","3/1/2026","3/31/2026","All","8/7/2026 3:00:10 PM","True"
"333070","STPET","STPET","Surname0173, Given0173","City0079","03/12/26","24357","57063","34944","Win","","","","Paid In Full","Previous Customer","0.0000","(555)555-0173","person0173@example.com","04/22/2026 - Xxxxxx, Xxxxxxx - XXX Xxxxxxxx xxxxxxxx xxx xxxxxxxx xx XX","Cash","","","Dana Whitfield","3/1/2026","3/31/2026","All","8/7/2026 3:00:10 PM","True"
"52138","SAR","SAR","Surname0174, Given0174","City0008","03/12/26","8963","57064","34947","Win","","","","Paid In Full","Lead Gurus","0.0000","(555)555-0174","person0174@example.com","","Service Finance","","","Dana Whitfield","3/1/2026","3/31/2026","All","8/7/2026 3:00:10 PM","True"
"391766","STPET","STPET","Surname0175, Given0175","City0043","03/12/26","8060","57065","34942","Win","","","","Paid In Full","Lead Gurus","0.0000","(555)555-0175","person0175@example.com","","WaterCress","","","Dana Whitfield","3/1/2026","3/31/2026","All","8/7/2026 3:00:10 PM","True"
"409633","FTMYR","FTMYR","Surname0176, Given0176","City0000","03/12/26","49100","57066","34882","Win","","","","Paid In Full","Lead Gurus","0.0000","(555)555-0176","person0176@example.com","","Cash","","","Dana Whitfield","3/1/2026","3/31/2026","All","8/7/2026 3:00:10 PM","True"
"410265","ORL","ORL","Surname0177, Given0177","City0017","03/12/26","12000","57067","34885","Win","","","","Paid In Full","Canvass","0.0000","(555)555-0177","person0177@example.com","03/25/2026 - Xxxxx, Xxxxxxxx - XXX xxxxxxxx","Service Finance","","","Dana Whitfield","3/1/2026","3/31/2026","All","8/7/2026 3:00:10 PM","True"
"409475","FTMYR","FTMYR","Surname0178, Given0178","City0014","03/12/26","18500","57068","34889","Win","","","","Paid In Full","Canvass","0.0000","(555)555-0178","person0178@example.com","03/19/2026 - Xxxxx, Xxxxxxx - XXX xxxxxxxx xxxxxx xxxxxxxx","Service Finance","","","Dana Whitfield","3/1/2026","3/31/2026","All","8/7/2026 3:00:10 PM","True"
"172119","FTMYR","FTMYR","Surname0179, Given0179","City0000","03/12/26","11587","57069","34886","Win","","","","Paid In Full","Canvass","0.0000","(555)555-0179","person0179@example.com","","Service Finance","","","Dana Whitfield","3/1/2026","3/31/2026","All","8/7/2026 3:00:10 PM","True"
"409893","ORL","ORL","Surname0180, Given0180","City0046","03/12/26","7647","57070","34884","Win","","","","Paid In Full","Self Generated","0.0000","(555)555-0180","person0180@example.com","04/06/2026 - Xxxxx, Xxxxxxxx - XXX xxxxxxxx","Credit Card","","","Dana Whitfield","3/1/2026","3/31/2026","All","8/7/2026 3:00:10 PM","True"
"404462","FTMYR","FTMYR","Surname0181, Given0181","City0080","03/12/26","42115","57071","34887","Win","","","","Cancelled","Modernize","0.0000","(555)555-0181","person0181@example.com","","Finance","","","Dana Whitfield","3/1/2026","3/31/2026","All","8/7/2026 3:00:10 PM","True"
"410138","STPET","STPET","Surname0182, Given0182","City0068","03/12/26","27822","57072","34949","Win","","","","Product Received","Lead Gurus","27821","(555)555-0182","person0182@example.com","","Service Finance","","","Dana Whitfield","3/1/2026","3/31/2026","All","8/7/2026 3:00:10 PM","True"
"410625","STPET","STPET","Surname0183, Given0183","City0053","03/12/26","6977","57073","34950","Win","","","","Paid In Full","Canvass","0.0000","(555)555-0183","person0183@example.com","","WaterCress","","","Dana Whitfield","3/1/2026","3/31/2026","All","8/7/2026 3:00:10 PM","True"
"410349","BOCA","BOCA","Surname0184, Given0184","City0081","03/12/26","56495","57074","34883","Win","","","","Paid In Full","GeoTarget","0.0000","(555)555-0184","person0184@example.com","04/20/2026 - Xxxxx, Xxxxx - XXX xxxxxxxx xxxxxxxx/xxxxxxxx
Xxxxxx xx Xxxxxx","Cash","","","Dana Whitfield","3/1/2026","3/31/2026","All","8/7/2026 3:00:10 PM","True"
"410511","FTMYR","FTMYR","Surname0185, Given0185","City0040","03/12/26","13660","57075","NEW","Win","","","","Credit Decline","Canvass Sticky","0.0000","(555)555-0185","","","Finance","","","Dana Whitfield","3/1/2026","3/31/2026","All","8/7/2026 3:00:10 PM","True"
"410553","FTMYR","FTMYR","Surname0186, Given0186","City0082","03/12/26","40970","57076","34888","Win","","","","Paid In Full","Canvass","0.0000","(555)555-0186","person0186@example.com","","WaterCress","","","Dana Whitfield","3/1/2026","3/31/2026","All","8/7/2026 3:00:10 PM","True"
"384932","FTMYR","FTMYR","Surname0187, Given0187","City0014","03/13/26","27426","57077","34891","Win","","","","Paid In Full","Previous Customer","0.0000","(555)555-0187","person0187@example.com","","Cash","","","Dana Whitfield","3/1/2026","3/31/2026","All","8/7/2026 3:00:10 PM","True"
"406419","SAR","SAR","Surname0188, Given0188","City0027","03/13/26","28500","57078","34934","Win","","","","Paid In Full","Canvass","0.0000","(555)555-0188","person0188@example.com","","Cash","","","Dana Whitfield","3/1/2026","3/31/2026","All","8/7/2026 3:00:10 PM","True"
"410804","ORL","ORL","Surname0189, Given0189","City0083","03/13/26","10200","57079","34907","Win","","","","Paid In Full","Modernize","0.0000","(555)555-0189","person0189@example.com","","WaterCress","","","Dana Whitfield","3/1/2026","3/31/2026","All","8/7/2026 3:00:10 PM","True"
"410809","FTMYR","FTMYR","Surname0190, Given0190","City0084","03/13/26","62000","57080","34897","Win","","","","Cancelled","Canvass","0.0000","(555)555-0190","","03/13/2026 - Xxxxx, Xxxxxxx - Xxxxxxx Xxxx Xxxxxxxxxxx xxxx xxx xxxxxxx xxxxxxxx xxx xxxx xxx xxxx xxxxxxx","Cash","","","Dana Whitfield","3/1/2026","3/31/2026","All","8/7/2026 3:00:10 PM","True"
"410207","FTLAU","FTLAU","Surname0191, Given0191","City0085","03/13/26","19500","57081","34892","Win","","","","Cancelled","Best Pick","0.0000","(555)555-0191","person0191@example.com","03/13/2026 - Xxxxx, Xxxxx - Xxx xxxxxxxx
XXXX XXXX XX: 313258
XXX xxxxxxxx
***XX XXXX***

Xxxxxx xx Xxxxxx","Medallion Bank","","","Dana Whitfield","3/1/2026","3/31/2026","All","8/7/2026 3:00:10 PM","True"
"410647","STPET","STPET","Surname0192, Given0192","City0044","03/13/26","65000","57082","34952","Win","","","","Paid In Full","5 Star","0.0000","(555)555-0192","person0192@example.com","","Cash","","","Dana Whitfield","3/1/2026","3/31/2026","All","8/7/2026 3:00:10 PM","True"
"409382","JAX","JAX","Surname0193, Given0193","City0022","03/13/26","11827","57083","34899","Win","","","","Dead Deal","Google PPC Windows","0.0000","(555)555-0193","person0193@example.com","","Service Finance","","","Dana Whitfield","3/1/2026","3/31/2026","All","8/7/2026 3:00:10 PM","True"
"235344","SAR","SAR","Surname0194, Given0194","City0036","03/13/26","40000","57084","34951","Win","","","","Paid In Full","Canvass","0.0000","(555)555-0194","person0194@example.com","04/01/2026 - Xxxxxx, Xxxxxxx - XXX Xxxxxxxx xxxxxxxx xxx xxxxxxxx xx XX.
","Service Finance","","","Dana Whitfield","3/1/2026","3/31/2026","All","8/7/2026 3:00:10 PM","True"
"410409","SAR","SAR","Surname0195, Given0195","City0036","03/13/26","12500","57085","34956","Win","","","","Paid In Full","Lead Gurus","0.0000","(555)555-0195","person0195@example.com","04/01/2026 - Xxxxxx, Xxxxxxx - XXX Xxxxxxxx xxxxxxxx xxx xxxxxxxx xx XX.
**XX XXXX XXX-Xxxxxxx xxx 03/19/2026**","Service Finance","","","Dana Whitfield","3/1/2026","3/31/2026","All","8/7/2026 3:00:10 PM","True"
"410782","ORL","ORL","Surname0196, Given0196","City0017","03/13/26","8136","57086","34908","Win","","","","Paid In Full","Canvass","0.0000","(555)555-0196","person0196@example.com","03/25/2026 - Xxxxx, Xxxxxxxx - XXX xxxxxxxx","WaterCress","","","Dana Whitfield","3/1/2026","3/31/2026","All","8/7/2026 3:00:10 PM","True"
"409467","SAR","SAR","Surname0197, Given0197","City0008","03/13/26","68010","57087","34953","Win","","","","Scheduled","Canvass","68009","(555)555-0197","person0197@example.com","04/14/2026 - Xxxxxx, Xxxxxxx - XXX Xxxxxxxx xxxxxxxx xxx xxxxxxxx xx XX","Service Finance","","","Dana Whitfield","3/1/2026","3/31/2026","All","8/7/2026 3:00:10 PM","True"
"398024","ORL","ORL","Surname0198, Given0198","City0042","03/13/26","15078","57088","34910","Win","","","","Cancelled","Canvass","0.0000","(555)555-0198","","","WaterCress","","","Dana Whitfield","3/1/2026","3/31/2026","All","8/7/2026 3:00:10 PM","True"
"402160","JAX","JAX","Surname0199, Given0199","City0022","03/13/26","27100","57089","34900","Win","","","","Paid In Full","Contractor Appointment-West","0.0000","(555)555-0199","person0199@example.com","","Cash","","","Dana Whitfield","3/1/2026","3/31/2026","All","8/7/2026 3:00:10 PM","True"
"409258","STPET","STPET","Surname0200, Given0200","City0086","03/13/26","6952","57090","34957","Win","","","","Paid In Full","Canvass Sticky","0.0000","(555)555-0200","person0200@example.com","03/20/2026 - Xxxxxx, Xxxxxxx - XXX Xxxxxxxx xxxxxxxx xxx xxxxxxxx xx XX
**XX XXXX XXX-Xxxxxxx xxxxxxxxx 03/21/26**","Cash","","","Dana Whitfield","3/1/2026","3/31/2026","All","8/7/2026 3:00:10 PM","True"
"410814","ORL","ORL","Surname0201, Given0201","City0087","03/13/26","12514","57091","34931","Win","","","","Paid In Full","Lead Gurus","0.0000","(555)555-0201","person0201@example.com","","Cash","","","Dana Whitfield","3/1/2026","3/31/2026","All","8/7/2026 3:00:10 PM","True"
"410098","MIAMI","MIAMI","Surname0202, Given0202","City0009","03/13/26","5720","57092","34903","Win","","","","Paid In Full","HomeBuddy","0.0000","(555)555-0202","person0202@example.com","","Cash","","","Dana Whitfield","3/1/2026","3/31/2026","All","8/7/2026 3:00:10 PM","True"
"382843","FTMYR","FTMYR","Surname0203, Given0203","City0019","03/13/26","43300","57093","34915","Win","","","","Paid In Full","Canvass","0.0000","(555)555-0203","person0203@example.com","","WaterCress","","","Dana Whitfield","3/1/2026","3/31/2026","All","8/7/2026 3:00:10 PM","True"
"409840","ORL","ORL","Surname0204, Given0204","City0042","03/13/26","28641","57094","34912","Win","","","","Paid In Full","Canvass","0.0000","(555)555-0204","person0204@example.com","","WaterCress","","","Dana Whitfield","3/1/2026","3/31/2026","All","8/7/2026 3:00:10 PM","True"
"410852","SAR","SAR","Surname0205, Given0205","City0027","03/13/26","10346","57095","34958","Win","","","","PIF Survey Ready","Google PPC Windows","0.0000","(555)555-0205","person0205@example.com","","Credit Card","","","Dana Whitfield","3/1/2026","3/31/2026","All","8/7/2026 3:00:10 PM","True"
"410604","FTMYR","FTMYR","Surname0206, Given0206","City0000","03/13/26","20563","57096","34914","Win","","","","Paid In Full","Canvass","0.0000","(555)555-0206","person0206@example.com","","Service Finance","","","Dana Whitfield","3/1/2026","3/31/2026","All","8/7/2026 3:00:10 PM","True"
"408445","ORL","ORL","Surname0207, Given0207","City0042","03/13/26","19895","57097","34916","Win","","","","Paid In Full","Lead Gurus","0.0000","(555)555-0207","person0207@example.com","","Service Finance","","","Dana Whitfield","3/1/2026","3/31/2026","All","8/7/2026 3:00:10 PM","True"
"410593","STPET","STPET","Surname0208, Given0208","City0015","03/13/26","7341","57098","34959","Win","","","","Paid In Full","Google","0.0000","(555)555-0208","person0208@example.com","04/06/2026 - Xxxxxx, Xxxxxxx - XXX Xxxxxxxx xxxxxxxx xxx xxxxxxxx xx XX","Cash","","","Dana Whitfield","3/1/2026","3/31/2026","All","8/7/2026 3:00:10 PM","True"
"410254","FTMYR","FTMYR","Surname0209, Given0209","City0026","03/13/26","21484","57099","34909","Win","","","","Paid In Full","Canvass","0.0000","(555)555-0209","person0209@example.com","","Service Finance","","","Dana Whitfield","3/1/2026","3/31/2026","All","8/7/2026 3:00:10 PM","True"
"401299","FTLAU","FTLAU","Surname0210, Given0210","City0088","03/13/26","9969","57100","34904","Door","","","","Paid In Full","Google Organic","0.0000","(555)555-0210","person0210@example.com","","Cash","","","Dana Whitfield","3/1/2026","3/31/2026","All","8/7/2026 3:00:10 PM","True"
"402327","STPET","STPET","Surname0211, Given0211","City0064","03/13/26","10182","57101","34971","Win","","","","Credit Decline","Google Organic","0.0000","(555)555-0211","person0211@example.com","","Finance","","","Dana Whitfield","3/1/2026","3/31/2026","All","8/7/2026 3:00:10 PM","True"
"410731","ORL","ORL","Surname0212, Given0212","City0089","03/13/26","11218","57102","34920","Win","","","","Paid In Full","Canvass","0.0000","(555)555-0212","person0212@example.com","","WaterCress","","","Dana Whitfield","3/1/2026","3/31/2026","All","8/7/2026 3:00:10 PM","True"
"291540","FTMYR","FTMYR","Surname0213, Given0213","City0000","03/13/26","31195","57103","34911","Win","","","","Paid In Full","Canvass","0.0000","(555)555-0213","person0213@example.com","","Medallion Bank","","","Dana Whitfield","3/1/2026","3/31/2026","All","8/7/2026 3:00:10 PM","True"
"411039","FTMYR","FTMYR","Surname0214, Given0214","City0000","03/13/26","11839","57104","34913","Win","","","","Paid In Full","Canvass","0.0000","(555)555-0214","person0214@example.com","","Service Finance","","","Dana Whitfield","3/1/2026","3/31/2026","All","8/7/2026 3:00:10 PM","True"
"410552","STPET","STPET","Surname0215, Given0215","City0045","03/13/26","19067","57105","34972","Win","","","","Dead Deal","Canvass","0.0000","(555)555-0215","person0215@example.com","03/23/2026 - Xxxxxx, Xxxxxxx - XXX XXX xxxx xx xxx XXX xxx xxxxxx/xxxxxxxx.
Xxxx Xxxxxxxxxx xxxx xxxxx xxxxxxxxxxx
Xxxxxxx Xxxxxx .
Xxxxxxx .
Xxxxx 8138315050
Xxxxx xxxxxxx@xxxxxx.xxx
","Finance","","","Dana Whitfield","3/1/2026","3/31/2026","All","8/7/2026 3:00:10 PM","True"
"411300","FTMYR","FTMYR","Surname0216, Given0216","City0026","03/14/26","23527","57106","34917","Win","","","","Paid In Full","Self Generated","0.0000","(555)555-0216","person0216@example.com","","Cash","","","Dana Whitfield","3/1/2026","3/31/2026","All","8/7/2026 3:00:10 PM","True"
"374648","FTMYR","FTMYR","Surname0217, Given0217","City0000","03/14/26","35358","57107","34924","Win","","","","Paid In Full","Canvass","0.0000","(555)555-0217","person0217@example.com","","WaterCress","","","Dana Whitfield","3/1/2026","3/31/2026","All","8/7/2026 3:00:10 PM","True"
"409711","JAX","JAX","Surname0218, Given0218","City0090","03/14/26","7850","57108","34902","Win","","","","Paid In Full","Modernize","0.0000","(555)555-0218","person0218@example.com","","Service Finance","","","Dana Whitfield","3/1/2026","3/31/2026","All","8/7/2026 3:00:10 PM","True"
"410073","FTMYR","FTMYR","Surname0219, Given0219","City0080","03/14/26","20134","57109","34923","Win","","","","Paid In Full","Modernize","0.0000","(555)555-0219","person0219@example.com","03/25/2026 - Xxxxx, Xxxxxxx - Xxxx XXX:
Xx xxx xxxx xxxxxxxx xxx xx xxxxxxx Xxxxxx xxxxxxxx.","Service Finance","","","Dana Whitfield","3/1/2026","3/31/2026","All","8/7/2026 3:00:10 PM","True"
"409389","ORL","ORL","Surname0220, Given0220","City0060","03/14/26","74515","57110","34922","Win","","","","Cancelled","Google","0.0000","(555)555-0220","person0220@example.com","","WaterCress","","","Dana Whitfield","3/1/2026","3/31/2026","All","8/7/2026 3:00:10 PM","True"
"411127","FTMYR","FTMYR","Surname0221, Given0221","City0091","03/14/26","12253","57111","34918","Win","","","","Paid In Full","Canvass","0.0000","(555)555-0221","person0221@example.com","","WaterCress","","","Dana Whitfield","3/1/2026","3/31/2026","All","8/7/2026 3:00:10 PM","True"
"410270","ORL","ORL","Surname0222, Given0222","City0042","03/14/26","27500","57112","34936","Win","","","","Awaiting Product","Canvass","27499","(555)555-0222","person0222@example.com","","YGrene","","","Dana Whitfield","3/1/2026","3/31/2026","All","8/7/2026 3:00:10 PM","True"
"374802","FTMYR","FTMYR","Surname0223, Given0223","City0000","03/14/26","54588","57113","34919","Win","","","","Cancelled","Canvass","0.0000","(555)555-0223","person0223@example.com","","Finance","","","Dana Whitfield","3/1/2026","3/31/2026","All","8/7/2026 3:00:10 PM","True"
"409774","JAX","JAX","Surname0224, Given0224","City0090","03/14/26","36690","57114","34901","Win","","","","Paid In Full","Modernize","0.0000","(555)555-0224","person0224@example.com","04/15/2026 - Xxxxxx, Xxxxxxx - XXX Xxxxxxxx xxxxxxxx xxx xxxxxxxx xx XX
**XX XXXX XXX-XXXXXXX XXX XXXXXXXXX XXX**","Service Finance","","","Dana Whitfield","3/1/2026","3/31/2026","All","8/7/2026 3:00:10 PM","True"
"90512","STPET","STPET","Surname0225, Given0225","City0043","03/14/26","3500","57115","34935","Win","","","","Sent To Attorney","Canvass","3500","(555)555-0225","person0225@example.com","03/25/2026 - Xxxxxx, Xxxxxxx - XXX Xxxxxxxx XXX Xxxxxx xxxxxxxx xxx xxxxxxxx xx XX
**XX XXXX XXX-Xxxxxxx xxx 03/20/26**","Cash","","","Dana Whitfield","3/1/2026","3/31/2026","All","8/7/2026 3:00:10 PM","True"
"410924","STPET","STPET","Surname0226, Given0226","City0043","03/14/26","35000","57116","35091","Win","","","","Credit Decline","Canvass Sticky","0.0000","(555)555-0226","","","Finance","","","Dana Whitfield","3/1/2026","3/31/2026","All","8/7/2026 3:00:10 PM","True"
"410996","ORL","ORL","Surname0227, Given0227","City0092","03/14/26","8500","57117","34925","Win","","","","Paid In Full","Canvass","0.0000","(555)555-0227","person0227@example.com","","Cash","","","Dana Whitfield","3/1/2026","3/31/2026","All","8/7/2026 3:00:10 PM","True"
"410949","STPET","STPET","Surname0228, Given0228","City0033","03/14/26","12500","57118","34989","Win","","","","Paid In Full","Google Organic","0.0000","(555)555-0228","","","Medallion Bank","","","Dana Whitfield","3/1/2026","3/31/2026","All","8/7/2026 3:00:10 PM","True"
"409748","BOCA","BOCA","Surname0229, Given0229","City0020","03/14/26","11665","57119","34905","Win","","","","Cancelled","Lead Gurus","0.0000","(555)555-0229","person0229@example.com","","Medallion Bank","","","Dana Whitfield","3/1/2026","3/31/2026","All","8/7/2026 3:00:10 PM","True"
"410875","SAR","SAR","Surname0230, Given0230","City0093","03/14/26","47065","57120","34990","Win","","","","Paid In Full","5 Star","0.0000","(555)555-0230","person0230@example.com","04/21/2026 - Xxxxxx, Xxxxxxx - XXX Xxxxxxxx xxxxxxxx xxx xxxxxxxx xx XX.","Service Finance","","","Dana Whitfield","3/1/2026","3/31/2026","All","8/7/2026 3:00:10 PM","True"
"411118","ORL","ORL","Surname0231, Given0231","City0092","03/14/26","6406","57121","34938","Win","","","","Paid In Full","Canvass","0.0000","(555)555-0231","person0231@example.com","","Service Finance","","","Dana Whitfield","3/1/2026","3/31/2026","All","8/7/2026 3:00:10 PM","True"
"411333","FTMYR","FTMYR","Surname0232, Given0232","City0094","03/14/26","39000","57122","NEW","Win","","","","Credit Decline","Canvass","0.0000","(555)555-0232","","","Finance","","","Dana Whitfield","3/1/2026","3/31/2026","All","8/7/2026 3:00:10 PM","True"
"410957","MIAMI","MIAMI","Surname0233, Given0233","City0009","03/14/26","32438","57123","34906","Win","","","","Dead Deal","Lead Gurus","0.0000","(555)555-0233","person0233@example.com","","Finance","","","Dana Whitfield","3/1/2026","3/31/2026","All","8/7/2026 3:00:10 PM","True"
"410876","ORL","ORL","Surname0234, Given0234","City0095","03/14/26","22300","57124","34940","Win","","","","Paid In Full","MVP Marketing","0.0000","(555)555-0234","person0234@example.com","","Cash","","","Dana Whitfield","3/1/2026","3/31/2026","All","8/7/2026 3:00:10 PM","True"
"411331","FTMYR","FTMYR","Surname0235, Given0235","City0096","03/14/26","11470","57125","34921","Win","","","","Paid In Full","Reece ChatBot","0.0000","(555)555-0235","person0235@example.com","04/01/2026 - Xxxxx, Xxxxxxx - XXX xxxxxxxx xxxxxxxx","Service Finance","","","Dana Whitfield","3/1/2026","3/31/2026","All","8/7/2026 3:00:10 PM","True"
"409589","FTMYR","FTMYR","Surname0236, Given0236","City0026","03/14/26","44000","57152","34960","Win","","","","Paid In Full","LeadPilot","0.0000","(555)555-0236","person0236@example.com","","Pure Finance","","","Dana Whitfield","3/1/2026","3/31/2026","All","8/7/2026 3:00:10 PM","True"
"410489","STPET","STPET","Surname0237, Given0237","City0097","03/15/26","34225","57126","34991","Win","","","","Paid In Full","Lead Gurus","0.0000","(555)555-0237","person0237@example.com","03/24/2026 - Xxxxxx, Xxxxxxx - XXX Xxxxxxxx xxxxxxxx xxx xxxxxxxx xx XX
**XX XXXX XXX-Xxxxxxx xxx 03/20/26**","Service Finance","","","Dana Whitfield","3/1/2026","3/31/2026","All","8/7/2026 3:00:10 PM","True"
"409947","FTMYR","FTMYR","Surname0238, Given0238","City0016","03/15/26","11500","57127","NEW","Win","","","","Credit Decline","Canvass","0.0000","(555)555-0238","person0238@example.com","","Finance","","","Dana Whitfield","3/1/2026","3/31/2026","All","8/7/2026 3:00:10 PM","True"
"411259","STPET","STPET","Surname0239, Given0239","City0043","03/15/26","28500","57128","34955","Win","","","","Cancelled","Lead Gurus","0.0000","(555)555-0239","person0239@example.com","","Finance","","","Dana Whitfield","3/1/2026","3/31/2026","All","8/7/2026 3:00:10 PM","True"
"409060","ORL","ORL","Surname0240, Given0240","City0001","03/16/26","3998","57130","34945","Door","","","","Credit Decline","Lead Gurus","0.0000","(555)555-0240","person0240@example.com","","Finance","","","Dana Whitfield","3/1/2026","3/31/2026","All","8/7/2026 3:00:10 PM","True"
"411045","FTMYR","FTMYR","Surname0241, Given0241","City0021","03/16/26","27456","57131","34926","Win","","","","Product Received","Canvass","13728","(555)555-0241","","","Cash","","","Dana Whitfield","3/1/2026","3/31/2026","All","8/7/2026 3:00:10 PM","True"
"410968","FTMYR","FTMYR","Surname0242, Given0242","City0026","03/16/26","19174","57132","34927","Win","","","","Paid In Full","Canvass","0.0000","(555)555-0242","person0242@example.com","","WaterCress","","","Dana Whitfield","3/1/2026","3/31/2026","All","8/7/2026 3:00:10 PM","True"
"410240","SAR","SAR","Surname0243, Given0243","City0021","03/16/26","26300","57133","34980","Win","","","","Product Received","Lead Gurus","26299","(555)555-0243","person0243@example.com","","Service Finance","","","Dana Whitfield","3/1/2026","3/31/2026","All","8/7/2026 3:00:10 PM","True"
"394278","SAR","SAR","Surname0244, Given0244","City0008","03/16/26","67349","57134","34992","Win","","","","Installed & Unpaid","Lead Gurus","49599","(555)555-0244","person0244@example.com","","Renew Finance","Service Finance","","Dana Whitfield","3/1/2026","3/31/2026","All","8/7/2026 3:00:10 PM","True"
"410816","JAX","JAX","Surname0245, Given0245","City0022","03/16/26","26971","57135","34970","Win","","","","Paid In Full","Lead Gurus","0.0000","(555)555-0245","person0245@example.com","","Cash","","","Dana Whitfield","3/1/2026","3/31/2026","All","8/7/2026 3:00:10 PM","True"
"411258","ORL","ORL","Surname0246, Given0246","City0060","03/16/26","12615","57136","35058","Win","","","","Credit Decline","Lead Gurus","0.0000","(555)555-0246","person0246@example.com","","Finance","","","Dana Whitfield","3/1/2026","3/31/2026","All","8/7/2026 3:00:10 PM","True"
"411593","MIAMI","MIAMI","Surname0247, Given0247","City0009","03/16/26","27529","57137","34930","Win","","","","Credit Decline","Lead Gurus","0.0000","(555)555-0247","person0247@example.com","","YGrene","","","Dana Whitfield","3/1/2026","3/31/2026","All","8/7/2026 3:00:10 PM","True"
"410239","ORL","ORL","Surname0248, Given0248","City0046","03/16/26","16492","57138","34933","Win","","","","Paid In Full","Lead Gurus","0.0000","(555)555-0248","person0248@example.com","","WaterCress","","","Dana Whitfield","3/1/2026","3/31/2026","All","8/7/2026 3:00:10 PM","True"
"411643","ORL","ORL","Surname0249, Given0249","City0042","03/16/26","23560","57139","34948","Win","","","","Paid In Full","Lead Gurus","0.0000","(555)555-0249","person0249@example.com","03/17/2026 - Xxxxxx, Xxxxxxx - Xxxxxxxxx'x Xxxxxxxxxxx XXX Xxxxxxxx
XXX Xxxx Xxxxx Xxxxx
Xxxxxxx Xxxxxx XXX
XXX Xxxxxxx XXX
XXX Xxxxx 123-456-7890
XXX Xxxxx Xxx","Cash","","","Dana Whitfield","3/1/2026","3/31/2026","All","8/7/2026 3:00:10 PM","True"
"411768","FTMYR","FTMYR","Surname0250, Given0250","City0056","03/16/26","10551","57140","34932","Win","","","","Dead Deal","Canvass","-250","(555)555-0250","person0250@example.com","04/08/2026 - Xxxxx, Xxxxxxx - Xxxxxxx xxxxx xxx & xxx:

Xxx xx xxxxxxx xxx xxxxxx xxxxx xxxxxx? X xxxx xxxx xx xxxx xx X xxxxxx xxxxx xxxxxxx xx xxxx XXX xx xxx?","Cash","","","Dana Whitfield","3/1/2026","3/31/2026","All","8/7/2026 3:00:10 PM","True"
"411700","FTLAU","FTLAU","Surname0251, Given0251","City0098","03/16/26","22749","57141","34929","Win","","","","Cancelled","Lead Gurus","0.0000","(555)555-0251","person0251@example.com","03/17/2026 - Xxxxx, Xxxxx - XXX xxxxxxxx","Service Finance","","","Dana Whitfield","3/1/2026","3/31/2026","All","8/7/2026 3:00:10 PM","True"
"408987","ORL","ORL","Surname0252, Given0252","City0099","03/16/26","22000","57142","34941","Win","","","","Paid In Full","Modernize","0.0000","(555)555-0252","person0252@example.com","04/06/2026 - Xxxxx, Xxxxxxxx - XXX xxxxxxxx","Service Finance","","","Dana Whitfield","3/1/2026","3/31/2026","All","8/7/2026 3:00:10 PM","True"
"411572","FTMYR","FTMYR","Surname0253, Given0253","City0014","03/16/26","34826","57143","34937","Win","","","","Credit Decline","Lead Gurus","0.0000","(555)555-0253","person0253@example.com","","Finance","","","Dana Whitfield","3/1/2026","3/31/2026","All","8/7/2026 3:00:10 PM","True"
"411569","FTMYR","FTMYR","Surname0254, Given0254","City0000","03/16/26","13715","57144","34939","Win","","","","Paid In Full","Lead Gurus","0.0000","(555)555-0254","person0254@example.com","","Service Finance","","","Dana Whitfield","3/1/2026","3/31/2026","All","8/7/2026 3:00:10 PM","True"
"411513","STPET","STPET","Surname0255, Given0255","City0100","03/16/26","29572","57145","34993","Win","","","","Paid In Full","Facebook","0.0000","(555)555-0255","person0255@example.com","03/26/2026 - Xxxxxx, Xxxxxxx - XXX Xxxxxxxx xxxxxxxx xxx xxxxxxxx xx XX
**XX XXXX XXX-Xxxxxxx xxx 03/21/26**

**Xxxx Xxxxxx xx xxxxxx, xxxxxx xxxx xxxx xx xxxx xx xxx xx xxxx xx XXX**","Medallion Bank","","","Dana Whitfield","3/1/2026","3/31/2026","All","8/7/2026 3:00:10 PM","True"
"407801","STPET","STPET","Surname0256, Given0256","City0078","03/17/26","11921","57146","34994","Win","","","","Cancelled By Mgt","Customer Referral","0.0000","(555)555-0256","person0256@example.com","","Service Finance","","","Dana Whitfield","3/1/2026","3/31/2026","All","8/7/2026 3:00:10 PM","True"
"410952","ORL","ORL","Surname0257, Given0257","City0101","03/17/26","19984","57147","35017","Win","","","","Paid In Full","Google Service Ads","0.0000","(555)555-0257","person0257@example.com","","Cash","","","Dana Whitfield","3/1/2026","3/31/2026","All","8/7/2026 3:00:10 PM","True"
"401708","STPET","STPET","Surname0258, Given0258","City0043","03/17/26","11313","57148","34995","Win","","","","Paid In Full","Modernize","0.0000","(555)555-0258","person0258@example.com","","Service Finance","","","Dana Whitfield","3/1/2026","3/31/2026","All","8/7/2026 3:00:10 PM","True"
"411906","FTMYR","FTMYR","Surname0259, Given0259","City0056","03/17/26","16564","57149","34954","Win","","","","Paid In Full","Canvass","0.0000","(555)555-0259","person0259@example.com","","Cash","","","Dana Whitfield","3/1/2026","3/31/2026","All","8/7/2026 3:00:10 PM","True"
"334456","ORL","ORL","Surname0260, Given0260","City0102","03/17/26","18000","57150","34981","Win","","","","Paid In Full","Lead Gurus","0.0000","(555)555-0260","person0260@example.com","","WaterCress","","","Dana Whitfield","3/1/2026","3/31/2026","All","8/7/2026 3:00:10 PM","True"
"411477","SAR","SAR","Surname0261, Given0261","City0008","03/17/26","5963","57151","34997","Win","","","","Paid In Full","Lead Gurus","0.0000","(555)555-0261","person0261@example.com","","Service Finance","","","Dana Whitfield","3/1/2026","3/31/2026","All","8/7/2026 3:00:10 PM","True"
"238618","","MIAMI","Surname0262, Given0262","City0103","03/17/26","60815","57153","35004","Win","","","","Dead Deal","Lead Gurus","0.0000","(555)555-0262","person0262@example.com","03/20/2026 - Xxxxx, Xxxxx - Xxx xxxxxxxx***XXX***
XXX xxxxxxxx
Xxxx Xxxx Xxxxxxxxx Xxxxxxxxxxx
1541 XX 12 Xxx Xxxxx 37
Xxxxxxxxx, XX 33034
xxxxxxxx@xxxxx.xxx


XXX xxxxxxxx

Xxxxxx xx Xxxxxx","Service Finance","","","Dana Whitfield","3/1/2026","3/31/2026","All","8/7/2026 3:00:10 PM","True"
"411799","FTMYR","FTMYR","Surname0263, Given0263","City0016","03/17/26","19106","57154","34963","Win","","","","Paid In Full","Canvass","0.0000","(555)555-0263","person0263@example.com","","Service Finance","","","Dana Whitfield","3/1/2026","3/31/2026","All","8/7/2026 3:00:10 PM","True"
"52564","SAR","SAR","Surname0264, Given0264","City0008","03/17/26","11392","57155","34973","Door","","","","Paid In Full","Canvass","0.0000","(555)555-0264","person0264@example.com","","Cash","","","Dana Whitfield","3/1/2026","3/31/2026","All","8/7/2026 3:00:10 PM","True"
"378303","LAKE","LAKE","Surname0265, Given0265","City0104","03/17/26","21876","57156","34967","Win","","","","Cancelled","Lead Gurus","0.0000","(555)555-0265","person0265@example.com","03/18/2026 - Xxxxx, Xxxxxxxx - Xxxxxxxxx'x Xxxxxxxxxxx XXX Xxxxxxxx
XXX Xxxx Xxxxxxxx Xxx
Xxxxxxx Xxxxxx Xxxxxx
XXX Xxxxxxx Xxxxxxxx Xxxxxxx Xxxxxx
XXX Xxxxx 863-427-7100
XXX Xxxxx Xxxxxxxxxx@xxx.xxx
","Cash","","","Dana Whitfield","3/1/2026","3/31/2026","All","8/7/2026 3:00:10 PM","True"
"411764","FTMYR","FTMYR","Surname0266, Given0266","City0105","03/17/26","41592","57157","34964","Win","","","","Paid In Full","Canvass","0.0000","(555)555-0266","person0266@example.com","","Cash","","","Dana Whitfield","3/1/2026","3/31/2026","All","8/7/2026 3:00:10 PM","True"
"410121","FTMYR","FTMYR","Surname0267, Given0267","City0026","03/17/26","23237","57158","34962","Win","","","","Scheduled","Lead Gurus","22987","(555)555-0267","person0267@example.com","06/10/2026 - Xxxxx, Xxxxxxx - Xxxx XXX:
Xxxx xxxxxxx, 

                Xxxxxx xxx xxx xxxxxxxx xxxx xxx xxxxxxxxxxx xx Xxxxxxxx XX xxx xx xxxx xx xxx XXX xxxxxxxxxxx. 

10.1 Xxxx xxxxx xxx xxxxxxxxxxxxxx xxxxx xx xxxxxx xxxxxxxx xx xxx xxxxxxx xx xxx Xxxxx xx xxx xxxxxxxxxx xxxxxxxxx xx xxxxxxx xx xxxxxxxxxx xxxx xxxxxx xxxxxx (30) xxxx xxxxx xxxx xxx xxx xxxxxxxxxx xxxxxxxxxxx xxxxxxxxxx xxxxxxxxx xx xxx Xxxxx xx xxxxxxxxx xxxx xxxx xxxxxxxxx xxx xxxxxx.
","Service Finance","","","Dana Whitfield","3/1/2026","3/31/2026","All","8/7/2026 3:00:10 PM","True"
"411334","LAKE","LAKE","Surname0268, Given0268","City0011","03/17/26","5477","57159","35051","Win","","","","Cancelled","Lead Gurus","0.0000","(555)555-0268","person0268@example.com","","WaterCress","","","Dana Whitfield","3/1/2026","3/31/2026","All","8/7/2026 3:00:10 PM","True"
"379773","STPET","STPET","Surname0269, Given0269","City0037","03/17/26","32275","57160","34998","Win","","","","Paid In Full","Previous Customer","0.0000","(555)555-0269","person0269@example.com","04/08/2026 - Xxxxxx, Xxxxxxx - XXX Xxxxxxxx xxxxxxxx xxx xxxxxxxx xx XX
**XX XXXX XXX-Xxxxxxx xxx 03/24/26**","Cash","","","Dana Whitfield","3/1/2026","3/31/2026","All","8/7/2026 3:00:10 PM","True"
"412032","ORL","ORL","Surname0270, Given0270","City0046","03/17/26","22648","57161","34985","Win","","","","Paid In Full","Lead Gurus","0.0000","(555)555-0270","person0270@example.com","03/23/2026 - Xxxxx, Xxxxxxxx - XXX xxxxxxxx","WaterCress","","","Dana Whitfield","3/1/2026","3/31/2026","All","8/7/2026 3:00:10 PM","True"
"249824","FTMYR","FTMYR","Surname0271, Given0271","City0056","03/17/26","17664","57162","34965","Win","","","","Paid In Full","Canvass","0.0000","(555)555-0271","person0271@example.com","","Service Finance","","","Dana Whitfield","3/1/2026","3/31/2026","All","8/7/2026 3:00:10 PM","True"
"411829","FTMYR","FTMYR","Surname0272, Given0272","City0056","03/17/26","17826","57163","34961","Win","","","","Paid In Full","Canvass","0.0000","(555)555-0272","person0272@example.com","","Medallion Bank","","","Dana Whitfield","3/1/2026","3/31/2026","All","8/7/2026 3:00:10 PM","True"
"412197","SAR","SAR","Surname0273, Given0273","City0008","03/17/26","65000","57164","34999","Win","","","","Cancelled","Google PPC Windows","0.0000","(555)555-0273","person0273@example.com","","Cash","","","Dana Whitfield","3/1/2026","3/31/2026","All","8/7/2026 3:00:10 PM","True"
"412352","STPET","STPET","Surname0274, Given0274","City0106","03/17/26","10000","57165","35000","Door","","","","Cancelled","Canvass","0.0000","(555)555-0274","person0274@example.com","","Cash","","","Dana Whitfield","3/1/2026","3/31/2026","All","8/7/2026 3:00:10 PM","True"
"411099","JAX","JAX","Surname0275, Given0275","City0022","03/17/26","23353","57166","34969","Win","","","","Paid In Full","MyHomePros","0.0000","(555)555-0275","person0275@example.com","","Service Finance","","","Dana Whitfield","3/1/2026","3/31/2026","All","8/7/2026 3:00:10 PM","True"
"411816","ORL","ORL","Surname0276, Given0276","City0089","03/17/26","12419","57454","35280","Win","","","","Paid In Full","Canvass","0.0000","(555)555-0276","person0276@example.com","","WaterCress","","","Dana Whitfield","3/1/2026","3/31/2026","All","8/7/2026 3:00:10 PM","True"
"344332","FTMYR","FTMYR","Surname0277, Given0277","City0014","03/18/26","24203","57167","34966","Win","","","","Paid In Full","Previous Customer","0.0000","(555)555-0277","person0277@example.com","04/21/2026 - Xxxxx, Xxxxxxx - XXX xxxxxxxx xxxxxxxx","WaterCress","","","Dana Whitfield","3/1/2026","3/31/2026","All","8/7/2026 3:00:10 PM","True"
"411421","SAR","SAR","Surname0278, Given0278","City0008","03/18/26","11776","57168","35001","Win","","","","Paid In Full","Lead Gurus","0.0000","(555)555-0278","person0278@example.com","","Service Finance","","","Dana Whitfield","3/1/2026","3/31/2026","All","8/7/2026 3:00:10 PM","True"
"412365","FTLAU","FTLAU","Surname0279, Given0279","City0030","03/18/26","9950","57169","34968","Win","","","","Paid In Full","Canvass","0.0000","(555)555-0279","person0279@example.com","","Credit Card","","","Dana Whitfield","3/1/2026","3/31/2026","All","8/7/2026 3:00:10 PM","True"
"411770","ORL","ORL","Surname0280, Given0280","City0107","03/18/26","18000","57170","34987","Win","","","","Paid In Full","Lead Gurus","0.0000","(555)555-0280","person0280@example.com","","WaterCress","","","Dana Whitfield","3/1/2026","3/31/2026","All","8/7/2026 3:00:10 PM","True"
"411630","STPET","STPET","Surname0281, Given0281","City0033","03/18/26","21955","57171","35034","Win","","","","PIF Survey Ready","Lead Gurus","0.0000","(555)555-0281","person0281@example.com","","Service Finance","","","Dana Whitfield","3/1/2026","3/31/2026","All","8/7/2026 3:00:10 PM","True"
"410408","STPET","STPET","Surname0282, Given0282","City0108","03/18/26","7599","57172","35038","Win","","","","Credit Decline","Lead Gurus","-250","(555)555-0282","person0282@example.com","04/08/2026 - Xxxxxx, Xxxxxxx - Xxxxxxx XXX xxxxxx xx xxx xxxxx xxxxxxxx xxxx xx xxxxxxx.","Pure Finance","","","Dana Whitfield","3/1/2026","3/31/2026","All","8/7/2026 3:00:10 PM","True"
"410752","ORL","ORL","Surname0283, Given0283","City0109","03/18/26","9645","57173","34978","Win","","","","Paid In Full","Lead Gurus","0.0000","(555)555-0283","person0283@example.com","04/30/2026 - Xxxxx, Xxxxxxxx - XXX xxxxxxxx","WaterCress","","","Dana Whitfield","3/1/2026","3/31/2026","All","8/7/2026 3:00:10 PM","True"
"203856","FTMYR","FTMYR","Surname0284, Given0284","City0014","03/18/26","12958","57174","34975","Door","","","","Paid In Full","Canvass","0.0000","(555)555-0284","person0284@example.com","04/08/2026 - Xxxxx, Xxxxxxx - XXX xxxxxxxx xxxxxxxx","Cash","","","Dana Whitfield","3/1/2026","3/31/2026","All","8/7/2026 3:00:10 PM","True"
"412233","ORL","ORL","Surname0285, Given0285","City0110","03/18/26","25848","57175","34979","Win","","","","Paid In Full","Canvass","0.0000","(555)555-0285","person0285@example.com","","Pure Finance","","","Dana Whitfield","3/1/2026","3/31/2026","All","8/7/2026 3:00:10 PM","True"
"411774","FTMYR","FTMYR","Surname0286, Given0286","City0016","03/18/26","34000","57176","34974","Win","","","","Paid In Full","Canvass","0.0000","(555)555-0286","person0286@example.com","","Credit Card","","","Dana Whitfield","3/1/2026","3/31/2026","All","8/7/2026 3:00:10 PM","True"
"411769","STPET","STPET","Surname0287, Given0287","City0002","03/18/26","20700","57178","35042","Win","","","","Paid In Full","Customer Referral","0.0000","(555)555-0287","person0287@example.com","04/10/2026 - Xxxxxx, Xxxxxxx - XXX Xxxxxxxx xxxxxxxx xxx xxxxxxxx xx XX.","Cash","","","Dana Whitfield","3/1/2026","3/31/2026","All","8/7/2026 3:00:10 PM","True"
"411793","SAR","SAR","Surname0288, Given0288","City0063","03/18/26","23711","57179","35041","Win","","","","Paid In Full","Canvass","0.0000","(555)555-0288","person0288@example.com","","Service Finance","","","Dana Whitfield","3/1/2026","3/31/2026","All","8/7/2026 3:00:10 PM","True"
"412235","FTMYR","FTMYR","Surname0289, Given0289","City0026","03/18/26","16510","57180","34984","Win","","","","Paid In Full","Canvass","0.0000","(555)555-0289","person0289@example.com","","Cash","","","Dana Whitfield","3/1/2026","3/31/2026","All","8/7/2026 3:00:10 PM","True"
"411977","ORL","ORL","Surname0290, Given0290","City0003","03/18/26","12841","57181","35052","Win","","","","Credit Decline","Lead Gurus","0.0000","(555)555-0290","person0290@example.com","","Finance","","","Dana Whitfield","3/1/2026","3/31/2026","All","8/7/2026 3:00:10 PM","True"
"411845","LAKE","LAKE","Surname0291, Given0291","City0011","03/18/26","28500","57182","35020","Win","","","","Paid In Full","Google PPC Windows","0.0000","(555)555-0291","person0291@example.com","","Cash","","","Dana Whitfield","3/1/2026","3/31/2026","All","8/7/2026 3:00:10 PM","True"
"307165","FTMYR","FTMYR","Surname0292, Given0292","City0000","03/18/26","26700","57183","34983","Win","","","","Paid In Full","Canvass","0.0000","(555)555-0292","person0292@example.com","","WaterCress","","","Dana Whitfield","3/1/2026","3/31/2026","All","8/7/2026 3:00:10 PM","True"
"412151","BOCA","BOCA","Surname0293, Given0293","City0055","03/18/26","49359","57184","34976","Win","","","","Paid In Full","Modernize","0.0000","(555)555-0293","person0293@example.com","04/14/2026 - Xxxxx, Xxxxx - XXX xxxxxxxx xxxxxxxx/xxxxxxxx

Xxxxxx xx Xxxxxx","Service Finance","","","Dana Whitfield","3/1/2026","3/31/2026","All","8/7/2026 3:00:10 PM","True"
"98757","SAR","SAR","Surname0294, Given0294","City0008","03/18/26","11271","57185","35019","SGD","","","","Paid In Full","Canvass","0.0000","(555)555-0294","person0294@example.com","","Cash","","","Dana Whitfield","3/1/2026","3/31/2026","All","8/7/2026 3:00:10 PM","True"
"87537","FTMYR","FTMYR","Surname0295, Given0295","City0000","03/18/26","19000","57186","34982","Win","","","","Paid In Full","Canvass","0.0000","(555)555-0295","person0295@example.com","","WaterCress","","","Dana Whitfield","3/1/2026","3/31/2026","All","8/7/2026 3:00:10 PM","True"
"412546","STPET","STPET","Surname0296, Given0296","City0111","03/18/26","27450","57187","35043","Win","","","","Paid In Full","Google PPC PMAX","0.0000","(555)555-0296","person0296@example.com","03/24/2026 - Xxxxxx, Xxxxxxx - XXX Xxxxxxxx xxxxxxxx xxx xxxxxxxx xx XX
**XX XXXX XXX-Xxxxxxx xxxxxxxxx 03/24/26**","Medallion Bank","","","Dana Whitfield","3/1/2026","3/31/2026","All","8/7/2026 3:00:10 PM","True"
"148490","FTMYR","FTMYR","Surname0297, Given0297","City0016","03/18/26","17075","57188","34986","Win","","","","Credit Decline","Lead Gurus","0.0000","(555)555-0297","person0297@example.com","","Finance","","","Dana Whitfield","3/1/2026","3/31/2026","All","8/7/2026 3:00:10 PM","True"
"412177","ORL","ORL","Surname0298, Given0298","City0060","03/18/26","21550","57189","35021","Win","","","","Paid In Full","Lead Gurus","0.0000","(555)555-0298","person0298@example.com","","Credit Card","","","Dana Whitfield","3/1/2026","3/31/2026","All","8/7/2026 3:00:10 PM","True"
"412496","ORL","ORL","Surname0299, Given0299","City0017","03/18/26","7462","57190","34988","Win","","","","Paid In Full","HomeBuddy","0.0000","(555)555-0299","person0299@example.com","03/23/2026 - Xxxxx, Xxxxxxxx - XXX xxxxxxxx","Cash","","","Dana Whitfield","3/1/2026","3/31/2026","All","8/7/2026 3:00:10 PM","True"
"411709","STPET","STPET","Surname0300, Given0300","City0079","03/18/26","11300","57191","35040","Win","","","","Paid In Full","Modernize","0.0000","(555)555-0300","person0300@example.com","","Medallion Bank","","","Dana Whitfield","3/1/2026","3/31/2026","All","8/7/2026 3:00:10 PM","True"
"405439","FTLAU","FTLAU","Surname0301, Given0301","City0072","03/18/26","28774","57192","34977","Win","","","","Dead Deal","Lead Gurus","0.0000","(555)555-0301","person0301@example.com","03/19/2026 - Xxxxx, Xxxxx - Xxx xxxxxxxx
XXX xxxxxxxx
Xxxxxxxx Xxxxxxx Xxxx
x/x Xxxx Xxxxxxxx Xxxxxxxxxx
1815 Xxxxxxx Xxxx
Xxxxx 101
Xxxxx Xxxxx, XX 33004
954-289-4873
XXXXXXXXXXXX@XXXX .XXX

XXX xxxxxxxx

Xxxxxx xx Xxxxxx


","Finance","","","Dana Whitfield","3/1/2026","3/31/2026","All","8/7/2026 3:00:10 PM","True"
"412507","STPET","STPET","Surname0302, Given0302","City0112","03/18/26","24500","57193","35050","Win","","","","Credit Decline","Canvass","0.0000","(555)555-0302","person0302@example.com","","Finance","","","Dana Whitfield","3/1/2026","3/31/2026","All","8/7/2026 3:00:10 PM","True"
"412124","JAX","JAX","Surname0303, Given0303","City0113","03/18/26","10587","57194","35003","Win","","","","Paid In Full","Lead Gurus","0.0000","(555)555-0303","person0303@example.com","","Cash","","","Dana Whitfield","3/1/2026","3/31/2026","All","8/7/2026 3:00:10 PM","True"
"412045","STPET","STPET","Surname0304, Given0304","City0007","03/18/26","21900","57195","35039","Win","","","","Paid In Full","Lead Gurus","0.0000","(555)555-0304","person0304@example.com","","Service Finance","","","Dana Whitfield","3/1/2026","3/31/2026","All","8/7/2026 3:00:10 PM","True"
"411461","JAX","JAX","Surname0305, Given0305","City0114","03/18/26","24214","57197","35002","Win","","","","Cancelled","Lead Gurus","-1","(555)555-0305","person0305@example.com","04/01/2026 - Xxxxxx, Xxxxxxx - XXX Xxxxxxxx XXX Xxxxxx xxxxxxxx xxx xxxxxxxx xx XX
**XX XXXX XXX-Xxxxxxx Xxx Xxxxxxxxx**","Service Finance","","","Dana Whitfield","3/1/2026","3/31/2026","All","8/7/2026 3:00:10 PM","True"
"290495","STPET","STPET","Surname0306, Given0306","City0043","03/19/26","10675","57198","35073","Door","","","","Paid In Full","Canvass","0.0000","(555)555-0306","person0306@example.com","05/04/2026 - Xxxxxx, Xxxxxxx - XXX Xxxxxxxx xxxxxxxx xxx xxxxxxxx xx XX.","WaterCress","","","Dana Whitfield","3/1/2026","3/31/2026","All","8/7/2026 3:00:10 PM","True"
"359068","SAR","SAR","Surname0307, Given0307","City0027","03/19/26","21942","57199","35076","Win","","","","Paid In Full","Canvass","0.0000","(555)555-0307","person0307@example.com","04/22/2026 - Xxxxxx, Xxxxxxx - XXX Xxxxxxxx xxxxxxxx xxx xxxxxxxx xx XX.","Service Finance","","","Dana Whitfield","3/1/2026","3/31/2026","All","8/7/2026 3:00:10 PM","True"
"412262","STPET","STPET","Surname0308, Given0308","City0015","03/19/26","25347","57200","35077","Win","","","","Cancelled","Canvass","0.0000","(555)555-0308","person0308@example.com","","Pure Finance","","","Dana Whitfield","3/1/2026","3/31/2026","All","8/7/2026 3:00:10 PM","True"
"393788","SAR","SAR","Surname0309, Given0309","City0027","03/19/26","25200","57201","35075","Win","","","","Credit Decline","MVP Marketing","0.0000","(555)555-0309","person0309@example.com","","Finance","","","Dana Whitfield","3/1/2026","3/31/2026","All","8/7/2026 3:00:10 PM","True"
"412710","STPET","STPET","Surname0310, Given0310","City0106","03/19/26","46677","57202","35063","Win","","","","Paid In Full","Canvass","0.0000","(555)555-0310","person0310@example.com","","Service Finance","","","Dana Whitfield","3/1/2026","3/31/2026","All","8/7/2026 3:00:10 PM","True"
"412841","STPET","STPET","Surname0311, Given0311","City0115","03/19/26","28000","57203","35062","Win","","","","Paid In Full","Lead Gurus","0.0000","(555)555-0311","person0311@example.com","","Service Finance","","","Dana Whitfield","3/1/2026","3/31/2026","All","8/7/2026 3:00:10 PM","True"
"412046","SAR","SAR","Surname0312, Given0312","City0035","03/19/26","24030","57204","35080","Win","","","","Paid In Full","Google","0.0000","(555)555-0312","person0312@example.com","03/27/2026 - Xxxxxx, Xxxxxxx - XXX Xxxxxxxx xxxxxxxx xxx xxxxxxxx xx XX
**XX XXXX XXX-Xxxxxxx xxx 03/25/26**","Service Finance","","","Dana Whitfield","3/1/2026","3/31/2026","All","8/7/2026 3:00:10 PM","True"
"412765","FTMYR","FTMYR","Surname0313, Given0313","City0014","03/19/26","85902","57205","35007","Door","","","","Paid In Full","Google","0.0000","(555)555-0313","person0313@example.com","","Cash","","","Dana Whitfield","3/1/2026","3/31/2026","All","8/7/2026 3:00:10 PM","True"
"412589","ORL","ORL","Surname0314, Given0314","City0017","03/19/26","21454","57206","35023","Win","","","","Paid In Full","Canvass","0.0000","(555)555-0314","person0314@example.com","03/23/2026 - Xxxxxx, Xxxxxxx - Xxxxxxxxx'x Xxxxxxxxxxx XXX Xxxxxxxx
XXX Xxxx Xxx xxxxxxxx Xxx
Xxxxxxx Xxxxxx Xxx xxxxxxxx
XXX Xxxxxxx 984 xxx xxxx xxx. Xxx xxxxxxxx xx 32162
XXX Xxxxx 352-751-3912
XXX Xxxxx xxxxxxxxxx@xxxxxxxxxxx.xxx","WaterCress","","","Dana Whitfield","3/1/2026","3/31/2026","All","8/7/2026 3:00:10 PM","True"
"412853","FTMYR","FTMYR","Surname0315, Given0315","City0014","03/19/26","24673","57207","35006","Win","","","","Paid In Full","Canvass","0.0000","(555)555-0315","person0315@example.com","","Cash","","","Dana Whitfield","3/1/2026","3/31/2026","All","8/7/2026 3:00:10 PM","True"
"412687","FTMYR","FTMYR","Surname0316, Given0316","City0016","03/19/26","9970","57208","35008","Win","","","","Cancelled","Canvass","0.0000","(555)555-0316","person0316@example.com","","Medallion Bank","","","Dana Whitfield","3/1/2026","3/31/2026","All","8/7/2026 3:00:10 PM","True"
"412823","FTMYR","FTMYR","Surname0317, Given0317","City0000","03/19/26","13713","57209","35005","Win","","","","Paid In Full","Customer Referral","0.0000","(555)555-0317","person0317@example.com","04/08/2026 - Xxxxx, Xxxxxxx - XXX xxxxxxxx xxxxxxxx","Cash","","","Dana Whitfield","3/1/2026","3/31/2026","All","8/7/2026 3:00:10 PM","True"
"412609","ORL","ORL","Surname0318, Given0318","City0116","03/19/26","12126","57210","35053","Win","","","","Credit Decline","Canvass","0.0000","(555)555-0318","person0318@example.com","","Finance","","","Dana Whitfield","3/1/2026","3/31/2026","All","8/7/2026 3:00:10 PM","True"
"189886","FTMYR","FTMYR","Surname0319, Given0319","City0040","03/19/26","15545","57211","35009","Door","","","","Cancelled","Canvass","0.0000","(555)555-0319","","","WaterCress","","","Dana Whitfield","3/1/2026","3/31/2026","All","8/7/2026 3:00:10 PM","True"
"412123","STPET","STPET","Surname0320, Given0320","City0117","03/20/26","13820","57212","35085","Win","","","","Paid In Full","TownShowCase","0.0000","(555)555-0320","person0320@example.com","","WaterCress","","","Dana Whitfield","3/1/2026","3/31/2026","All","8/7/2026 3:00:10 PM","True"
"412883","FTMYR","FTMYR","Surname0321, Given0321","City0016","03/20/26","9787","57213","35010","Win","","","","Paid In Full","Lead Gurus","0.0000","(555)555-0321","person0321@example.com","","Service Finance","","","Dana Whitfield","3/1/2026","3/31/2026","All","8/7/2026 3:00:10 PM","True"
"412938","STPET","STPET","Surname0322, Given0322","City0053","03/20/26","18679","57214","35081","Win","","","","Credit Decline","Lead Gurus","0.0000","(555)555-0322","person0322@example.com","","Finance","","","Dana Whitfield","3/1/2026","3/31/2026","All","8/7/2026 3:00:10 PM","True"
"411549","SAR","SAR","Surname0323, Given0323","City0034","03/20/26","31045","57215","35082","Win","","","","Paid In Full","Website Estimate Calculator","0.0000","(555)555-0323","person0323@example.com","04/13/2026 - Xxxxxx, Xxxxxxx - XXX Xxxxxxxx xxxxxxxx xxx xxxxxxxx xx XX.","Cash","","","Dana Whitfield","3/1/2026","3/31/2026","All","8/7/2026 3:00:10 PM","True"
"413150","ORL","ORL","Surname0324, Given0324","City0089","03/20/26","12908","57216","35027","Win","","","","Dead Deal","Google PPC Windows","0.0000","(555)555-0324","person0324@example.com","03/23/2026 - Xxxxxx, Xxxxxxx - Xxxxxxxxx'x Xxxxxxxxxxx XXX Xxxxxxxx
XXX Xxxx Xxxxxx Xxxxx XXX
Xxxxxxx Xxxxxx Xxxxxx Xxxxxx
XXX Xxxxxxx 13601 Xxx Xxxx Xxxx
XXX Xxxxx 352-307-0696
XXX Xxxxx Xxxxxxx@xxxxxxxxxxxxxxxx.xxx","Cash","","","Dana Whitfield","3/1/2026","3/31/2026","All","8/7/2026 3:00:10 PM","True"
"239866","STPET","STPET","Surname0325, Given0325","City0043","03/20/26","15619","57217","35083","Win","","","","Paid In Full","Canvass","0.0000","(555)555-0325","person0325@example.com","05/04/2026 - Xxxxxx, Xxxxxxx - XXX Xxxxxxxx xxxxxxxx xxx xxxxxxxx xx XX xxxx xxx xxxxxxxxx xxxx xxx xxxxxxx xxx xxx xxxxxx.","Service Finance","","","Dana Whitfield","3/1/2026","3/31/2026","All","8/7/2026 3:00:10 PM","True"
"411520","STPET","STPET","Surname0326, Given0326","City0112","03/20/26","9694","57218","35084","Win","","","","Paid In Full","Facebook","0.0000","(555)555-0326","person0326@example.com","","Service Finance","","","Dana Whitfield","3/1/2026","3/31/2026","All","8/7/2026 3:00:10 PM","True"
"411848","FTMYR","FTMYR","Surname0327, Given0327","City0118","03/20/26","41000","57219","35030","Win","","","","Paid In Full","Self Generated","0.0000","(555)555-0327","person0327@example.com","","Cash","","","Dana Whitfield","3/1/2026","3/31/2026","All","8/7/2026 3:00:10 PM","True"
"412919","FTMYR","FTMYR","Surname0328, Given0328","City0040","03/20/26","13754","57220","35025","Win","","","","Paid In Full","Canvass","0.0000","(555)555-0328","person0328@example.com","03/24/2026 - Xxxxxx, Xxxxxxx - XXX Xxxxxxxx xxxxxxxx xxx xxxxxxxx xx XX
**XX XXXX XXX-Xxxxxxx xxxxxxxxx 03/24/26**","Service Finance","","","Dana Whitfield","3/1/2026","3/31/2026","All","8/7/2026 3:00:10 PM","True"
"413119","FTMYR","FTMYR","Surname0329, Given0329","City0056","03/20/26","17967","57221","35032","Win","","","","Cancelled","Lead Gurus","0.0000","(555)555-0329","person0329@example.com","03/23/2026 - Xxxxx, Xxxxxxx - XXX xxxx xxxxxxxx xx xxxxxxx xxxx xx xxx xxxxxxxxx","Service Finance","","","Dana Whitfield","3/1/2026","3/31/2026","All","8/7/2026 3:00:10 PM","True"
"132335","FTMYR","FTMYR","Surname0330, Given0330","City0041","03/20/26","12500","57222","35031","Win","","","","Dead Deal","Canvass","0.0000","(555)555-0330","","","Finance","","","Dana Whitfield","3/1/2026","3/31/2026","All","8/7/2026 3:00:10 PM","True"
"413131","ORL","ORL","Surname0331, Given0331","City0119","03/20/26","24441","57223","35026","Win","","","","Credit Decline","Reece ChatBot","0.0000","(555)555-0331","person0331@example.com","","YGrene","","","Dana Whitfield","3/1/2026","3/31/2026","All","8/7/2026 3:00:10 PM","True"
"413488","JAX","JAX","Surname0332, Given0332","City0022","03/20/26","17940","57224","35013","Win","","","","Cancelled","Self Generated","-16940","(555)555-0332","person0332@example.com","","Cash","","","Dana Whitfield","3/1/2026","3/31/2026","All","8/7/2026 3:00:10 PM","True"
"412303","FTMYR","FTMYR","Surname0333, Given0333","City0040","03/20/26","5200","57225","35024","Win","","","","Paid In Full","MyHomePros","0.0000","(555)555-0333","person0333@example.com","03/23/2026 - Xxxxx, Xxxxxxx - Xxxx Xxxxx xxxx xxx xxxxxxx XXX xxxxxxxx xxx xxxx xxx xxxx xxxxxxx","Credit Card","","","Dana Whitfield","3/1/2026","3/31/2026","All","8/7/2026 3:00:10 PM","True"
"413108","JAX","JAX","Surname0334, Given0334","City0022","03/20/26","27921","57226","35012","Win","","","","Paid In Full","Lead Gurus","0.0000","(555)555-0334","person0334@example.com","","WaterCress","","","Dana Whitfield","3/1/2026","3/31/2026","All","8/7/2026 3:00:10 PM","True"
"408648","STPET","STPET","Surname0335, Given0335","City0120","03/20/26","7212","57227","35086","Win","","","","Cancelled","Canvass","0.0000","(555)555-0335","person0335@example.com","03/27/2026 - Xxxxxx, Xxxxxxx - XXX XXX xxxx xx XXX xxx xxxxxx/xxxxxxxx.
Xxxx XXX xx Xxxxxxxx Xxxxx XXX
Xxxxxxx Xxxxxx Xxxxxxx Xxxxx
Xxxxxxx 3300 XxxXxxxxx Xx Xxxx Xxxxxx XX 34684
Xxxxx 7277841402
Xxxxx XXxxxx@xxxxxxxxxxxxxXxx.xxx
","Credit Card","","","Dana Whitfield","3/1/2026","3/31/2026","All","8/7/2026 3:00:10 PM","True"
"413170","STPET","STPET","Surname0336, Given0336","City0033","03/20/26","41523","57228","35087","Win","","","","Paid In Full","GetTheReferral.Com","0.0000","(555)555-0336","person0336@example.com","","WaterCress","","","Dana Whitfield","3/1/2026","3/31/2026","All","8/7/2026 3:00:10 PM","True"
"286639","FTMYR","FTMYR","Surname0337, Given0337","City0094","03/20/26","9076","57229","35029","Win","","","","Paid In Full","Lead Gurus","0.0000","(555)555-0337","person0337@example.com","","WaterCress","","","Dana Whitfield","3/1/2026","3/31/2026","All","8/7/2026 3:00:10 PM","True"
"183144","STPET","STPET","Surname0338, Given0338","City0069","03/21/26","7900","57230","35088","Win","","","","Paid In Full","Previous Customer","0.0000","(555)555-0338","person0338@example.com","04/13/2026 - Xxxxxx, Xxxxxxx - XXX Xxxxxxxx xxxxxxxx xxx xxxxxxxx xx XX","Credit Card","","","Dana Whitfield","3/1/2026","3/31/2026","All","8/7/2026 3:00:10 PM","True"
"412856","FTMYR","FTMYR","Surname0339, Given0339","City0014","03/21/26","12056","57231","35037","Win","","","","Paid In Full","Google PPC Windows","-0.2","(555)555-0339","person0339@example.com","","Service Finance","","","Dana Whitfield","3/1/2026","3/31/2026","All","8/7/2026 3:00:10 PM","True"
"209709","STPET","STPET","Surname0340, Given0340","City0043","03/21/26","9167","57232","35078","Win","","","","Paid In Full","Canvass","0.0000","(555)555-0340","person0340@example.com","04/10/2026 - Xxxxxx, Xxxxxxx - XXX Xxxxxxxx xxxxxxxx xxx xxxxxxxx xx XX","Cash","","","Dana Whitfield","3/1/2026","3/31/2026","All","8/7/2026 3:00:10 PM","True"
"413360","FTMYR","FTMYR","Surname0341, Given0341","City0094","03/21/26","24556","57233","35036","Win","","","","Paid In Full","Canvass","0.0000","(555)555-0341","person0341@example.com","","Medallion Bank","","","Dana Whitfield","3/1/2026","3/31/2026","All","8/7/2026 3:00:10 PM","True"
"412521","SAR","SAR","Surname0342, Given0342","City0008","03/21/26","77500","57234","35090","Win","","","","Paid In Full","Google Organic","0.0000","(555)555-0342","person0342@example.com","04/24/2026 - Xxxxxx, Xxxxxxx - XXX Xxxxxxxx xxxxxxxx xxx xxxxxxxx xx XX. 
","Service Finance","","","Dana Whitfield","3/1/2026","3/31/2026","All","8/7/2026 3:00:10 PM","True"
"412538","BOCA","BOCA","Surname0343, Given0343","City0013","03/21/26","35896","57235","35015","Win","","","","Paid In Full","Modernize","-1","(555)555-0343","person0343@example.com","04/24/2026 - Xxxxx, Xxxxx - XXX xxxxxxxx xxxxxxxx/xxxxxxxx","WaterCress","","","Dana Whitfield","3/1/2026","3/31/2026","All","8/7/2026 3:00:10 PM","True"
"413114","ORL","ORL","Surname0344, Given0344","City0060","03/21/26","17074","57236","35056","Win","","","","Credit Decline","Lead Gurus","0.0000","(555)555-0344","person0344@example.com","03/24/2026 - Xxxxxx, Xxxxxxx - Xxxxxxxxx'x Xxxxxxxxxxx XXX Xxxxxxxx
XXX Xxxx Xxxxxxxxx Xxxxxxxx XXX
Xxxxxxx Xxxxxx Xxxxxxx
XXX Xxxxxxx 2190 Xxxxxxxx Xxx
XXX Xxxxx 863-313-9300
XXX Xxxxx XXXXxxxxxxxxXxxxxxx@xxxxxxxxxxxxx.xxx","Finance","","","Dana Whitfield","3/1/2026","3/31/2026","All","8/7/2026 3:00:10 PM","True"
"410332","STPET","STPET","Surname0345, Given0345","City0053","03/21/26","14970","57237","35089","Win","","","","Paid In Full","Canvass","0.0000","(555)555-0345","person0345@example.com","04/29/2026 - Xxxxxx, Xxxxxxx - XXX Xxxxxxxx xxxxxxxx xxx xxxxxxxx xx XX.","Medallion Bank","","","Dana Whitfield","3/1/2026","3/31/2026","All","8/7/2026 3:00:10 PM","True"
"26045","STPET","STPET","Surname0346, Given0346","City0121","03/21/26","10500","57238","35079","Win","","","","Paid In Full","Canvass","0.0000","(555)555-0346","person0346@example.com","","Cash","","","Dana Whitfield","3/1/2026","3/31/2026","All","8/7/2026 3:00:10 PM","True"
"396166","FTMYR","FTMYR","Surname0347, Given0347","City0080","03/21/26","30000","57239","35033","Win","","","","Paid In Full","Canvass","0.0000","(555)555-0347","person0347@example.com","","Cash","","","Dana Whitfield","3/1/2026","3/31/2026","All","8/7/2026 3:00:10 PM","True"
"413345","ORL","ORL","Surname0348, Given0348","City0003","03/21/26","16702","57240","35061","Win","","","","Paid In Full","Lead Gurus","0.0000","(555)555-0348","person0348@example.com","","WaterCress","","","Dana Whitfield","3/1/2026","3/31/2026","All","8/7/2026 3:00:10 PM","True"
"413655","JAX","JAX","Surname0349, Given0349","City0022","03/21/26","16783","57241","35014","Win","","","","Credit Decline","HomeBuddy","0.0000","(555)555-0349","person0349@example.com","","Finance","","","Dana Whitfield","3/1/2026","3/31/2026","All","8/7/2026 3:00:10 PM","True"
"413676","ORL","ORL","Surname0350, Given0350","City0042","03/21/26","7000","57242","35018","Win","","","","Paid In Full","Canvass Sticky","0.0000","(555)555-0350","person0350@example.com","","Credit Card","","","Dana Whitfield","3/1/2026","3/31/2026","All","8/7/2026 3:00:10 PM","True"
"400860","ORL","ORL","Surname0351, Given0351","City0095","03/21/26","15000","57243","35028","Win","","","","Paid In Full","Modernize","0.0000","(555)555-0351","person0351@example.com","","Service Finance","","","Dana Whitfield","3/1/2026","3/31/2026","All","8/7/2026 3:00:10 PM","True"
"413439","STPET","STPET","Surname0352, Given0352","City0122","03/21/26","22540","57244","35099","Win","","","","Paid In Full","Modernize","0.0000","(555)555-0352","person0352@example.com","","Medallion Bank","","","Dana Whitfield","3/1/2026","3/31/2026","All","8/7/2026 3:00:10 PM","True"
"413338","STPET","STPET","Surname0353, Given0353","City0120","03/21/26","47000","57245","35101","Win","","","","Paid In Full","Canvass","0.0000","(555)555-0353","person0353@example.com","04/14/2026 - Xxxxxx, Xxxxxxx - XXX Xxxxxxxx xxxxxxxx xxx xxxxxxxx xx XX
**XX XXXX XXX-Xxxxxxx xxx 03/31/26**
","Cash","","","Dana Whitfield","3/1/2026","3/31/2026","All","8/7/2026 3:00:10 PM","True"
"413044","FTMYR","FTMYR","Surname0354, Given0354","City0123","03/21/26","16700","57246","NEW","Win","","","","Credit Decline","Canvass","0.0000","(555)555-0354","","","Finance","","","Dana Whitfield","3/1/2026","3/31/2026","All","8/7/2026 3:00:10 PM","True"
"413040","FTMYR","FTMYR","Surname0355, Given0355","City0016","03/21/26","17990","57247","35044","Win","","","","Paid In Full","Canvass","0.0000","(555)555-0355","person0355@example.com","","WaterCress","","","Dana Whitfield","3/1/2026","3/31/2026","All","8/7/2026 3:00:10 PM","True"
"413625","ORL","ORL","Surname0356, Given0356","City0003","03/21/26","15800","57248","35060","Win","","","","Cancelled","Porch101","0.0000","(555)555-0356","person0356@example.com","","Finance","","","Dana Whitfield","3/1/2026","3/31/2026","All","8/7/2026 3:00:10 PM","True"
"361104","BOCA","BOCA","Surname0357, Given0357","City0020","03/21/26","14816","57249","35016","Win","","","","Credit Decline","MySafeFloridaHome","0.0000","(555)555-0357","person0357@example.com","","Finance","","","Dana Whitfield","3/1/2026","3/31/2026","All","8/7/2026 3:00:10 PM","True"
"413255","JAX","JAX","Surname0358, Given0358","City0124","03/21/26","11147","57250","35011","","","","","Dead Deal","MVP Marketing","0.0000","(555)555-0358","person0358@example.com","","Finance","","","Dana Whitfield","3/1/2026","3/31/2026","All","8/7/2026 3:00:10 PM","True"
"413342","ORL","ORL","Surname0359, Given0359","City0005","03/21/26","36280","57251","35054","Win","","","","Credit Decline","Canvass","0.0000","(555)555-0359","person0359@example.com","","Finance","","","Dana Whitfield","3/1/2026","3/31/2026","All","8/7/2026 3:00:10 PM","True"
"161717","FTMYR","FTMYR","Surname0360, Given0360","City0014","03/21/26","20357","57252","35035","Win","","","","Paid In Full","Canvass","0.0000","(555)555-0360","person0360@example.com","","Medallion Bank","","","Dana Whitfield","3/1/2026","3/31/2026","All","8/7/2026 3:00:10 PM","True"
"412503","STPET","STPET","Surname0361, Given0361","City0007","03/21/26","7000","57253","35102","Win","","","","Paid In Full","TheHomeMag","0.0000","(555)555-0361","person0361@example.com","","Medallion Bank","","","Dana Whitfield","3/1/2026","3/31/2026","All","8/7/2026 3:00:10 PM","True"
"413744","SAR","SAR","Surname0362, Given0362","City0063","03/21/26","17963","57254","35113","Win","","","","Cancelled","Canvass","0.0000","(555)555-0362","","03/23/2026 - Xxxxxx, Xxxxxxx - Xxxxx xxxxxx xx xx xxxxxx xxx xxxxxxxx. Xxxxxxxxxxx xxx xx xxx xxxxxxxxxxxxx xxxxxxxxxx.","Finance","","","Dana Whitfield","3/1/2026","3/31/2026","All","8/7/2026 3:00:10 PM","True"
"413794","FTMYR","FTMYR","Surname0363, Given0363","City0000","03/22/26","9442","57255","35046","Win","","","","Cancelled","Canvass","0.0000","(555)555-0363","person0363@example.com","","Finance","","","Dana Whitfield","3/1/2026","3/31/2026","All","8/7/2026 3:00:10 PM","True"
"413262","FTMYR","FTMYR","Surname0364, Given0364","City0000","03/22/26","27000","57256","35045","Win","","","","Paid In Full","Canvass","0.0000","(555)555-0364","person0364@example.com","","Medallion Bank","","","Dana Whitfield","3/1/2026","3/31/2026","All","8/7/2026 3:00:10 PM","True"
"413567","ORL","ORL","Surname0365, Given0365","City0125","03/22/26","60296","57257","35055","Win","","","","Paid In Full","Lead Gurus","0.0000","(555)555-0365","person0365@example.com","","Service Finance","","","Dana Whitfield","3/1/2026","3/31/2026","All","8/7/2026 3:00:10 PM","True"
"413487","STPET","STPET","Surname0366, Given0366","City0068","03/22/26","17924","57258","35114","Win","","","","Credit Decline","Contractor Appointment-West","0.0000","(555)555-0366","person0366@example.com","","Finance","","","Dana Whitfield","3/1/2026","3/31/2026","All","8/7/2026 3:00:10 PM","True"
"413196","SAR","SAR","Surname0367, Given0367","City0008","03/22/26","14675","57259","35115","Win","","","","Paid In Full","Google Organic","0.0000","(555)555-0367","person0367@example.com","05/11/2026 - Xxxxxx, Xxxxxxx - XXX Xxxxxxxx xxxxxxxx xxx xxxxxxxx xx XX.","Cash","","","Dana Whitfield","3/1/2026","3/31/2026","All","8/7/2026 3:00:10 PM","True"
"413774","SAR","SAR","Surname0368, Given0368","City0047","03/22/26","22320","57260","35116","Win","","","","Paid In Full","Modernize","0.0000","(555)555-0368","person0368@example.com","","Service Finance","","","Dana Whitfield","3/1/2026","3/31/2026","All","8/7/2026 3:00:10 PM","True"
"243386","FTMYR","FTMYR","Surname0369, Given0369","City0040","03/23/26","7229","57261","35048","Win","","","","Credit Decline","Canvass","0.0000","(555)555-0369","person0369@example.com","","Finance","","","Dana Whitfield","3/1/2026","3/31/2026","All","8/7/2026 3:00:10 PM","True"
"397641","FTMYR","FTMYR","Surname0370, Given0370","City0000","03/23/26","30000","57262","35047","Win","","","","Cancelled","Canvass","0.0000","(555)555-0370","person0370@example.com","","Service Finance","","","Dana Whitfield","3/1/2026","3/31/2026","All","8/7/2026 3:00:10 PM","True"
"413385","ORL","ORL","Surname0371, Given0371","City0005","03/23/26","60078","57263","35067","Win","","","","Installed & Unpaid","Canvass","60077","(555)555-0371","person0371@example.com","05/07/2026 - Xxxxx, Xxxxxxxx - XXX xxxxxxxx","WaterCress","","","Dana Whitfield","3/1/2026","3/31/2026","All","8/7/2026 3:00:10 PM","True"
"412539","FTMYR","FTMYR","Surname0372, Given0372","City0014","03/23/26","13680","57264","35049","Win","","","","Paid In Full","Canvass","0.0000","(555)555-0372","person0372@example.com","","Cash","","","Dana Whitfield","3/1/2026","3/31/2026","All","8/7/2026 3:00:10 PM","True"
"322791","ORL","ORL","Surname0373, Given0373","City0042","03/23/26","5563","57265","35068","Win","","","","Paid In Full","Lead Gurus","0.0000","(555)555-0373","person0373@example.com","","Cash","","","Dana Whitfield","3/1/2026","3/31/2026","All","8/7/2026 3:00:10 PM","True"
"413299","STPET","STPET","Surname0374, Given0374","City0043","03/23/26","130590","57266","35117","Win","","","","Installed & Unpaid","Canvass","15790","(555)555-0374","person0374@example.com","04/28/2026 - Xxxxxx, Xxxxxxx - XXX Xxxxxxxx xxxxxxxx xxx xxxxxxxx xx XX","Cash","","","Dana Whitfield","3/1/2026","3/31/2026","All","8/7/2026 3:00:10 PM","True"
"414253","STPET","STPET","Surname0375, Given0375","City0007","03/23/26","8000","57267","35118","Win","","","","Paid In Full","Reecewindows.com","0.0000","(555)555-0375","person0375@example.com","","Cash","","","Dana Whitfield","3/1/2026","3/31/2026","All","8/7/2026 3:00:10 PM","True"
"337552","FTMYR","FTMYR","Surname0376, Given0376","City0126","03/23/26","11469","57268","35059","Win","","","","Paid In Full","Previous Customer","0.0000","(555)555-0376","person0376@example.com","","Service Finance","","","Dana Whitfield","3/1/2026","3/31/2026","All","8/7/2026 3:00:10 PM","True"
"413252","JAX","JAX","Surname0377, Given0377","City0022","03/23/26","5887","57269","35092","Win","","","","Credit Decline","Contractor Appointment-West","0.0000","(555)555-0377","person0377@example.com","","Finance","","","Dana Whitfield","3/1/2026","3/31/2026","All","8/7/2026 3:00:10 PM","True"
"414246","ORL","ORL","Surname0378, Given0378","City0119","03/23/26","18000","57270","35064","Win","","","","Paid In Full","MVP Marketing","0.0000","(555)555-0378","person0378@example.com","","Cash","","","Dana Whitfield","3/1/2026","3/31/2026","All","8/7/2026 3:00:10 PM","True"
"258949","LAKE","LAKE","Surname0379, Given0379","City0127","03/23/26","17077","57271","35065","Win","","","","Paid In Full","Lead Gurus","0.0000","(555)555-0379","person0379@example.com","03/29/2026 - Xxxxx, Xxxxxxxx - XXX xxxxxxxx","Arlington","","","Dana Whitfield","3/1/2026","3/31/2026","All","8/7/2026 3:00:10 PM","True"
"81284","FTMYR","FTMYR","Surname0380, Given0380","City0016","03/23/26","34776","57272","35057","SGD","","","","Cancelled","Previous Customer","0.0000","(555)555-0380","person0380@example.com","","WaterCress","","","Dana Whitfield","3/1/2026","3/31/2026","All","8/7/2026 3:00:10 PM","True"
"413866","STPET","STPET","Surname0381, Given0381","City0043","03/23/26","28333","57273","35112","SGD","","","","PIF Survey Ready","Modernize","0.0000","(555)555-0381","person0381@example.com","04/14/2026 - Xxxxxx, Xxxxxxx - XXX Xxxxxxxx xxxxxxxx xxx xxxxxxxx xx XX","Cash","","","Dana Whitfield","3/1/2026","3/31/2026","All","8/7/2026 3:00:10 PM","True"
"413531","JAX","JAX","Surname0382, Given0382","City0128","03/23/26","24285","57274","35072","Win","","","","Cancelled","Modernize","0.0000","(555)555-0382","person0382@example.com","","Finance","","","Dana Whitfield","3/1/2026","3/31/2026","All","8/7/2026 3:00:10 PM","True"
"413357","ORL","ORL","Surname0383, Given0383","City0129","03/23/26","14597","57275","35069","Win","","","","Paid In Full","Modernize","0.0000","(555)555-0383","person0383@example.com","05/11/2026 - Xxxxx, Xxxxxxxx - XXX xxxxxxxx","WaterCress","","","Dana Whitfield","3/1/2026","3/31/2026","All","8/7/2026 3:00:10 PM","True"
"412079","ORL","ORL","Surname0384, Given0384","City0060","03/23/26","26832","57276","35066","Win","","","","Cancelled","Google PPC Windows","0.0000","(555)555-0384","person0384@example.com","03/24/2026 - Xxxxxx, Xxxxxxx - Xxxxxxxxx'x Xxxxxxxxxxx XXX Xxxxxxxx
XXX Xxxx Xxxxxxxxx XXX
Xxxxxxx Xxxxxx Xxxxx
XXX Xxxxxxx 2300 Xxxxxxxx Xxxxxx Xxxxxxx
XXX Xxxxx 407-653-8131
XXX Xxxxx Xxxxx.xxxxxx@xxxxxxxxxxxxx.xxx","WaterCress","","","Dana Whitfield","3/1/2026","3/31/2026","All","8/7/2026 3:00:10 PM","True"
"412145","ORL","ORL","Surname0385, Given0385","City0130","03/23/26","13500","57277","35071","Win","","","","Dead Deal","Lead Gurus","-1","(555)555-0385","person0385@example.com","04/27/2026 - Xxxxx, Xxxxxxxx - Xxxxxxxxx XX xxx xxxxxxxx xxxx xxx XXX, xxx xxxxxxxx xxx xxxxxxxxxx xxxx.","Arlington","","","Dana Whitfield","3/1/2026","3/31/2026","All","8/7/2026 3:00:10 PM","True"
"413773","FTMYR","FTMYR","Surname0386, Given0386","City0000","03/23/26","3335","57371","35195","Win","","","","Paid In Full","Canvass","0.0000","(555)555-0386","person0386@example.com","","WaterCress","","","Dana Whitfield","3/1/2026","3/31/2026","All","8/7/2026 3:00:10 PM","True"
"414316","FTMYR","FTMYR","Surname0387, Given0387","City0014","03/24/26","10445","57278","35070","Win","","","","Paid In Full","Canvass","0.0000","(555)555-0387","person0387@example.com","04/01/2026 - Xxxxx, Xxxxxxx - XXX xxxxxxxx xxxxxxxx","Service Finance","","","Dana Whitfield","3/1/2026","3/31/2026","All","8/7/2026 3:00:10 PM","True"
"380282","ORL","ORL","Surname0388, Given0388","City0028","03/24/26","22915","57279","35096","Win","","","","Credit Decline","Canvass","0.0000","(555)555-0388","person0388@example.com","","Finance","","","Dana Whitfield","3/1/2026","3/31/2026","All","8/7/2026 3:00:10 PM","True"
"414530","SAR","SAR","Surname0389, Given0389","City0008","03/24/26","21554","57281","35119","Win","","","","Cancelled","Canvass","0.0000","(555)555-0389","person0389@example.com","","Cash","","","Dana Whitfield","3/1/2026","3/31/2026","All","8/7/2026 3:00:10 PM","True"
"412695","FTMYR","FTMYR","Surname0390, Given0390","City0000","03/24/26","21870","57282","35074","Win","","","","Paid In Full","Canvass","0.0000","(555)555-0390","person0390@example.com","","Cash","","","Dana Whitfield","3/1/2026","3/31/2026","All","8/7/2026 3:00:10 PM","True"
"407320","ORL","ORL","Surname0391, Given0391","City0060","03/24/26","10872","57284","35094","Win","","","","Paid In Full","Lead Gurus","0.0000","(555)555-0391","person0391@example.com","","WaterCress","","","Dana Whitfield","3/1/2026","3/31/2026","All","8/7/2026 3:00:10 PM","True"
"414641","STPET","STPET","Surname0392, Given0392","City0053","03/24/26","86941","57285","35121","Win","","","","Paid In Full","Google PPC Windows","0.0000","(555)555-0392","person0392@example.com","04/14/2026 - Xxxxxx, Xxxxxxx - XXX Xxxxxxxx xxxxxxxx xxx xxxxxxxx xx XX","Cash","","","Dana Whitfield","3/1/2026","3/31/2026","All","8/7/2026 3:00:10 PM","True"
"414356","SAR","SAR","Surname0393, Given0393","City0027","03/24/26","33046","57286","35104","Win","","","","PIF Survey Ready","Lead Gurus","0.0000","(555)555-0393","person0393@example.com","03/25/2026 - Xxxxxx, Xxxxxxx - XXX Xxxxxxxx xxxxxxxx xxx xxxxxxxx xx XX
**XX XXXX XXX-Xxxxxxx xxxxxxxxx xxx 03/27/26**","Service Finance","","","Dana Whitfield","3/1/2026","3/31/2026","All","8/7/2026 3:00:10 PM","True"
"404974","STPET","STPET","Surname0394, Given0394","City0131","03/24/26","33980","57287","35111","Win","","","","Cancelled","Lead Gurus","-100","(555)555-0394","person0394@example.com","","Cash","","","Dana Whitfield","3/1/2026","3/31/2026","All","8/7/2026 3:00:10 PM","True"
"414476","ORL","ORL","Surname0395, Given0395","City0132","03/24/26","13500","57288","35097","Win","","","","Credit Decline","Canvass","0.0000","(555)555-0395","person0395@example.com","","Finance","","","Dana Whitfield","3/1/2026","3/31/2026","All","8/7/2026 3:00:10 PM","True"
"297069","FTMYR","FTMYR","Surname0396, Given0396","City0026","03/24/26","25577","57289","35100","Door","","","","Started","Previous Customer","12788","(555)555-0396","person0396@example.com","","Cash","","","Dana Whitfield","3/1/2026","3/31/2026","All","8/7/2026 3:00:10 PM","True"
"414761","STPET","STPET","Surname0397, Given0397","City0078","03/24/26","14890","57290","35122","SGD","","","","Paid In Full","Google PPC Windows","0.0000","(555)555-0397","person0397@example.com","","Cash","","","Dana Whitfield","3/1/2026","3/31/2026","All","8/7/2026 3:00:10 PM","True"
"330708","FTMYR","FTMYR","Surname0398, Given0398","City0014","03/24/26","9826","57291","35098","Win","","","","Paid In Full","Previous Customer","0.0000","(555)555-0398","person0398@example.com","04/20/2026 - Xxxxx, Xxxxxxx - Xxxx xxx xxx xx XXX xxx xx xxxx XX XXX xx xxxxxxxx, xxxxxx xx xxxx xxx XXX xxxxxx, XXX xxxx xxxx xx XxxxxxxX@xxx-xxx.xxx","Credit Card","","","Dana Whitfield","3/1/2026","3/31/2026","All","8/7/2026 3:00:10 PM","True"
"414479","FTLAU","FTLAU","Surname0399, Given0399","City0030","03/24/26","36500","57292","35093","Win","","","","Cancelled","Install","0.0000","(555)555-0399","person0399@example.com","","Service Finance","","","Dana Whitfield","3/1/2026","3/31/2026","All","8/7/2026 3:00:10 PM","True"
"400047","STPET","STPET","Surname0400, Given0400","City0122","03/24/26","15000","57293","35095","Win","","","","Cancelled","Canvass","0.0000","(555)555-0400","person0400@example.com","","Finance","","","Dana Whitfield","3/1/2026","3/31/2026","All","8/7/2026 3:00:10 PM","True"
"371163","STPET","STPET","Surname0401, Given0401","City0043","03/24/26","19400","57294","35123","Win","","","","Paid In Full","Lead Gurus","0.0000","(555)555-0401","person0401@example.com","","WaterCress","","","Dana Whitfield","3/1/2026","3/31/2026","All","8/7/2026 3:00:10 PM","True"
"361240","STPET","STPET","Surname0402, Given0402","City0043","03/24/26","34896","57295","35120","Win","","","","Paid In Full","Reece ChatBot","0.0000","(555)555-0402","person0402@example.com","","Medallion Bank","","","Dana Whitfield","3/1/2026","3/31/2026","All","8/7/2026 3:00:10 PM","True"
"414906","STPET","STPET","Surname0403, Given0403","City0033","03/24/26","28974","57296","35124","Win","","","","Paid In Full","Canvass","0.0000","(555)555-0403","person0403@example.com","","Cash","","","Dana Whitfield","3/1/2026","3/31/2026","All","8/7/2026 3:00:10 PM","True"
"414418","FTMYR","FTMYR","Surname0404, Given0404","City0016","03/25/26","42750","57297","35109","Win","","","","Paid In Full","Canvass","0.0000","(555)555-0404","person0404@example.com","","Medallion Bank","","","Dana Whitfield","3/1/2026","3/31/2026","All","8/7/2026 3:00:10 PM","True"
"223531","SAR","SAR","Surname0405, Given0405","City0027","03/25/26","9800","57298","35125","Win","","","","Paid In Full","Previous Customer","0.0000","(555)555-0405","person0405@example.com","","Medallion Bank","","","Dana Whitfield","3/1/2026","3/31/2026","All","8/7/2026 3:00:10 PM","True"
"413711","STPET","STPET","Surname0406, Given0406","City0133","03/25/26","17544","57299","NEW","Win","","","","Dead Deal","Canvass","0.0000","(555)555-0406","person0406@example.com","","Finance","","","Dana Whitfield","3/1/2026","3/31/2026","All","8/7/2026 3:00:10 PM","True"
"414738","FTMYR","FTMYR","Surname0407, Given0407","City0000","03/25/26","17000","57300","35106","Win","","","","Paid In Full","Customer Referral","0.0000","(555)555-0407","person0407@example.com","04/20/2026 - Xxxxx, Xxxxxxx - XXX xxxxxxxx xxxxxxxx","Service Finance","","","Dana Whitfield","3/1/2026","3/31/2026","All","8/7/2026 3:00:10 PM","True"
"414279","SAR","SAR","Surname0408, Given0408","City0027","03/25/26","17436","57301","35126","Win","","","","Paid In Full","Canvass","0.0000","(555)555-0408","person0408@example.com","","Service Finance","","","Dana Whitfield","3/1/2026","3/31/2026","All","8/7/2026 3:00:10 PM","True"
"327859","ORL","ORL","Surname0409, Given0409","City0057","03/25/26","6430","57302","35105","Win","","","","Paid In Full","Previous Customer","0.0000","(555)555-0409","person0409@example.com","03/30/2026 - Xxxxx, Xxxxxxxx - XXX xxxxxxxx","Cash","","","Dana Whitfield","3/1/2026","3/31/2026","All","8/7/2026 3:00:10 PM","True"
"414861","BOCA","FTMYR","Surname0410, Given0410","City0134","03/25/26","23707","57304","35110","Win","","","","Cancelled","Google PPC Windows","-1","(555)555-0410","","","WaterCress","","","Dana Whitfield","3/1/2026","3/31/2026","All","8/7/2026 3:00:10 PM","True"
"414697","FTMYR","FTMYR","Surname0411, Given0411","City0000","03/25/26","14589","57305","35103","Win","","","","Paid In Full","Customer Referral","0.0000","(555)555-0411","person0411@example.com","","Service Finance","","","Dana Whitfield","3/1/2026","3/31/2026","All","8/7/2026 3:00:10 PM","True"
"414035","","ORL","Surname0412, Given0412","City0135","03/25/26","21000","57306","35146","Win","","","","Paid In Full","Lead Gurus","0.0000","(555)555-0412","person0412@example.com","","Service Finance","","","Dana Whitfield","3/1/2026","3/31/2026","All","8/7/2026 3:00:10 PM","True"
"414397","SAR","SAR","Surname0413, Given0413","City0136","03/25/26","105000","57307","35127","Win","","","","Paid In Full","Modernize","0.0000","(555)555-0413","person0413@example.com","","Service Finance","","","Dana Whitfield","3/1/2026","3/31/2026","All","8/7/2026 3:00:10 PM","True"
"415202","STPET","STPET","Surname0414, Given0414","City0043","03/25/26","17900","57308","35152","Door","","","","Paid In Full","Lead Gurus","0.0000","(555)555-0414","person0414@example.com","","Medallion Bank","","","Dana Whitfield","3/1/2026","3/31/2026","All","8/7/2026 3:00:10 PM","True"
"413221","ORL","ORL","Surname0415, Given0415","City0137","03/25/26","32436","57309","35108","Win","","","","Cancelled","Lead Gurus","0.0000","(555)555-0415","person0415@example.com","03/26/2026 - Xxxxxx, Xxxxxxx - Xxxxxxxxx'x Xxxxxxxxxxx XXX Xxxxxxxx
XXX Xxxx Xxxx xxx Xxxxxxxxxx
Xxxxxxx Xxxxxx Xxxxxxx
XXX Xxxxxxx 766 X Xxx Xxxxx, xxxx Xxxx
XXX Xxxxx 407-233-3560
XXX Xxxxx Xxxxxxxxxxx@xxxxxxxx.xxx
","Service Finance","","","Dana Whitfield","3/1/2026","3/31/2026","All","8/7/2026 3:00:10 PM","True"
"414436","STPET","STPET","Surname0416, Given0416","City0064","03/25/26","8891","57310","35151","Win","","","","Paid In Full","Canvass","0.0000","(555)555-0416","person0416@example.com","","WaterCress","","","Dana Whitfield","3/1/2026","3/31/2026","All","8/7/2026 3:00:10 PM","True"
"387933","FTMYR","FTMYR","Surname0417, Given0417","City0094","03/25/26","28642","57311","35107","Win","","","","Paid In Full","Modernize","0.0000","(555)555-0417","person0417@example.com","","Cash","","","Dana Whitfield","3/1/2026","3/31/2026","All","8/7/2026 3:00:10 PM","True"
"415304","STPET","STPET","Surname0418, Given0418","City0015","03/26/26","9400","57312","35153","Win","","","","Paid In Full","Canvass Sticky","0.0000","(555)555-0418","person0418@example.com","03/27/2026 - Xxxxxx, Xxxxxxx - XXX Xxxxxxxx xxxxxxxx xxx xxxxxxxx xx XX 
**XX XXXX XXX-Xxxxxxx xxx xxxxxxxxx xxx**","Credit Card","","","Dana Whitfield","3/1/2026","3/31/2026","All","8/7/2026 3:00:10 PM","True"
"415451","STPET","STPET","Surname0419, Given0419","City0138","03/26/26","21000","57313","35154","Win","","","","Paid In Full","Canvass","0.0000","(555)555-0419","person0419@example.com","","Medallion Bank","","","Dana Whitfield","3/1/2026","3/31/2026","All","8/7/2026 3:00:10 PM","True"
"414543","STPET","STPET","Surname0420, Given0420","City0139","03/26/26","35119","57314","35156","Win","","","","Paid In Full","Modernize","0.0000","(555)555-0420","person0420@example.com","","Pure Finance","","","Dana Whitfield","3/1/2026","3/31/2026","All","8/7/2026 3:00:10 PM","True"
"165582","STPET","STPET","Surname0421, Given0421","City0043","03/26/26","17500","57315","35158","Win","","","","Paid In Full","Canvass","0.0000","(555)555-0421","person0421@example.com","04/23/2026 - Xxxxxx, Xxxxxxx - XXX Xxxxxxxx xxxxxxxx xxx xxxxxxxx xx XX.","Cash","","","Dana Whitfield","3/1/2026","3/31/2026","All","8/7/2026 3:00:10 PM","True"
"415609","SAR","SAR","Surname0422, Given0422","City0008","03/26/26","24350","57316","35178","","","","","Paid In Full","Customer Referral","0.0000","(555)555-0422","person0422@example.com","","Service Finance","","","Dana Whitfield","3/1/2026","3/31/2026","All","8/7/2026 3:00:10 PM","True"
"388260","ORL","ORL","Surname0423, Given0423","City0017","03/26/26","10500","57317","35159","Door","","","","Cancelled","Google PPC Windows","-5750","(555)555-0423","person0423@example.com","","Cash","","","Dana Whitfield","3/1/2026","3/31/2026","All","8/7/2026 3:00:10 PM","True"
"415562","ORL","ORL","Surname0424, Given0424","City0140","03/26/26","20423","57318","35161","Win","","","","Paid In Full","TheHomeMag","0.0000","(555)555-0424","person0424@example.com","04/23/2026 - Xxxxx, Xxxxxxxx - XXX xxxxxxxx","Cash","","","Dana Whitfield","3/1/2026","3/31/2026","All","8/7/2026 3:00:10 PM","True"
"415303","STPET","STPET","Surname0425, Given0425","City0078","03/26/26","37026","57319","35179","Win","","","","Paid In Full","MyHomePros","0.0000","(555)555-0425","person0425@example.com","04/29/2026 - Xxxxxx, Xxxxxxx - XXX Xxxxxxxx xxxxxxxx xxx xxxxxxxx xx XX.
***Xxxx xxxxxxxxx xxxx Xxxxxxxxxx xxxxx xxx xxxxxxxxx xx xxx xxxxxx xx xxxxx xxxxxxx xx xxxxxxxxx***","Cash","","","Dana Whitfield","3/1/2026","3/31/2026","All","8/7/2026 3:00:10 PM","True"
"5683","STPET","STPET","Surname0426, Given0426","City0045","03/26/26","6500","57320","35163","SGD","","","","Paid In Full","Canvass","0.0000","(555)555-0426","person0426@example.com","","Cash","","","Dana Whitfield","3/1/2026","3/31/2026","All","8/7/2026 3:00:10 PM","True"
"254541","FTMYR","FTMYR","Surname0427, Given0427","City0014","03/26/26","8650","57321","35130","Win","","","","Credit Decline","Modernize","-200","(555)555-0427","person0427@example.com","04/03/2026 - Xxxxx, Xxxxxxx - XXX xxxx xxxxxxxx, xxxxxx XX xx xxx xxxxxxxxx, xx xxxxxx xxxx XX xx xxxx xxxxx#x","Cash","","","Dana Whitfield","3/1/2026","3/31/2026","All","8/7/2026 3:00:10 PM","True"
"255635","STPET","STPET","Surname0428, Given0428","City0078","03/26/26","10975","57322","35192","Win","","","","Paid In Full","Modernize","0.0000","(555)555-0428","person0428@example.com","","Cash","","","Dana Whitfield","3/1/2026","3/31/2026","All","8/7/2026 3:00:10 PM","True"
"415366","FTMYR","FTMYR","Surname0429, Given0429","City0000","03/26/26","13000","57323","NEW","Win","","","","Cancelled","Canvass","0.0000","(555)555-0429","","","Service Finance","","","Dana Whitfield","3/1/2026","3/31/2026","All","8/7/2026 3:00:10 PM","True"
"414673","ORL","ORL","Surname0430, Given0430","City0001","03/26/26","11640","57324","35160","Win","","","","Credit Decline","Lead Gurus","0.0000","(555)555-0430","person0430@example.com","03/30/2026 - Xxxxx, Xxxxxxxx - Xxxxxxxxx'x Xxxxxxxxxxx XXX Xxxxxxxx
XXX Xxxx Xxxxx Xxxxx Xxxxxxx XXX
Xxxxxxx Xxxxxx Xxx
XXX Xxxxxxx 6972 Xxxx Xxxxxx Xxxx
XXX Xxxxx 407-781-1188
XXX Xxxxx Xxx","Finance","","","Dana Whitfield","3/1/2026","3/31/2026","All","8/7/2026 3:00:10 PM","True"
"415376","ORL","ORL","Surname0431, Given0431","City0060","03/26/26","15492","57325","35164","Win","","","","Cancelled","Lead Gurus","-1","(555)555-0431","person0431@example.com","","Service Finance","","","Dana Whitfield","3/1/2026","3/31/2026","All","8/7/2026 3:00:10 PM","True"
"415620","ORL","ORL","Surname0432, Given0432","City0003","03/26/26","14428","57326","35162","Win","","","","Paid In Full","MyHomePros","0.0000","(555)555-0432","person0432@example.com","06/10/2026 - Xxxxx, Xxxxxxxx - XXX xxxxxxxx","Service Finance","","","Dana Whitfield","3/1/2026","3/31/2026","All","8/7/2026 3:00:10 PM","True"
"412216","SAR","SAR","Surname0433, Given0433","City0035","03/26/26","29110","57327","35191","Win","","","","Cancelled","Canvass","-1","(555)555-0433","person0433@example.com","","Service Finance","","","Dana Whitfield","3/1/2026","3/31/2026","All","8/7/2026 3:00:10 PM","True"
"414990","JAX","JAX","Surname0434, Given0434","City0022","03/26/26","3026","57328","35137","","","","","Paid In Full","Lead Gurus","0.0000","(555)555-0434","person0434@example.com","06/09/2026 - Xxxxxx, Xxxxxxx - XXX xxx XX xxx xx xxxxxx xx xxx xxxxxx/xxxxxxxx. X xxxx xxxx 4xx xxxxxx-xx xxxxx. Xxxxxx xx Xxxx (XXX xxxxxx) xxx xxx xx xxxxx xx xxxx xx xxx xx xxx XX xxxxxxx xxx xxx 904 xxxx xxxx.","Credit Card","","","Dana Whitfield","3/1/2026","3/31/2026","All","8/7/2026 3:00:10 PM","True"
"415361","BOCA","BOCA","Surname0435, Given0435","City0141","03/26/26","11896","57330","35128","SGD","","","","Credit Decline","Canvass","0.0000","(555)555-0435","person0435@example.com","","Finance","","","Dana Whitfield","3/1/2026","3/31/2026","All","8/7/2026 3:00:10 PM","True"
"415338","MIAMI","MIAMI","Surname0436, Given0436","City0009","03/26/26","33116","57409","35193","Win","","","","Paid In Full","Lead Gurus","0.0000","(555)555-0436","person0436@example.com","","Medallion Bank","","","Dana Whitfield","3/1/2026","3/31/2026","All","8/7/2026 3:00:10 PM","True"
"414820","ORL","ORL","Surname0437, Given0437","City0042","03/27/26","8620","57331","35185","Win","","","","Credit Decline","Modernize","0.0000","(555)555-0437","person0437@example.com","","Finance","","","Dana Whitfield","3/1/2026","3/31/2026","All","8/7/2026 3:00:10 PM","True"
"414501","ORL","ORL","Surname0438, Given0438","City0001","03/27/26","18062","57332","35187","Win","","","","Paid In Full","BlueFireLeads","0.0000","(555)555-0438","person0438@example.com","05/11/2026 - Xxxxx, Xxxxxxxx - XXX xxxxxxxx","WaterCress","","","Dana Whitfield","3/1/2026","3/31/2026","All","8/7/2026 3:00:10 PM","True"
"415631","FTMYR","FTMYR","Surname0439, Given0439","City0067","03/27/26","20000","57333","35132","Win","","","","Paid In Full","Canvass","0.0000","(555)555-0439","person0439@example.com","04/01/2026 - Xxxxx, Xxxxxxx - XXX xxxxxxxx xxxxxxxx","Cash","","","Dana Whitfield","3/1/2026","3/31/2026","All","8/7/2026 3:00:10 PM","True"
"414605","FTMYR","FTMYR","Surname0440, Given0440","City0000","03/27/26","32600","57335","35129","Win","","","","Cancelled","Lead Gurus","0.0000","(555)555-0440","person0440@example.com","","Medallion Bank","","","Dana Whitfield","3/1/2026","3/31/2026","All","8/7/2026 3:00:10 PM","True"
"293369","STPET","STPET","Surname0441, Given0441","City0078","03/27/26","21245","57336","35201","Win","","","","Cancelled","Lead Gurus","0.0000","(555)555-0441","person0441@example.com","","Pinnacle Finance","","","Dana Whitfield","3/1/2026","3/31/2026","All","8/7/2026 3:00:10 PM","True"
"415528","FTMYR","FTMYR","Surname0442, Given0442","City0016","03/27/26","61000","57337","35145","Win","","","","Cancelled","Canvass","0.0000","(555)555-0442","person0442@example.com","","Service Finance","","","Dana Whitfield","3/1/2026","3/31/2026","All","8/7/2026 3:00:10 PM","True"
"389250","STPET","STPET","Surname0443, Given0443","City0142","03/27/26","72898","57338","35198","","","","","Paid In Full","Previous Customer","0.0000","(555)555-0443","person0443@example.com","","Cash","","","Dana Whitfield","3/1/2026","3/31/2026","All","8/7/2026 3:00:10 PM","True"
"405772","ORL","ORL","Surname0444, Given0444","City0046","03/27/26","7359","57339","35165","Win","","","","Credit Decline","Canvass","0.0000","(555)555-0444","person0444@example.com","","Finance","","","Dana Whitfield","3/1/2026","3/31/2026","All","8/7/2026 3:00:10 PM","True"
"415630","ORL","ORL","Surname0445, Given0445","City0046","03/27/26","17448","57340","35166","Win","","","","Paid In Full","Canvass","0.0000","(555)555-0445","person0445@example.com","","WaterCress","","","Dana Whitfield","3/1/2026","3/31/2026","All","8/7/2026 3:00:10 PM","True"
"415960","LAKE","LAKE","Surname0446, Given0446","City0011","03/27/26","24660","57341","35186","Win","","","","Credit Decline","Lead Gurus","0.0000","(555)555-0446","person0446@example.com","","Finance","","","Dana Whitfield","3/1/2026","3/31/2026","All","8/7/2026 3:00:10 PM","True"
"415598","FTMYR","FTMYR","Surname0447, Given0447","City0082","03/27/26","38000","57342","35147","Win","","","","Paid In Full","Canvass","0.0000","(555)555-0447","person0447@example.com","","Service Finance","","","Dana Whitfield","3/1/2026","3/31/2026","All","8/7/2026 3:00:10 PM","True"
"117838","FTMYR","FTMYR","Surname0448, Given0448","City0014","03/27/26","27067","57343","35134","Win","","","","Paid In Full","Lead Gurus","0.0000","(555)555-0448","person0448@example.com","04/09/2026 - Xxxxx, Xxxxxxx - XXX xxxxxxxx xxxxxxxx","Service Finance","","","Dana Whitfield","3/1/2026","3/31/2026","All","8/7/2026 3:00:10 PM","True"
"415657","FTMYR","FTMYR","Surname0449, Given0449","City0026","03/27/26","18000","57344","35144","Win","","","","Paid In Full","Canvass","0.0000","(555)555-0449","person0449@example.com","04/08/2026 - Xxxxx, Xxxxxxx - XXX xxxxxxxx xxxxx xxxxxxxx","WaterCress","","","Dana Whitfield","3/1/2026","3/31/2026","All","8/7/2026 3:00:10 PM","True"
"385093","FTMYR","FTMYR","Surname0450, Given0450","City0094","03/27/26","5000","57345","35131","Win","","","","Credit Decline","Canvass","0.0000","(555)555-0450","person0450@example.com","","Finance","","","Dana Whitfield","3/1/2026","3/31/2026","All","8/7/2026 3:00:10 PM","True"
"413277","STPET","STPET","Surname0451, Given0451","City0133","03/27/26","11040","57346","35202","Win","","","","Paid In Full","Canvass","0.0000","(555)555-0451","person0451@example.com","04/17/2026 - Xxxxxx, Xxxxxxx - XXX Xxxxxxxx xxxxxxxx xxx xxxxxxxx xx XX
","Medallion Bank","","","Dana Whitfield","3/1/2026","3/31/2026","All","8/7/2026 3:00:10 PM","True"
"276978","FTMYR","FTMYR","Surname0452, Given0452","City0094","03/27/26","26000","57347","35136","","","","","Credit Decline","Previous Customer","0.0000","(555)555-0452","person0452@example.com","","Finance","","","Dana Whitfield","3/1/2026","3/31/2026","All","8/7/2026 3:00:10 PM","True"
"415663","FTMYR","FTMYR","Surname0453, Given0453","City0026","03/27/26","14500","57348","35133","Win","","","","Paid In Full","Canvass","0.0000","(555)555-0453","person0453@example.com","","Cash","","","Dana Whitfield","3/1/2026","3/31/2026","All","8/7/2026 3:00:10 PM","True"
"411646","LAKE","LAKE","Surname0454, Given0454","City0011","03/27/26","14500","57349","35167","Win","","","","Paid In Full","Canvass","0.0000","(555)555-0454","person0454@example.com","","Service Finance","","","Dana Whitfield","3/1/2026","3/31/2026","All","8/7/2026 3:00:10 PM","True"
"415760","STPET","STPET","Surname0455, Given0455","City0053","03/27/26","30421","57350","35199","Win","","","","Paid In Full","Lead Gurus","0.0000","(555)555-0455","person0455@example.com","","WaterCress","","","Dana Whitfield","3/1/2026","3/31/2026","All","8/7/2026 3:00:10 PM","True"
"415349","FTMYR","FTMYR","Surname0456, Given0456","City0026","03/27/26","39212","57351","35135","Win","","","","Cancelled","Canvass","0.0000","(555)555-0456","person0456@example.com","","Medallion Bank","","","Dana Whitfield","3/1/2026","3/31/2026","All","8/7/2026 3:00:10 PM","True"
"414956","BOCA","BOCA","Surname0457, Given0457","City0141","03/27/26","68868","57352","35140","Win","","","","Credit Decline","Canvass","0.0000","(555)555-0457","person0457@example.com","","Finance","","","Dana Whitfield","3/1/2026","3/31/2026","All","8/7/2026 3:00:10 PM","True"
"411812","ORL","ORL","Surname0458, Given0458","City0129","03/28/26","16092","57353","35189","Win","","","","Paid In Full","Modernize","0.0000","(555)555-0458","person0458@example.com","","Service Finance","","","Dana Whitfield","3/1/2026","3/31/2026","All","8/7/2026 3:00:10 PM","True"
"415718","BOCA","BOCA","Surname0459, Given0459","City0013","03/28/26","8131","57354","35142","Door","","","","Paid In Full","Canvass","0.0000","(555)555-0459","person0459@example.com","","WaterCress","","","Dana Whitfield","3/1/2026","3/31/2026","All","8/7/2026 3:00:10 PM","True"
"197551","FTMYR","FTMYR","Surname0460, Given0460","City0000","03/28/26","13083","57355","35148","Win","","","","Cancelled","Canvass","0.0000","(555)555-0460","person0460@example.com","","Pinnacle Finance","","","Dana Whitfield","3/1/2026","3/31/2026","All","8/7/2026 3:00:10 PM","True"
"414142","STPET","STPET","Surname0461, Given0461","City0068","03/28/26","19500","57356","35157","Win","","","","Cancelled","Lead Gurus","0.0000","(555)555-0461","person0461@example.com","","Finance","","","Dana Whitfield","3/1/2026","3/31/2026","All","8/7/2026 3:00:10 PM","True"
"343912","STPET","STPET","Surname0462, Given0462","City0143","03/28/26","11913","57357","35203","Win","","","","Paid In Full","Previous Customer","0.0000","(555)555-0462","person0462@example.com","","Service Finance","","","Dana Whitfield","3/1/2026","3/31/2026","All","8/7/2026 3:00:10 PM","True"
"414042","JAX","JAX","Surname0463, Given0463","City0144","03/28/26","24050","57358","35139","Win","","","","Paid In Full","Modernize","0.0000","(555)555-0463","person0463@example.com","","Service Finance","","","Dana Whitfield","3/1/2026","3/31/2026","All","8/7/2026 3:00:10 PM","True"
"391129","SAR","SAR","Surname0464, Given0464","City0145","03/28/26","47507","57359","35177","Win","","","","Dead Deal","HomeBuddy","0.0000","(555)555-0464","person0464@example.com","","Cash","","","Dana Whitfield","3/1/2026","3/31/2026","All","8/7/2026 3:00:10 PM","True"
"415377","ORL","ORL","Surname0465, Given0465","City0003","03/28/26","9977","57360","35188","Win","","","","Credit Decline","Lead Gurus","0.0000","(555)555-0465","person0465@example.com","","Finance","","","Dana Whitfield","3/1/2026","3/31/2026","All","8/7/2026 3:00:10 PM","True"
"416369","FTMYR","FTMYR","Surname0466, Given0466","City0000","03/28/26","8000","57361","35150","","","","","Cancelled By Mgt","Self Generated","0.0000","(555)555-0466","person0466@example.com","","Cash","","","Dana Whitfield","3/1/2026","3/31/2026","All","8/7/2026 3:00:10 PM","True"
"415341","BOCA","BOCA","Surname0467, Given0467","City0141","03/28/26","12690","57362","35143","Win","","","","Dead Deal","Canvass Sticky","0.0000","(555)555-0467","person0467@example.com","03/30/2026 - Xxxxx, Xxxxx - Xxxxxx xxxxxxxx xxxx***XXX***
XXX xxxxxxxx
Xxxxxxx Xxx Xxxxxxxx Xxxxxx Xxxxxxxxxxx Xxx
x/x XXX xxxxxxxxxx
3500 Xxxxxxxx Xxxx, Xxxxx 309
Xxxx Xxxxx, XX 33463
561-641-8554
XXX xxxxxxxx

Xxx $25 xxxxxxxxxxx xxx, X/X xxxx xxxx xx xxxxxx xxxxxxxxx & xxx xx xxx XXX
","Finance","","","Dana Whitfield","3/1/2026","3/31/2026","All","8/7/2026 3:00:10 PM","True"
"406804","MIAMI","MIAMI","Surname0468, Given0468","City0009","03/28/26","10588","57363","35141","Win","","","","Paid In Full","Lead Gurus","0.0000","(555)555-0468","person0468@example.com","","Cash","","","Dana Whitfield","3/1/2026","3/31/2026","All","8/7/2026 3:00:10 PM","True"
"285015","STPET","STPET","Surname0469, Given0469","City0069","03/28/26","12500","57364","35204","Win","","","","Paid In Full","Previous Customer","0.0000","(555)555-0469","person0469@example.com","04/13/2026 - Xxxxxx, Xxxxxxx - XXX Xxxxxxxx xxxxxxxx xxx xxxxxxxx xx XX
**XX XXXX XXX- Xxxxxxx xxx 04/08/25**","Cash","","","Dana Whitfield","3/1/2026","3/31/2026","All","8/7/2026 3:00:10 PM","True"
"416130","JAX","JAX","Surname0470, Given0470","City0146","03/28/26","33181","57365","35138","Win","","","","Cancelled","Lead Gurus","0.0000","(555)555-0470","person0470@example.com","","Finance","","","Dana Whitfield","3/1/2026","3/31/2026","All","8/7/2026 3:00:10 PM","True"
"416114","FTMYR","FTMYR","Surname0471, Given0471","City0056","03/29/26","35560","57366","35149","Win","","","","Paid In Full","Canvass","0.0000","(555)555-0471","person0471@example.com","","YGrene","","","Dana Whitfield","3/1/2026","3/31/2026","All","8/7/2026 3:00:10 PM","True"
"416378","SAR","SAR","Surname0472, Given0472","City0008","03/29/26","26131","57367","35209","Win","","","","Paid In Full","Canvass","0.0000","(555)555-0472","person0472@example.com","04/13/2026 - Xxxxxx, Xxxxxxx - XXX Xxxxxxxx xxxxxxxx xxx xxxxxxxx xx XX
**XX XXXX XXX-Xxxxxxx xxx 04/01/26**","Credit Card","Cash","","Dana Whitfield","3/1/2026","3/31/2026","All","8/7/2026 3:00:10 PM","True"
"414834","SAR","SAR","Surname0473, Given0473","City0027","03/29/26","32054","57368","35210","SGD","","","","Paid In Full","Canvass Sticky","0.0000","(555)555-0473","person0473@example.com","04/30/2026 - Xxxxxx, Xxxxxxx - XXX Xxxxxxxx xxxxxxxx xxx xxxxxxxx xx XX","Service Finance","","","Dana Whitfield","3/1/2026","3/31/2026","All","8/7/2026 3:00:10 PM","True"
"416334","STPET","STPET","Surname0474, Given0474","City0097","03/29/26","30000","57369","35211","Win","","","","Paid In Full","MyHomePros","0.0000","(555)555-0474","person0474@example.com","","Service Finance","","","Dana Whitfield","3/1/2026","3/31/2026","All","8/7/2026 3:00:10 PM","True"
"416660","ORL","ORL","Surname0475, Given0475","City0095","03/29/26","7189","57370","35190","Win","","","","Paid In Full","Lead Gurus","0.0000","(555)555-0475","person0475@example.com","","Service Finance","","","Dana Whitfield","3/1/2026","3/31/2026","All","8/7/2026 3:00:10 PM","True"
"408197","LAKE","LAKE","Surname0476, Given0476","City0147","03/30/26","13000","57372","35221","Win","","","","Paid In Full","Lead Gurus","0.0000","(555)555-0476","person0476@example.com","05/08/2026 - Xxxxx, Xxxxxxxx - XXX xxxxxxxx xxxx xxxxxxxxxxxx xxx xx xxx xxxxx xxxx","Cash","","","Dana Whitfield","3/1/2026","3/31/2026","All","8/7/2026 3:00:10 PM","True"
"411155","BOCA","BOCA","Surname0477, Given0477","City0148","03/30/26","29900","57374","35155","Win","","","","Paid In Full","Modernize","0.0000","(555)555-0477","person0477@example.com","","YGrene","","","Dana Whitfield","3/1/2026","3/31/2026","All","8/7/2026 3:00:10 PM","True"
"414605","FTMYR","FTMYR","Surname0478, Given0478","City0000","03/30/26","30000","57375","35169","Win","","","","Paid In Full","Lead Gurus","0.0000","(555)555-0478","person0478@example.com","","YGrene","","","Dana Whitfield","3/1/2026","3/31/2026","All","8/7/2026 3:00:10 PM","True"
"415521","ORL","ORL","Surname0479, Given0479","City0149","03/30/26","21972","57376","35214","Win","","","","Paid In Full","Modernize","0.0000","(555)555-0479","person0479@example.com","","WaterCress","","","Dana Whitfield","3/1/2026","3/31/2026","All","8/7/2026 3:00:10 PM","True"
"416551","FTLAU","FTLAU","Surname0480, Given0480","City0072","03/30/26","60794","57377","35168","Win","","","","Awaiting Product","Lead Gurus","60794","(555)555-0480","person0480@example.com","06/08/2026 - Xxxxx, Xxxxx - XXX xxxxxxxx xxxxxxxx/xxxxxxxx

Xxxxxx xx Xxxxxx","WaterCress","","","Dana Whitfield","3/1/2026","3/31/2026","All","8/7/2026 3:00:10 PM","True"
"415060","FTMYR","FTMYR","Surname0481, Given0481","City0000","03/30/26","34310","57378","35171","Win","","","","Started","Lead Gurus","34309","(555)555-0481","person0481@example.com","","Medallion Bank","","","Dana Whitfield","3/1/2026","3/31/2026","All","8/7/2026 3:00:10 PM","True"
"415561","FTMYR","FTMYR","Surname0482, Given0482","City0150","03/30/26","17500","57379","35170","Win","","","","Paid In Full","Lead Gurus","0.0000","(555)555-0482","person0482@example.com","04/13/2026 - Xxxxx, Xxxxxxx - XXX xxxxxxxx xxxxxx xxxxxxxx","Service Finance","","","Dana Whitfield","3/1/2026","3/31/2026","All","8/7/2026 3:00:10 PM","True"
"416930","SAR","SAR","Surname0483, Given0483","City0027","03/30/26","5679","57380","35212","Win","","","","Paid In Full","Canvass","0.0000","(555)555-0483","person0483@example.com","","Cash","","","Dana Whitfield","3/1/2026","3/31/2026","All","8/7/2026 3:00:10 PM","True"
"414392","STPET","STPET","Surname0484, Given0484","City0151","03/30/26","9462","57381","35206","Win","","","","Credit Decline","HomeBuddy","0.0000","(555)555-0484","person0484@example.com","04/20/2026 - Xxxxxx, Xxxxxxx - Xxxxxxx XXX xxx xx xxxxxx xx xxx xxxxxxx xx xxxxx xxxxxxx 'Xxxxxxxx Xxxxxx Xxxxxxxxxxx'. Xxxx xxxxxxxxx xxxxxx xxxxxx xxxxxxx xxxx xxxx XXX xxxxxxx.","Finance","","","Dana Whitfield","3/1/2026","3/31/2026","All","8/7/2026 3:00:10 PM","True"
"415751","ORL","ORL","Surname0485, Given0485","City0028","03/30/26","56865","57382","35222","Win","","","","Paid In Full","Modernize","0.0000","(555)555-0485","person0485@example.com","","Cash","","","Dana Whitfield","3/1/2026","3/31/2026","All","8/7/2026 3:00:10 PM","True"
"416548","FTMYR","FTMYR","Surname0486, Given0486","City0014","03/30/26","26962","57383","35174","Win","","","","Paid In Full","Lead Gurus","0.0000","(555)555-0486","person0486@example.com","05/05/2026 - Xxxxx, Xxxxxxx - Xxxxxx XX, xx xxxx xx xxxx xxxx xx xxx xxxxxx xxxxx","Medallion Bank","","","Dana Whitfield","3/1/2026","3/31/2026","All","8/7/2026 3:00:10 PM","True"
"416400","SAR","SAR","Surname0487, Given0487","City0027","03/30/26","27096","57384","35215","Win","","","","Cancelled","Canvass","0.0000","(555)555-0487","person0487@example.com","","Service Finance","","","Dana Whitfield","3/1/2026","3/31/2026","All","8/7/2026 3:00:10 PM","True"
"414137","ORL","ORL","Surname0488, Given0488","City0152","03/30/26","26917","57385","35227","Win","","","","Paid In Full","Modernize","0.0000","(555)555-0488","person0488@example.com","05/14/2026 - Xxxxx, Xxxxxxxx - XXX xxxxxxxx","WaterCress","","","Dana Whitfield","3/1/2026","3/31/2026","All","8/7/2026 3:00:10 PM","True"
"416834","STPET","STPET","Surname0489, Given0489","City0153","03/30/26","7518","57386","35213","SGD","","","","Paid In Full","Customer Referral","0.0000","(555)555-0489","person0489@example.com","04/10/2026 - Xxxxxx, Xxxxxxx - XXX Xxxxxxxx ****xxxx xxx xxxxxxxxx xxxx xxx xxxx xxxx xxx xxxx x xxxx xxxxx**** xxxxxxxx xxx xxxxxxxx xx XX
**XX XXXX XXX-Xxxxxxx xxx 04/01/26**

**XXX xx xxxxx xxx xxxxxxx xxxxxx xxxxx**","Cash","","","Dana Whitfield","3/1/2026","3/31/2026","All","8/7/2026 3:00:10 PM","True"
"412768","FTMYR","FTMYR","Surname0490, Given0490","City0080","03/30/26","18935","57387","35172","Win","","","","Cancelled","Canvass","0.0000","(555)555-0490","person0490@example.com","","Cash","","","Dana Whitfield","3/1/2026","3/31/2026","All","8/7/2026 3:00:10 PM","True"
"415290","SAR","SAR","Surname0491, Given0491","City0035","03/30/26","14500","57388","35183","Win","","","","Paid In Full","Lead Gurus","0.0000","(555)555-0491","person0491@example.com","","Service Finance","","","Dana Whitfield","3/1/2026","3/31/2026","All","8/7/2026 3:00:10 PM","True"
"415301","ORL","ORL","Surname0492, Given0492","City0042","03/30/26","14289","57389","35220","Win","","","","Paid In Full","Lead Gurus","0.0000","(555)555-0492","person0492@example.com","04/23/2026 - Xxxxx, Xxxxxxxx - XXX xxxxxxxx","WaterCress","","","Dana Whitfield","3/1/2026","3/31/2026","All","8/7/2026 3:00:10 PM","True"
"225223","LAKE","LAKE","Surname0493, Given0493","City0154","03/30/26","14507","57390","35223","Win","","","","Paid In Full","Modernize","0.0000","(555)555-0493","person0493@example.com","05/01/2026 - Xxxxx, Xxxxxxxx - XXX xxxxxxxx","Cash","","","Dana Whitfield","3/1/2026","3/31/2026","All","8/7/2026 3:00:10 PM","True"
"416007","ORL","ORL","Surname0494, Given0494","City0003","03/30/26","11800","57391","35224","Win","","","","Credit Decline","Canvass","0.0000","(555)555-0494","person0494@example.com","04/01/2026 - Xxxxxx, Xxxxxxx - Xxxxxxxxx'x Xxxxxxxxxxx XXX Xxxxxxxx
XXX Xxxx XXX
Xxxxxxx Xxxxxx XXX
XXX Xxxxxxx XXX
XXX Xxxxx 123-456-7890
XXX Xxxxx Xxx","Finance","","","Dana Whitfield","3/1/2026","3/31/2026","All","8/7/2026 3:00:10 PM","True"
"411177","JAX","JAX","Surname0495, Given0495","City0146","03/30/26","14939","57392","35175","Win","","","","Cancelled","Lead Gurus","0.0000","(555)555-0495","person0495@example.com","","Medallion Bank","","","Dana Whitfield","3/1/2026","3/31/2026","All","8/7/2026 3:00:10 PM","True"
"416862","ORL","ORL","Surname0496, Given0496","City0109","03/30/26","87937","57393","35218","Win","","","","Credit Decline","Google PPC Windows","0.0000","(555)555-0496","person0496@example.com","","Finance","","","Dana Whitfield","3/1/2026","3/31/2026","All","8/7/2026 3:00:10 PM","True"
"416031","ORL","ORL","Surname0497, Given0497","City0003","03/30/26","11709","57394","35208","Win","","","","Paid In Full","Canvass","0.0000","(555)555-0497","person0497@example.com","06/29/2026 - Xxxxx, Xxxxxxxx - XXX xxxxxxxx xxxx","Service Finance","","","Dana Whitfield","3/1/2026","3/31/2026","All","8/7/2026 3:00:10 PM","True"
"415122","JAX","JAX","Surname0498, Given0498","City0022","03/30/26","24392","57395","35176","Win","","","","Cancelled","HomeBuddy","-1000","(555)555-0498","person0498@example.com","06/29/2026 - Xxxxxx, Xxxxxxx - XXX Xxxxxxxx xxxxxxxxxx xx xxxxxxxx xxxxx Xxxx xxxx xxxxx xx xxxxxx xxxxxxxx, xxxxxx xx xxx xxxxxxx. Xxxx xxxxxx xxxxx XXXX.","WaterCress","","","Dana Whitfield","3/1/2026","3/31/2026","All","8/7/2026 3:00:10 PM","True"
"374073","FTMYR","FTMYR","Surname0499, Given0499","City0155","03/30/26","8199","57423","35225","Win","","","","Paid In Full","MVP Marketing","0.0000","(555)555-0499","person0499@example.com","04/24/2026 - Xxxxx, Xxxxxxx - XXX xxxxxxxx xxxxxxxx","Cash","","","Dana Whitfield","3/1/2026","3/31/2026","All","8/7/2026 3:00:10 PM","True"
"406161","FTMYR","FTMYR","Surname0500, Given0500","City0026","03/30/26","34106","57464","35255","Win","","","","Paid In Full","Lead Gurus","0.0000","(555)555-0500","person0500@example.com","04/16/2026 - Xxxxx, Xxxxxxx - XXX xxxx xxxxxxx xxxx xx xxxxxx@xxxxx.xxx","Medallion Bank","","","Dana Whitfield","3/1/2026","3/31/2026","All","8/7/2026 3:00:10 PM","True"
"399920","ORL","ORL","Surname0501, Given0501","City0003","03/31/26","6433","57396","35231","Win","","","","Dead Deal","Modernize","0.0000","(555)555-0501","person0501@example.com","","Finance","","","Dana Whitfield","3/1/2026","3/31/2026","All","8/7/2026 3:00:10 PM","True"
"416658","FTMYR","FTMYR","Surname0502, Given0502","City0080","03/31/26","11900","57397","35180","Win","","","","Paid In Full","Fort Myers Home and Garden Show","0.0000","(555)555-0502","person0502@example.com","04/17/2026 - Xxxxx, Xxxxxxx - Xxxxxxx Xxxxx xxx xx xxxxxx","Service Finance","","","Dana Whitfield","3/1/2026","3/31/2026","All","8/7/2026 3:00:10 PM","True"
"416638","STPET","STPET","Surname0503, Given0503","City0007","03/31/26","46000","57398","35250","Win","","","","Cancelled","Lead Gurus","0.0000","(555)555-0503","person0503@example.com","","Medallion Bank","","","Dana Whitfield","3/1/2026","3/31/2026","All","8/7/2026 3:00:10 PM","True"
"417117","FTMYR","FTMYR","Surname0504, Given0504","City0026","03/31/26","9652","57399","35182","Win","","","","Product Received","Canvass","9651","(555)555-0504","person0504@example.com","04/21/2026 - Xxxxx, Xxxxxxx - XXX xxxxxxxx xxxxxxxx","Service Finance","","","Dana Whitfield","3/1/2026","3/31/2026","All","8/7/2026 3:00:10 PM","True"
"336583","STPET","STPET","Surname0505, Given0505","City0120","03/31/26","13943","57400","35259","Win","","","","Paid In Full","Previous Customer","0.0000","(555)555-0505","person0505@example.com","05/08/2026 - Xxxxxx, Xxxxxxx - XXX Xxxxxxxx xxxxxxxx xxx xxxxxxxx xx XX.","Cash","","","Dana Whitfield","3/1/2026","3/31/2026","All","8/7/2026 3:00:10 PM","True"
"389485","ORL","ORL","Surname0506, Given0506","City0095","03/31/26","23986","57401","35230","Win","","","","Cancelled","Modernize","0.0000","(555)555-0506","person0506@example.com","","YGrene","","","Dana Whitfield","3/1/2026","3/31/2026","All","8/7/2026 3:00:10 PM","True"
"417167","FTMYR","FTMYR","Surname0507, Given0507","City0000","03/31/26","34000","57402","35181","Win","","","","Installed & Unpaid","Lead Gurus","17000","(555)555-0507","person0507@example.com","","Cash","","","Dana Whitfield","3/1/2026","3/31/2026","All","8/7/2026 3:00:10 PM","True"
"417031","STPET","STPET","Surname0508, Given0508","City0079","03/31/26","41000","57403","35200","Win","","","","Paid In Full","Canvass","0.0000","(555)555-0508","person0508@example.com","04/30/2026 - Xxxxxx, Xxxxxxx - XXX Xxxxxxxx xxxxxxxx xxx xxxxxxxx xx XX.","Service Finance","","","Dana Whitfield","3/1/2026","3/31/2026","All","8/7/2026 3:00:10 PM","True"
"415684","STPET","STPET","Surname0509, Given0509","City0156","03/31/26","22480","57404","35263","Win","","","","Paid In Full","Modernize","0.0000","(555)555-0509","person0509@example.com","","Cash","","","Dana Whitfield","3/1/2026","3/31/2026","All","8/7/2026 3:00:10 PM","True"
"416964","FTMYR","FTMYR","Surname0510, Given0510","City0040","03/31/26","40000","57405","35184","Win","","","","Credit Decline","Canvass","0.0000","(555)555-0510","person0510@example.com","","Finance","","","Dana Whitfield","3/1/2026","3/31/2026","All","8/7/2026 3:00:10 PM","True"
"417006","FTMYR","FTMYR","Surname0511, Given0511","City0021","03/31/26","22146","57406","35194","Win","","","","Paid In Full","Canvass","0.0000","(555)555-0511","person0511@example.com","","Cash","","","Dana Whitfield","3/1/2026","3/31/2026","All","8/7/2026 3:00:10 PM","True"
"417208","ORL","ORL","Surname0512, Given0512","City0042","03/31/26","11042","57407","35233","Win","","","","Cancelled","Canvass Sticky","0.0000","(555)555-0512","person0512@example.com","","WaterCress","","","Dana Whitfield","3/1/2026","3/31/2026","All","8/7/2026 3:00:10 PM","True"
"417076","STPET","STPET","Surname0513, Given0513","City0122","03/31/26","24998","57408","35264","Win","","","","Paid In Full","Modernize","-1","(555)555-0513","person0513@example.com","04/30/2026 - Xxxxxx, Xxxxxxx - XXX Xxxxxxxx xxxxxxxx xx xxxxxxxx xx XX.","Cash","","","Dana Whitfield","3/1/2026","3/31/2026","All","8/7/2026 3:00:10 PM","True"
"417122","STPET","STPET","Surname0514, Given0514","City0043","03/31/26","15400","57410","35265","Win","","","","Paid In Full","Canvass","0.0000","(555)555-0514","person0514@example.com","04/06/2026 - Xxxxxx, Xxxxxxx - XXX Xxxxxxxx xxxxxxxx xxx xxxxxxxx xx XX
**XX XXXX XXX-Xxxxxxx xxx 04/02/26**","Medallion Bank","","","Dana Whitfield","3/1/2026","3/31/2026","All","8/7/2026 3:00:10 PM","True"
"415557","FTMYR","FTMYR","Surname0515, Given0515","City0067","03/31/26","15488","57411","35197","Win","","","","Paid In Full","Canvass","0.0000","(555)555-0515","person0515@example.com","04/23/2026 - Xxxxx, Xxxxxxx - XXX xxxxxxxx, xxxxxx XX xx xxxx xx xxx xxxxxx, xxx xxxx xx, xxxx xxxxxxx xxx XXX xxxxxxxx xx xxx x xxxx, xxx XXX xxxx xx xxxxxxxx xxxxx xx xx","Service Finance","","","Dana Whitfield","3/1/2026","3/31/2026","All","8/7/2026 3:00:10 PM","True"
"416535","STPET","STPET","Surname0516, Given0516","City0157","03/31/26","30000","57412","35270","SGD","","","","Paid In Full","Lead Gurus","0.0000","(555)555-0516","person0516@example.com","","WaterCress","","","Dana Whitfield","3/1/2026","3/31/2026","All","8/7/2026 3:00:10 PM","True"
"416882","ORL","ORL","Surname0517, Given0517","City0095","03/31/26","5330","57413","35234","Win","","","","Credit Decline","Modernize","0.0000","(555)555-0517","person0517@example.com","","Finance","","","Dana Whitfield","3/1/2026","3/31/2026","All","8/7/2026 3:00:10 PM","True"
"417319","ORL","ORL","Surname0518, Given0518","City0158","03/31/26","22605","57414","35232","Win","","","","Dead Deal","Canvass","0.0000","(555)555-0518","person0518@example.com","","WaterCress","","","Dana Whitfield","3/1/2026","3/31/2026","All","8/7/2026 3:00:10 PM","True"
"417237","ORL","ORL","Surname0519, Given0519","City0003","03/31/26","18459","57415","35229","Win","","","","Scheduled","Reece ChatBot","18458","(555)555-0519","person0519@example.com","05/27/2026 - Xxxxx, Xxxxxxxx - XXX xxxxxxxx","Service Finance","","","Dana Whitfield","3/1/2026","3/31/2026","All","8/7/2026 3:00:10 PM","True"
"416621","FTMYR","FTMYR","Surname0520, Given0520","City0000","03/31/26","20468","57416","35196","Win","","","","Paid In Full","Modernize","0.0000","(555)555-0520","person0520@example.com","","Medallion Bank","","","Dana Whitfield","3/1/2026","3/31/2026","All","8/7/2026 3:00:10 PM","True"
"39389","STPET","STPET","Surname0521, Given0521","City0033","03/31/26","9468","57417","35269","Win","","","","Paid In Full","Previous Customer","0.0000","(555)555-0521","person0521@example.com","","Cash","","","Dana Whitfield","3/1/2026","3/31/2026","All","8/7/2026 3:00:10 PM","True"
"416637","JAX","JAX","Surname0522, Given0522","City0022","03/31/26","15000","57418","35205","Win","","","","Paid In Full","Lead Gurus","0.0000","(555)555-0522","person0522@example.com","","Service Finance","","","Dana Whitfield","3/1/2026","3/31/2026","All","8/7/2026 3:00:10 PM","True"
"291347","BOCA","BOCA","Surname0523, Given0523","City0020","03/31/26","35040","57424","35217","Win","","","","Dead Deal","Lead Gurus","0.0000","(555)555-0523","person0523@example.com","","Finance","","","Dana Whitfield","3/1/2026","3/31/2026","All","8/7/2026 3:00:10 PM","True"
"417091","SAR","SAR","Surname0524, Given0524","City0036","03/31/26","21000","57441","35275","Win","","","","HOLD - HOA","Canvass","20999","(555)555-0524","person0524@example.com","08/04/2026 - Xxxxxx, Xxxxxxx - XXX, xxxx, xxx xxxx xxxxxx xx xxxxx xxx xx xxxxxx xx xxxxxx/xxxxxxxx. Xxxxx xx XXX xxx xx xxx xxxx xxxxxxx xx xxxx.","Service Finance","","","Dana Whitfield","3/1/2026","3/31/2026","All","8/7/2026 3:00:10 PM","True"
